2026-04-26 00:02:01 [SpringApplicationShutdownHook] INFO  o.s.boot.tomcat.GracefulShutdown - Commencing graceful shutdown. Waiting for active requests to complete
2026-04-26 00:02:01 [tomcat-shutdown] INFO  o.s.boot.tomcat.GracefulShutdown - Graceful shutdown complete
2026-04-26 00:02:03 [main] INFO  com.demo.DemoApplication - Starting DemoApplication using Java 24 with PID 7844 (C:\work-space\leetcode_150_interview_questions\demo\target\classes started by ankit in C:\work-space\leetcode_150_interview_questions\demo)
2026-04-26 00:02:03 [main] DEBUG com.demo.DemoApplication - Running with Spring Boot v4.0.5, Spring v7.0.6
2026-04-26 00:02:03 [main] INFO  com.demo.DemoApplication - No active profile set, falling back to 1 default profile: "default"
2026-04-26 00:02:03 [main] INFO  o.s.d.r.c.RepositoryConfigurationDelegate - Bootstrapping Spring Data MongoDB repositories in DEFAULT mode.
2026-04-26 00:02:03 [main] INFO  o.s.d.r.c.RepositoryConfigurationDelegate - Finished Spring Data repository scanning in 44 ms. Found 2 MongoDB repository interfaces.
2026-04-26 00:02:04 [main] INFO  o.s.boot.tomcat.TomcatWebServer - Tomcat initialized with port 9090 (http)
2026-04-26 00:02:04 [main] INFO  o.a.catalina.core.StandardService - Starting service [Tomcat]
2026-04-26 00:02:04 [main] INFO  o.a.catalina.core.StandardEngine - Starting Servlet engine: [Apache Tomcat/11.0.20]
2026-04-26 00:02:04 [main] INFO  o.s.b.w.c.s.WebApplicationContextInitializer - Root WebApplicationContext: initialization completed in 1033 ms
2026-04-26 00:02:04 [main] INFO  org.mongodb.driver.client - MongoClient with metadata {"driver": {"name": "mongo-java-driver|sync", "version": "5.6.4"}, "os": {"type": "Windows", "name": "Windows 11", "architecture": "amd64", "version": "10.0"}, "platform": "Java/Oracle Corporation/24+36-3646"} created with settings MongoClientSettings{readPreference=primary, writeConcern=WriteConcern{w=null, wTimeout=null ms, journal=null}, retryWrites=true, retryReads=true, readConcern=ReadConcern{level=null}, credential=null, transportSettings=null, commandListeners=[], codecRegistry=ProvidersCodecRegistry{codecProviders=[ValueCodecProvider{}, BsonValueCodecProvider{}, DBRefCodecProvider{}, DBObjectCodecProvider{}, DocumentCodecProvider{}, CollectionCodecProvider{}, IterableCodecProvider{}, MapCodecProvider{}, GeoJsonCodecProvider{}, GridFSFileCodecProvider{}, Jsr310CodecProvider{}, JsonObjectCodecProvider{}, BsonCodecProvider{}, com.mongodb.client.model.mql.ExpressionCodecProvider@19da993b, com.mongodb.Jep395RecordCodecProvider@3380ca3d, com.mongodb.KotlinCodecProvider@23310248, EnumCodecProvider{}]}, loggerSettings=LoggerSettings{maxDocumentLength=1000}, clusterSettings={hosts=[localhost:27017], srvServiceName=mongodb, mode=SINGLE, requiredClusterType=UNKNOWN, requiredReplicaSetName='null', serverSelector='null', clusterListeners='[]', serverSelectionTimeout='30000 ms', localThreshold='15 ms'}, socketSettings=SocketSettings{connectTimeoutMS=10000, readTimeoutMS=0, receiveBufferSize=0, proxySettings=ProxySettings{host=null, port=null, username=null, password=null}}, heartbeatSocketSettings=SocketSettings{connectTimeoutMS=10000, readTimeoutMS=10000, receiveBufferSize=0, proxySettings=ProxySettings{host=null, port=null, username=null, password=null}}, connectionPoolSettings=ConnectionPoolSettings{maxSize=100, minSize=0, maxWaitTimeMS=120000, maxConnectionLifeTimeMS=0, maxConnectionIdleTimeMS=0, maintenanceInitialDelayMS=0, maintenanceFrequencyMS=60000, connectionPoolListeners=[], maxConnecting=2}, serverSettings=ServerSettings{heartbeatFrequencyMS=10000, minHeartbeatFrequencyMS=500, serverMonitoringMode=AUTO, serverListeners='[]', serverMonitorListeners='[]'}, sslSettings=SslSettings{enabled=false, invalidHostNameAllowed=false, context=null}, applicationName='null', compressorList=[], uuidRepresentation=UNSPECIFIED, serverApi=null, autoEncryptionSettings=null, dnsClient=null, inetAddressResolver=null, contextProvider=null, timeoutMS=null}
2026-04-26 00:02:04 [cluster-ClusterId{value='69ed08a41f7266e323bed823', description='null'}-localhost:27017] INFO  org.mongodb.driver.cluster - Monitor thread successfully connected to server with description ServerDescription{address=localhost:27017, type=STANDALONE, cryptd=false, state=CONNECTED, ok=true, minWireVersion=0, maxWireVersion=27, maxDocumentSize=16777216, logicalSessionTimeoutMinutes=30, roundTripTimeNanos=16559600, minRoundTripTimeNanos=0}
2026-04-26 00:02:05 [main] INFO  o.s.boot.tomcat.TomcatWebServer - Tomcat started on port 9090 (http) with context path '/'
2026-04-26 00:02:05 [main] INFO  com.demo.DemoApplication - Started DemoApplication in 2.456 seconds (process running for 2.889)
2026-04-26 00:02:06 [http-nio-9090-exec-5] INFO  o.a.c.c.C.[Tomcat].[localhost].[/] - Initializing Spring DispatcherServlet 'dispatcherServlet'
2026-04-26 00:02:06 [http-nio-9090-exec-5] INFO  o.s.web.servlet.DispatcherServlet - Initializing Servlet 'dispatcherServlet'
2026-04-26 00:02:06 [http-nio-9090-exec-5] INFO  o.s.web.servlet.DispatcherServlet - Completed initialization in 0 ms
2026-04-26 00:02:06 [http-nio-9090-exec-5] INFO   - Resource not found exception has occurred: Resource with ID [69ecb7b1b424f784fec5f060] not found
2026-04-26 00:02:17 [http-nio-9090-exec-3] INFO   - Resource not found exception has occurred: Resource with ID [69ecb7b1b424f784fec5f060] not found
2026-04-26 00:04:36 [http-nio-9090-exec-6] INFO   - Resource not found exception has occurred: Resource with ID [69ecb7b1b424f784fec5f060] not found
2026-04-26 00:04:42 [http-nio-9090-exec-7] INFO   - Fetch all resources method start 
2026-04-26 00:04:42 [http-nio-9090-exec-7] INFO   - Fetch all resource method end here 
2026-04-26 00:12:41 [http-nio-9090-exec-1] INFO   - Resource not found exception has occurred: Resource with ID [69ecff8b77c4f55eb718f707] not found
2026-04-26 00:12:50 [http-nio-9090-exec-5] INFO   - Fetch all resources method start 
2026-04-26 00:12:50 [http-nio-9090-exec-5] INFO   - Fetch all resource method end here 
2026-04-26 00:13:03 [http-nio-9090-exec-3] INFO   - Fetch all resources method start 
2026-04-26 00:13:03 [http-nio-9090-exec-3] INFO   - Fetch all resource method end here 
2026-04-26 00:13:16 [http-nio-9090-exec-4] INFO   - Fetch all resources method start 
2026-04-26 00:13:16 [http-nio-9090-exec-4] INFO   - Fetch all resource method end here 
2026-04-26 00:18:01 [SpringApplicationShutdownHook] INFO  o.s.boot.tomcat.GracefulShutdown - Commencing graceful shutdown. Waiting for active requests to complete
2026-04-26 00:18:01 [tomcat-shutdown] INFO  o.s.boot.tomcat.GracefulShutdown - Graceful shutdown complete
2026-04-26 00:18:03 [main] INFO  com.demo.DemoApplication - Starting DemoApplication using Java 24 with PID 17060 (C:\work-space\leetcode_150_interview_questions\demo\target\classes started by ankit in C:\work-space\leetcode_150_interview_questions\demo)
2026-04-26 00:18:03 [main] DEBUG com.demo.DemoApplication - Running with Spring Boot v4.0.5, Spring v7.0.6
2026-04-26 00:18:03 [main] INFO  com.demo.DemoApplication - No active profile set, falling back to 1 default profile: "default"
2026-04-26 00:18:03 [main] INFO  o.s.d.r.c.RepositoryConfigurationDelegate - Bootstrapping Spring Data MongoDB repositories in DEFAULT mode.
2026-04-26 00:18:03 [main] INFO  o.s.d.r.c.RepositoryConfigurationDelegate - Finished Spring Data repository scanning in 55 ms. Found 2 MongoDB repository interfaces.
2026-04-26 00:18:04 [main] INFO  o.s.boot.tomcat.TomcatWebServer - Tomcat initialized with port 9090 (http)
2026-04-26 00:18:04 [main] INFO  o.a.catalina.core.StandardService - Starting service [Tomcat]
2026-04-26 00:18:04 [main] INFO  o.a.catalina.core.StandardEngine - Starting Servlet engine: [Apache Tomcat/11.0.20]
2026-04-26 00:18:04 [main] INFO  o.s.b.w.c.s.WebApplicationContextInitializer - Root WebApplicationContext: initialization completed in 1152 ms
2026-04-26 00:18:04 [main] INFO  org.mongodb.driver.client - MongoClient with metadata {"driver": {"name": "mongo-java-driver|sync", "version": "5.6.4"}, "os": {"type": "Windows", "name": "Windows 11", "architecture": "amd64", "version": "10.0"}, "platform": "Java/Oracle Corporation/24+36-3646"} created with settings MongoClientSettings{readPreference=primary, writeConcern=WriteConcern{w=null, wTimeout=null ms, journal=null}, retryWrites=true, retryReads=true, readConcern=ReadConcern{level=null}, credential=null, transportSettings=null, commandListeners=[], codecRegistry=ProvidersCodecRegistry{codecProviders=[ValueCodecProvider{}, BsonValueCodecProvider{}, DBRefCodecProvider{}, DBObjectCodecProvider{}, DocumentCodecProvider{}, CollectionCodecProvider{}, IterableCodecProvider{}, MapCodecProvider{}, GeoJsonCodecProvider{}, GridFSFileCodecProvider{}, Jsr310CodecProvider{}, JsonObjectCodecProvider{}, BsonCodecProvider{}, com.mongodb.client.model.mql.ExpressionCodecProvider@6da4feeb, com.mongodb.Jep395RecordCodecProvider@2c604965, com.mongodb.KotlinCodecProvider@57f8951a, EnumCodecProvider{}]}, loggerSettings=LoggerSettings{maxDocumentLength=1000}, clusterSettings={hosts=[localhost:27017], srvServiceName=mongodb, mode=SINGLE, requiredClusterType=UNKNOWN, requiredReplicaSetName='null', serverSelector='null', clusterListeners='[]', serverSelectionTimeout='30000 ms', localThreshold='15 ms'}, socketSettings=SocketSettings{connectTimeoutMS=10000, readTimeoutMS=0, receiveBufferSize=0, proxySettings=ProxySettings{host=null, port=null, username=null, password=null}}, heartbeatSocketSettings=SocketSettings{connectTimeoutMS=10000, readTimeoutMS=10000, receiveBufferSize=0, proxySettings=ProxySettings{host=null, port=null, username=null, password=null}}, connectionPoolSettings=ConnectionPoolSettings{maxSize=100, minSize=0, maxWaitTimeMS=120000, maxConnectionLifeTimeMS=0, maxConnectionIdleTimeMS=0, maintenanceInitialDelayMS=0, maintenanceFrequencyMS=60000, connectionPoolListeners=[], maxConnecting=2}, serverSettings=ServerSettings{heartbeatFrequencyMS=10000, minHeartbeatFrequencyMS=500, serverMonitoringMode=AUTO, serverListeners='[]', serverMonitorListeners='[]'}, sslSettings=SslSettings{enabled=false, invalidHostNameAllowed=false, context=null}, applicationName='null', compressorList=[], uuidRepresentation=UNSPECIFIED, serverApi=null, autoEncryptionSettings=null, dnsClient=null, inetAddressResolver=null, contextProvider=null, timeoutMS=null}
2026-04-26 00:18:04 [cluster-ClusterId{value='69ed0c6498c37d00a860d54c', description='null'}-localhost:27017] INFO  org.mongodb.driver.cluster - Monitor thread successfully connected to server with description ServerDescription{address=localhost:27017, type=STANDALONE, cryptd=false, state=CONNECTED, ok=true, minWireVersion=0, maxWireVersion=27, maxDocumentSize=16777216, logicalSessionTimeoutMinutes=30, roundTripTimeNanos=16791800, minRoundTripTimeNanos=0}
2026-04-26 00:18:05 [main] INFO  o.s.boot.tomcat.TomcatWebServer - Tomcat started on port 9090 (http) with context path '/'
2026-04-26 00:18:05 [main] INFO  com.demo.DemoApplication - Started DemoApplication in 2.504 seconds (process running for 2.936)
2026-04-26 00:33:16 [SpringApplicationShutdownHook] INFO  o.s.boot.tomcat.GracefulShutdown - Commencing graceful shutdown. Waiting for active requests to complete
2026-04-26 00:33:16 [tomcat-shutdown] INFO  o.s.boot.tomcat.GracefulShutdown - Graceful shutdown complete
2026-04-26 00:33:19 [main] INFO  com.demo.DemoApplication - Starting DemoApplication using Java 24 with PID 52228 (C:\work-space\leetcode_150_interview_questions\demo\target\classes started by ankit in C:\work-space\leetcode_150_interview_questions\demo)
2026-04-26 00:33:19 [main] DEBUG com.demo.DemoApplication - Running with Spring Boot v4.0.5, Spring v7.0.6
2026-04-26 00:33:19 [main] INFO  com.demo.DemoApplication - No active profile set, falling back to 1 default profile: "default"
2026-04-26 00:33:19 [main] INFO  o.s.d.r.c.RepositoryConfigurationDelegate - Bootstrapping Spring Data MongoDB repositories in DEFAULT mode.
2026-04-26 00:33:20 [main] INFO  o.s.d.r.c.RepositoryConfigurationDelegate - Finished Spring Data repository scanning in 41 ms. Found 2 MongoDB repository interfaces.
2026-04-26 00:33:20 [main] INFO  o.s.boot.tomcat.TomcatWebServer - Tomcat initialized with port 9090 (http)
2026-04-26 00:33:20 [main] INFO  o.a.catalina.core.StandardService - Starting service [Tomcat]
2026-04-26 00:33:20 [main] INFO  o.a.catalina.core.StandardEngine - Starting Servlet engine: [Apache Tomcat/11.0.20]
2026-04-26 00:33:20 [main] INFO  o.s.b.w.c.s.WebApplicationContextInitializer - Root WebApplicationContext: initialization completed in 985 ms
2026-04-26 00:33:20 [main] INFO  org.mongodb.driver.client - MongoClient with metadata {"driver": {"name": "mongo-java-driver|sync", "version": "5.6.4"}, "os": {"type": "Windows", "name": "Windows 11", "architecture": "amd64", "version": "10.0"}, "platform": "Java/Oracle Corporation/24+36-3646"} created with settings MongoClientSettings{readPreference=primary, writeConcern=WriteConcern{w=null, wTimeout=null ms, journal=null}, retryWrites=true, retryReads=true, readConcern=ReadConcern{level=null}, credential=null, transportSettings=null, commandListeners=[], codecRegistry=ProvidersCodecRegistry{codecProviders=[ValueCodecProvider{}, BsonValueCodecProvider{}, DBRefCodecProvider{}, DBObjectCodecProvider{}, DocumentCodecProvider{}, CollectionCodecProvider{}, IterableCodecProvider{}, MapCodecProvider{}, GeoJsonCodecProvider{}, GridFSFileCodecProvider{}, Jsr310CodecProvider{}, JsonObjectCodecProvider{}, BsonCodecProvider{}, com.mongodb.client.model.mql.ExpressionCodecProvider@19da993b, com.mongodb.Jep395RecordCodecProvider@3380ca3d, com.mongodb.KotlinCodecProvider@23310248, EnumCodecProvider{}]}, loggerSettings=LoggerSettings{maxDocumentLength=1000}, clusterSettings={hosts=[localhost:27017], srvServiceName=mongodb, mode=SINGLE, requiredClusterType=UNKNOWN, requiredReplicaSetName='null', serverSelector='null', clusterListeners='[]', serverSelectionTimeout='30000 ms', localThreshold='15 ms'}, socketSettings=SocketSettings{connectTimeoutMS=10000, readTimeoutMS=0, receiveBufferSize=0, proxySettings=ProxySettings{host=null, port=null, username=null, password=null}}, heartbeatSocketSettings=SocketSettings{connectTimeoutMS=10000, readTimeoutMS=10000, receiveBufferSize=0, proxySettings=ProxySettings{host=null, port=null, username=null, password=null}}, connectionPoolSettings=ConnectionPoolSettings{maxSize=100, minSize=0, maxWaitTimeMS=120000, maxConnectionLifeTimeMS=0, maxConnectionIdleTimeMS=0, maintenanceInitialDelayMS=0, maintenanceFrequencyMS=60000, connectionPoolListeners=[], maxConnecting=2}, serverSettings=ServerSettings{heartbeatFrequencyMS=10000, minHeartbeatFrequencyMS=500, serverMonitoringMode=AUTO, serverListeners='[]', serverMonitorListeners='[]'}, sslSettings=SslSettings{enabled=false, invalidHostNameAllowed=false, context=null}, applicationName='null', compressorList=[], uuidRepresentation=UNSPECIFIED, serverApi=null, autoEncryptionSettings=null, dnsClient=null, inetAddressResolver=null, contextProvider=null, timeoutMS=null}
2026-04-26 00:33:20 [cluster-ClusterId{value='69ed0ff8f1dc87e83c6db0e3', description='null'}-localhost:27017] INFO  org.mongodb.driver.cluster - Monitor thread successfully connected to server with description ServerDescription{address=localhost:27017, type=STANDALONE, cryptd=false, state=CONNECTED, ok=true, minWireVersion=0, maxWireVersion=27, maxDocumentSize=16777216, logicalSessionTimeoutMinutes=30, roundTripTimeNanos=19125800, minRoundTripTimeNanos=0}
2026-04-26 00:33:21 [main] INFO  o.s.boot.tomcat.TomcatWebServer - Tomcat started on port 9090 (http) with context path '/'
2026-04-26 00:33:21 [main] INFO  com.demo.DemoApplication - Started DemoApplication in 2.22 seconds (process running for 2.603)
2026-04-26 00:33:24 [SpringApplicationShutdownHook] INFO  o.s.boot.tomcat.GracefulShutdown - Commencing graceful shutdown. Waiting for active requests to complete
2026-04-26 00:33:24 [tomcat-shutdown] INFO  o.s.boot.tomcat.GracefulShutdown - Graceful shutdown complete
2026-04-26 00:33:27 [main] INFO  com.demo.DemoApplication - Starting DemoApplication using Java 24 with PID 20172 (C:\work-space\leetcode_150_interview_questions\demo\target\classes started by ankit in C:\work-space\leetcode_150_interview_questions\demo)
2026-04-26 00:33:27 [main] DEBUG com.demo.DemoApplication - Running with Spring Boot v4.0.5, Spring v7.0.6
2026-04-26 00:33:27 [main] INFO  com.demo.DemoApplication - No active profile set, falling back to 1 default profile: "default"
2026-04-26 00:33:27 [main] INFO  o.s.d.r.c.RepositoryConfigurationDelegate - Bootstrapping Spring Data MongoDB repositories in DEFAULT mode.
2026-04-26 00:33:27 [main] INFO  o.s.d.r.c.RepositoryConfigurationDelegate - Finished Spring Data repository scanning in 58 ms. Found 2 MongoDB repository interfaces.
2026-04-26 00:33:28 [main] INFO  o.s.boot.tomcat.TomcatWebServer - Tomcat initialized with port 9090 (http)
2026-04-26 00:33:28 [main] INFO  o.a.catalina.core.StandardService - Starting service [Tomcat]
2026-04-26 00:33:28 [main] INFO  o.a.catalina.core.StandardEngine - Starting Servlet engine: [Apache Tomcat/11.0.20]
2026-04-26 00:33:28 [main] INFO  o.s.b.w.c.s.WebApplicationContextInitializer - Root WebApplicationContext: initialization completed in 984 ms
2026-04-26 00:33:28 [main] INFO  org.mongodb.driver.client - MongoClient with metadata {"driver": {"name": "mongo-java-driver|sync", "version": "5.6.4"}, "os": {"type": "Windows", "name": "Windows 11", "architecture": "amd64", "version": "10.0"}, "platform": "Java/Oracle Corporation/24+36-3646"} created with settings MongoClientSettings{readPreference=primary, writeConcern=WriteConcern{w=null, wTimeout=null ms, journal=null}, retryWrites=true, retryReads=true, readConcern=ReadConcern{level=null}, credential=null, transportSettings=null, commandListeners=[], codecRegistry=ProvidersCodecRegistry{codecProviders=[ValueCodecProvider{}, BsonValueCodecProvider{}, DBRefCodecProvider{}, DBObjectCodecProvider{}, DocumentCodecProvider{}, CollectionCodecProvider{}, IterableCodecProvider{}, MapCodecProvider{}, GeoJsonCodecProvider{}, GridFSFileCodecProvider{}, Jsr310CodecProvider{}, JsonObjectCodecProvider{}, BsonCodecProvider{}, com.mongodb.client.model.mql.ExpressionCodecProvider@7b222230, com.mongodb.Jep395RecordCodecProvider@364b1061, com.mongodb.KotlinCodecProvider@50fdf44f, EnumCodecProvider{}]}, loggerSettings=LoggerSettings{maxDocumentLength=1000}, clusterSettings={hosts=[localhost:27017], srvServiceName=mongodb, mode=SINGLE, requiredClusterType=UNKNOWN, requiredReplicaSetName='null', serverSelector='null', clusterListeners='[]', serverSelectionTimeout='30000 ms', localThreshold='15 ms'}, socketSettings=SocketSettings{connectTimeoutMS=10000, readTimeoutMS=0, receiveBufferSize=0, proxySettings=ProxySettings{host=null, port=null, username=null, password=null}}, heartbeatSocketSettings=SocketSettings{connectTimeoutMS=10000, readTimeoutMS=10000, receiveBufferSize=0, proxySettings=ProxySettings{host=null, port=null, username=null, password=null}}, connectionPoolSettings=ConnectionPoolSettings{maxSize=100, minSize=0, maxWaitTimeMS=120000, maxConnectionLifeTimeMS=0, maxConnectionIdleTimeMS=0, maintenanceInitialDelayMS=0, maintenanceFrequencyMS=60000, connectionPoolListeners=[], maxConnecting=2}, serverSettings=ServerSettings{heartbeatFrequencyMS=10000, minHeartbeatFrequencyMS=500, serverMonitoringMode=AUTO, serverListeners='[]', serverMonitorListeners='[]'}, sslSettings=SslSettings{enabled=false, invalidHostNameAllowed=false, context=null}, applicationName='null', compressorList=[], uuidRepresentation=UNSPECIFIED, serverApi=null, autoEncryptionSettings=null, dnsClient=null, inetAddressResolver=null, contextProvider=null, timeoutMS=null}
2026-04-26 00:33:28 [cluster-ClusterId{value='69ed10001b9b74098b4f3515', description='null'}-localhost:27017] INFO  org.mongodb.driver.cluster - Monitor thread successfully connected to server with description ServerDescription{address=localhost:27017, type=STANDALONE, cryptd=false, state=CONNECTED, ok=true, minWireVersion=0, maxWireVersion=27, maxDocumentSize=16777216, logicalSessionTimeoutMinutes=30, roundTripTimeNanos=16001400, minRoundTripTimeNanos=0}
2026-04-26 00:33:28 [main] INFO  o.s.boot.tomcat.TomcatWebServer - Tomcat started on port 9090 (http) with context path '/'
2026-04-26 00:33:28 [main] INFO  com.demo.DemoApplication - Started DemoApplication in 2.175 seconds (process running for 2.575)
2026-04-26 00:34:02 [SpringApplicationShutdownHook] INFO  o.s.boot.tomcat.GracefulShutdown - Commencing graceful shutdown. Waiting for active requests to complete
2026-04-26 00:34:02 [tomcat-shutdown] INFO  o.s.boot.tomcat.GracefulShutdown - Graceful shutdown complete
2026-04-26 00:34:06 [main] INFO  com.demo.DemoApplication - Starting DemoApplication using Java 24 with PID 30812 (C:\work-space\leetcode_150_interview_questions\demo\target\classes started by ankit in C:\work-space\leetcode_150_interview_questions\demo)
2026-04-26 00:34:06 [main] DEBUG com.demo.DemoApplication - Running with Spring Boot v4.0.5, Spring v7.0.6
2026-04-26 00:34:06 [main] INFO  com.demo.DemoApplication - No active profile set, falling back to 1 default profile: "default"
2026-04-26 00:34:06 [main] INFO  o.s.d.r.c.RepositoryConfigurationDelegate - Bootstrapping Spring Data MongoDB repositories in DEFAULT mode.
2026-04-26 00:34:06 [main] INFO  o.s.d.r.c.RepositoryConfigurationDelegate - Finished Spring Data repository scanning in 73 ms. Found 2 MongoDB repository interfaces.
2026-04-26 00:34:07 [main] INFO  o.s.boot.tomcat.TomcatWebServer - Tomcat initialized with port 9090 (http)
2026-04-26 00:34:07 [main] INFO  o.a.catalina.core.StandardService - Starting service [Tomcat]
2026-04-26 00:34:07 [main] INFO  o.a.catalina.core.StandardEngine - Starting Servlet engine: [Apache Tomcat/11.0.20]
2026-04-26 00:34:07 [main] INFO  o.s.b.w.c.s.WebApplicationContextInitializer - Root WebApplicationContext: initialization completed in 1073 ms
2026-04-26 00:34:07 [main] INFO  org.mongodb.driver.client - MongoClient with metadata {"driver": {"name": "mongo-java-driver|sync", "version": "5.6.4"}, "os": {"type": "Windows", "name": "Windows 11", "architecture": "amd64", "version": "10.0"}, "platform": "Java/Oracle Corporation/24+36-3646"} created with settings MongoClientSettings{readPreference=primary, writeConcern=WriteConcern{w=null, wTimeout=null ms, journal=null}, retryWrites=true, retryReads=true, readConcern=ReadConcern{level=null}, credential=null, transportSettings=null, commandListeners=[], codecRegistry=ProvidersCodecRegistry{codecProviders=[ValueCodecProvider{}, BsonValueCodecProvider{}, DBRefCodecProvider{}, DBObjectCodecProvider{}, DocumentCodecProvider{}, CollectionCodecProvider{}, IterableCodecProvider{}, MapCodecProvider{}, GeoJsonCodecProvider{}, GridFSFileCodecProvider{}, Jsr310CodecProvider{}, JsonObjectCodecProvider{}, BsonCodecProvider{}, com.mongodb.client.model.mql.ExpressionCodecProvider@4dfdfe7d, com.mongodb.Jep395RecordCodecProvider@1578b8ec, com.mongodb.KotlinCodecProvider@f613067, EnumCodecProvider{}]}, loggerSettings=LoggerSettings{maxDocumentLength=1000}, clusterSettings={hosts=[localhost:27017], srvServiceName=mongodb, mode=SINGLE, requiredClusterType=UNKNOWN, requiredReplicaSetName='null', serverSelector='null', clusterListeners='[]', serverSelectionTimeout='30000 ms', localThreshold='15 ms'}, socketSettings=SocketSettings{connectTimeoutMS=10000, readTimeoutMS=0, receiveBufferSize=0, proxySettings=ProxySettings{host=null, port=null, username=null, password=null}}, heartbeatSocketSettings=SocketSettings{connectTimeoutMS=10000, readTimeoutMS=10000, receiveBufferSize=0, proxySettings=ProxySettings{host=null, port=null, username=null, password=null}}, connectionPoolSettings=ConnectionPoolSettings{maxSize=100, minSize=0, maxWaitTimeMS=120000, maxConnectionLifeTimeMS=0, maxConnectionIdleTimeMS=0, maintenanceInitialDelayMS=0, maintenanceFrequencyMS=60000, connectionPoolListeners=[], maxConnecting=2}, serverSettings=ServerSettings{heartbeatFrequencyMS=10000, minHeartbeatFrequencyMS=500, serverMonitoringMode=AUTO, serverListeners='[]', serverMonitorListeners='[]'}, sslSettings=SslSettings{enabled=false, invalidHostNameAllowed=false, context=null}, applicationName='null', compressorList=[], uuidRepresentation=UNSPECIFIED, serverApi=null, autoEncryptionSettings=null, dnsClient=null, inetAddressResolver=null, contextProvider=null, timeoutMS=null}
2026-04-26 00:34:07 [cluster-ClusterId{value='69ed1027c950fe59bf4488f1', description='null'}-localhost:27017] INFO  org.mongodb.driver.cluster - Monitor thread successfully connected to server with description ServerDescription{address=localhost:27017, type=STANDALONE, cryptd=false, state=CONNECTED, ok=true, minWireVersion=0, maxWireVersion=27, maxDocumentSize=16777216, logicalSessionTimeoutMinutes=30, roundTripTimeNanos=21458100, minRoundTripTimeNanos=0}
2026-04-26 00:34:08 [main] INFO  o.s.boot.tomcat.TomcatWebServer - Tomcat started on port 9090 (http) with context path '/'
2026-04-26 00:34:08 [main] INFO  com.demo.DemoApplication - Started DemoApplication in 2.471 seconds (process running for 2.924)
2026-04-26 00:42:05 [SpringApplicationShutdownHook] INFO  o.s.boot.tomcat.GracefulShutdown - Commencing graceful shutdown. Waiting for active requests to complete
2026-04-26 00:42:05 [tomcat-shutdown] INFO  o.s.boot.tomcat.GracefulShutdown - Graceful shutdown complete
2026-04-26 00:42:12 [main] INFO  com.demo.DemoApplication - Starting DemoApplication using Java 24 with PID 32440 (C:\work-space\leetcode_150_interview_questions\demo\target\classes started by ankit in C:\work-space\leetcode_150_interview_questions\demo)
2026-04-26 00:42:12 [main] DEBUG com.demo.DemoApplication - Running with Spring Boot v4.0.5, Spring v7.0.6
2026-04-26 00:42:12 [main] INFO  com.demo.DemoApplication - No active profile set, falling back to 1 default profile: "default"
2026-04-26 00:42:13 [main] INFO  o.s.d.r.c.RepositoryConfigurationDelegate - Bootstrapping Spring Data MongoDB repositories in DEFAULT mode.
2026-04-26 00:42:13 [main] INFO  o.s.d.r.c.RepositoryConfigurationDelegate - Finished Spring Data repository scanning in 68 ms. Found 2 MongoDB repository interfaces.
2026-04-26 00:42:13 [main] INFO  o.s.boot.tomcat.TomcatWebServer - Tomcat initialized with port 9090 (http)
2026-04-26 00:42:13 [main] INFO  o.a.catalina.core.StandardService - Starting service [Tomcat]
2026-04-26 00:42:13 [main] INFO  o.a.catalina.core.StandardEngine - Starting Servlet engine: [Apache Tomcat/11.0.20]
2026-04-26 00:42:14 [main] INFO  o.s.b.w.c.s.WebApplicationContextInitializer - Root WebApplicationContext: initialization completed in 1705 ms
2026-04-26 00:42:14 [main] INFO  org.mongodb.driver.client - MongoClient with metadata {"driver": {"name": "mongo-java-driver|sync", "version": "5.6.4"}, "os": {"type": "Windows", "name": "Windows 11", "architecture": "amd64", "version": "10.0"}, "platform": "Java/Oracle Corporation/24+36-3646"} created with settings MongoClientSettings{readPreference=primary, writeConcern=WriteConcern{w=null, wTimeout=null ms, journal=null}, retryWrites=true, retryReads=true, readConcern=ReadConcern{level=null}, credential=null, transportSettings=null, commandListeners=[], codecRegistry=ProvidersCodecRegistry{codecProviders=[ValueCodecProvider{}, BsonValueCodecProvider{}, DBRefCodecProvider{}, DBObjectCodecProvider{}, DocumentCodecProvider{}, CollectionCodecProvider{}, IterableCodecProvider{}, MapCodecProvider{}, GeoJsonCodecProvider{}, GridFSFileCodecProvider{}, Jsr310CodecProvider{}, JsonObjectCodecProvider{}, BsonCodecProvider{}, com.mongodb.client.model.mql.ExpressionCodecProvider@e5c2463, com.mongodb.Jep395RecordCodecProvider@6a950a3b, com.mongodb.KotlinCodecProvider@4f7be6c8, EnumCodecProvider{}]}, loggerSettings=LoggerSettings{maxDocumentLength=1000}, clusterSettings={hosts=[localhost:27017], srvServiceName=mongodb, mode=SINGLE, requiredClusterType=UNKNOWN, requiredReplicaSetName='null', serverSelector='null', clusterListeners='[]', serverSelectionTimeout='30000 ms', localThreshold='15 ms'}, socketSettings=SocketSettings{connectTimeoutMS=10000, readTimeoutMS=0, receiveBufferSize=0, proxySettings=ProxySettings{host=null, port=null, username=null, password=null}}, heartbeatSocketSettings=SocketSettings{connectTimeoutMS=10000, readTimeoutMS=10000, receiveBufferSize=0, proxySettings=ProxySettings{host=null, port=null, username=null, password=null}}, connectionPoolSettings=ConnectionPoolSettings{maxSize=100, minSize=0, maxWaitTimeMS=120000, maxConnectionLifeTimeMS=0, maxConnectionIdleTimeMS=0, maintenanceInitialDelayMS=0, maintenanceFrequencyMS=60000, connectionPoolListeners=[], maxConnecting=2}, serverSettings=ServerSettings{heartbeatFrequencyMS=10000, minHeartbeatFrequencyMS=500, serverMonitoringMode=AUTO, serverListeners='[]', serverMonitorListeners='[]'}, sslSettings=SslSettings{enabled=false, invalidHostNameAllowed=false, context=null}, applicationName='null', compressorList=[], uuidRepresentation=UNSPECIFIED, serverApi=null, autoEncryptionSettings=null, dnsClient=null, inetAddressResolver=null, contextProvider=null, timeoutMS=null}
2026-04-26 00:42:14 [cluster-ClusterId{value='69ed120e881fe806323444b5', description='null'}-localhost:27017] INFO  org.mongodb.driver.cluster - Monitor thread successfully connected to server with description ServerDescription{address=localhost:27017, type=STANDALONE, cryptd=false, state=CONNECTED, ok=true, minWireVersion=0, maxWireVersion=27, maxDocumentSize=16777216, logicalSessionTimeoutMinutes=30, roundTripTimeNanos=28171000, minRoundTripTimeNanos=0}
2026-04-26 00:42:15 [main] INFO  o.s.boot.tomcat.TomcatWebServer - Tomcat started on port 9090 (http) with context path '/'
2026-04-26 00:42:15 [main] INFO  com.demo.DemoApplication - Started DemoApplication in 3.811 seconds (process running for 4.606)
2026-04-26 00:44:20 [SpringApplicationShutdownHook] INFO  o.s.boot.tomcat.GracefulShutdown - Commencing graceful shutdown. Waiting for active requests to complete
2026-04-26 00:44:20 [tomcat-shutdown] INFO  o.s.boot.tomcat.GracefulShutdown - Graceful shutdown complete
2026-04-26 00:44:26 [main] INFO  com.demo.DemoApplication - Starting DemoApplication using Java 24 with PID 52364 (C:\work-space\leetcode_150_interview_questions\demo\target\classes started by ankit in C:\work-space\leetcode_150_interview_questions\demo)
2026-04-26 00:44:26 [main] DEBUG com.demo.DemoApplication - Running with Spring Boot v4.0.5, Spring v7.0.6
2026-04-26 00:44:26 [main] INFO  com.demo.DemoApplication - No active profile set, falling back to 1 default profile: "default"
2026-04-26 00:44:27 [main] INFO  o.s.d.r.c.RepositoryConfigurationDelegate - Bootstrapping Spring Data MongoDB repositories in DEFAULT mode.
2026-04-26 00:44:27 [main] INFO  o.s.d.r.c.RepositoryConfigurationDelegate - Finished Spring Data repository scanning in 90 ms. Found 2 MongoDB repository interfaces.
2026-04-26 00:44:27 [main] INFO  o.s.boot.tomcat.TomcatWebServer - Tomcat initialized with port 9090 (http)
2026-04-26 00:44:27 [main] INFO  o.a.catalina.core.StandardService - Starting service [Tomcat]
2026-04-26 00:44:27 [main] INFO  o.a.catalina.core.StandardEngine - Starting Servlet engine: [Apache Tomcat/11.0.20]
2026-04-26 00:44:28 [main] INFO  o.s.b.w.c.s.WebApplicationContextInitializer - Root WebApplicationContext: initialization completed in 1870 ms
2026-04-26 00:44:28 [main] INFO  org.mongodb.driver.client - MongoClient with metadata {"driver": {"name": "mongo-java-driver|sync", "version": "5.6.4"}, "os": {"type": "Windows", "name": "Windows 11", "architecture": "amd64", "version": "10.0"}, "platform": "Java/Oracle Corporation/24+36-3646"} created with settings MongoClientSettings{readPreference=primary, writeConcern=WriteConcern{w=null, wTimeout=null ms, journal=null}, retryWrites=true, retryReads=true, readConcern=ReadConcern{level=null}, credential=null, transportSettings=null, commandListeners=[], codecRegistry=ProvidersCodecRegistry{codecProviders=[ValueCodecProvider{}, BsonValueCodecProvider{}, DBRefCodecProvider{}, DBObjectCodecProvider{}, DocumentCodecProvider{}, CollectionCodecProvider{}, IterableCodecProvider{}, MapCodecProvider{}, GeoJsonCodecProvider{}, GridFSFileCodecProvider{}, Jsr310CodecProvider{}, JsonObjectCodecProvider{}, BsonCodecProvider{}, com.mongodb.client.model.mql.ExpressionCodecProvider@2eb60c71, com.mongodb.Jep395RecordCodecProvider@87d9a01, com.mongodb.KotlinCodecProvider@7e5b621b, EnumCodecProvider{}]}, loggerSettings=LoggerSettings{maxDocumentLength=1000}, clusterSettings={hosts=[localhost:27017], srvServiceName=mongodb, mode=SINGLE, requiredClusterType=UNKNOWN, requiredReplicaSetName='null', serverSelector='null', clusterListeners='[]', serverSelectionTimeout='30000 ms', localThreshold='15 ms'}, socketSettings=SocketSettings{connectTimeoutMS=10000, readTimeoutMS=0, receiveBufferSize=0, proxySettings=ProxySettings{host=null, port=null, username=null, password=null}}, heartbeatSocketSettings=SocketSettings{connectTimeoutMS=10000, readTimeoutMS=10000, receiveBufferSize=0, proxySettings=ProxySettings{host=null, port=null, username=null, password=null}}, connectionPoolSettings=ConnectionPoolSettings{maxSize=100, minSize=0, maxWaitTimeMS=120000, maxConnectionLifeTimeMS=0, maxConnectionIdleTimeMS=0, maintenanceInitialDelayMS=0, maintenanceFrequencyMS=60000, connectionPoolListeners=[], maxConnecting=2}, serverSettings=ServerSettings{heartbeatFrequencyMS=10000, minHeartbeatFrequencyMS=500, serverMonitoringMode=AUTO, serverListeners='[]', serverMonitorListeners='[]'}, sslSettings=SslSettings{enabled=false, invalidHostNameAllowed=false, context=null}, applicationName='null', compressorList=[], uuidRepresentation=UNSPECIFIED, serverApi=null, autoEncryptionSettings=null, dnsClient=null, inetAddressResolver=null, contextProvider=null, timeoutMS=null}
2026-04-26 00:44:28 [cluster-ClusterId{value='69ed1294615db13826cfe5a3', description='null'}-localhost:27017] INFO  org.mongodb.driver.cluster - Monitor thread successfully connected to server with description ServerDescription{address=localhost:27017, type=STANDALONE, cryptd=false, state=CONNECTED, ok=true, minWireVersion=0, maxWireVersion=27, maxDocumentSize=16777216, logicalSessionTimeoutMinutes=30, roundTripTimeNanos=33731700, minRoundTripTimeNanos=0}
2026-04-26 00:44:29 [main] INFO  o.s.boot.tomcat.TomcatWebServer - Tomcat started on port 9090 (http) with context path '/'
2026-04-26 00:44:29 [main] INFO  com.demo.DemoApplication - Started DemoApplication in 4.118 seconds (process running for 4.837)
2026-04-26 00:46:58 [SpringApplicationShutdownHook] INFO  o.s.boot.tomcat.GracefulShutdown - Commencing graceful shutdown. Waiting for active requests to complete
2026-04-26 00:46:58 [tomcat-shutdown] INFO  o.s.boot.tomcat.GracefulShutdown - Graceful shutdown complete
2026-04-26 00:47:04 [main] INFO  com.demo.DemoApplication - Starting DemoApplication using Java 24 with PID 13632 (C:\work-space\leetcode_150_interview_questions\demo\target\classes started by ankit in C:\work-space\leetcode_150_interview_questions\demo)
2026-04-26 00:47:04 [main] DEBUG com.demo.DemoApplication - Running with Spring Boot v4.0.5, Spring v7.0.6
2026-04-26 00:47:04 [main] INFO  com.demo.DemoApplication - No active profile set, falling back to 1 default profile: "default"
2026-04-26 00:47:05 [main] INFO  o.s.d.r.c.RepositoryConfigurationDelegate - Bootstrapping Spring Data MongoDB repositories in DEFAULT mode.
2026-04-26 00:47:05 [main] INFO  o.s.d.r.c.RepositoryConfigurationDelegate - Finished Spring Data repository scanning in 84 ms. Found 2 MongoDB repository interfaces.
2026-04-26 00:47:06 [main] INFO  o.s.boot.tomcat.TomcatWebServer - Tomcat initialized with port 9090 (http)
2026-04-26 00:47:06 [main] INFO  o.a.catalina.core.StandardService - Starting service [Tomcat]
2026-04-26 00:47:06 [main] INFO  o.a.catalina.core.StandardEngine - Starting Servlet engine: [Apache Tomcat/11.0.20]
2026-04-26 00:47:06 [main] INFO  o.s.b.w.c.s.WebApplicationContextInitializer - Root WebApplicationContext: initialization completed in 1880 ms
2026-04-26 00:47:06 [main] INFO  org.mongodb.driver.client - MongoClient with metadata {"driver": {"name": "mongo-java-driver|sync", "version": "5.6.4"}, "os": {"type": "Windows", "name": "Windows 11", "architecture": "amd64", "version": "10.0"}, "platform": "Java/Oracle Corporation/24+36-3646"} created with settings MongoClientSettings{readPreference=primary, writeConcern=WriteConcern{w=null, wTimeout=null ms, journal=null}, retryWrites=true, retryReads=true, readConcern=ReadConcern{level=null}, credential=null, transportSettings=null, commandListeners=[], codecRegistry=ProvidersCodecRegistry{codecProviders=[ValueCodecProvider{}, BsonValueCodecProvider{}, DBRefCodecProvider{}, DBObjectCodecProvider{}, DocumentCodecProvider{}, CollectionCodecProvider{}, IterableCodecProvider{}, MapCodecProvider{}, GeoJsonCodecProvider{}, GridFSFileCodecProvider{}, Jsr310CodecProvider{}, JsonObjectCodecProvider{}, BsonCodecProvider{}, com.mongodb.client.model.mql.ExpressionCodecProvider@60e1d87c, com.mongodb.Jep395RecordCodecProvider@2eb60c71, com.mongodb.KotlinCodecProvider@87d9a01, EnumCodecProvider{}]}, loggerSettings=LoggerSettings{maxDocumentLength=1000}, clusterSettings={hosts=[localhost:27017], srvServiceName=mongodb, mode=SINGLE, requiredClusterType=UNKNOWN, requiredReplicaSetName='null', serverSelector='null', clusterListeners='[]', serverSelectionTimeout='30000 ms', localThreshold='15 ms'}, socketSettings=SocketSettings{connectTimeoutMS=10000, readTimeoutMS=0, receiveBufferSize=0, proxySettings=ProxySettings{host=null, port=null, username=null, password=null}}, heartbeatSocketSettings=SocketSettings{connectTimeoutMS=10000, readTimeoutMS=10000, receiveBufferSize=0, proxySettings=ProxySettings{host=null, port=null, username=null, password=null}}, connectionPoolSettings=ConnectionPoolSettings{maxSize=100, minSize=0, maxWaitTimeMS=120000, maxConnectionLifeTimeMS=0, maxConnectionIdleTimeMS=0, maintenanceInitialDelayMS=0, maintenanceFrequencyMS=60000, connectionPoolListeners=[], maxConnecting=2}, serverSettings=ServerSettings{heartbeatFrequencyMS=10000, minHeartbeatFrequencyMS=500, serverMonitoringMode=AUTO, serverListeners='[]', serverMonitorListeners='[]'}, sslSettings=SslSettings{enabled=false, invalidHostNameAllowed=false, context=null}, applicationName='null', compressorList=[], uuidRepresentation=UNSPECIFIED, serverApi=null, autoEncryptionSettings=null, dnsClient=null, inetAddressResolver=null, contextProvider=null, timeoutMS=null}
2026-04-26 00:47:06 [cluster-ClusterId{value='69ed1332f79b4fcaf1891911', description='null'}-localhost:27017] INFO  org.mongodb.driver.cluster - Monitor thread successfully connected to server with description ServerDescription{address=localhost:27017, type=STANDALONE, cryptd=false, state=CONNECTED, ok=true, minWireVersion=0, maxWireVersion=27, maxDocumentSize=16777216, logicalSessionTimeoutMinutes=30, roundTripTimeNanos=33003600, minRoundTripTimeNanos=0}
2026-04-26 00:47:07 [main] INFO  o.s.boot.tomcat.TomcatWebServer - Tomcat started on port 9090 (http) with context path '/'
2026-04-26 00:47:07 [main] INFO  com.demo.DemoApplication - Started DemoApplication in 4.101 seconds (process running for 4.768)
2026-04-26 00:47:14 [http-nio-9090-exec-2] INFO  o.a.c.c.C.[Tomcat].[localhost].[/] - Initializing Spring DispatcherServlet 'dispatcherServlet'
2026-04-26 00:47:14 [http-nio-9090-exec-2] INFO  o.s.web.servlet.DispatcherServlet - Initializing Servlet 'dispatcherServlet'
2026-04-26 00:47:14 [http-nio-9090-exec-2] INFO  o.s.web.servlet.DispatcherServlet - Completed initialization in 5 ms
2026-04-26 00:47:14 [http-nio-9090-exec-2] INFO  com.demo.controller.ApiController - Creating resource with request: com.demo.dto.RequestDto@595874e6
2026-04-26 00:47:14 [http-nio-9090-exec-2] INFO  com.demo.service.ApiServiceImpl - Processing request to create resource com.demo.dto.RequestDto@595874e6
2026-04-26 00:47:14 [http-nio-9090-exec-2] ERROR c.d.e.GlobalExceptionHandler - Unexpected exception occurred
com.demo.exceptionHandler.exception.ResourceAlreadyExistException: Category already exist Creational
	at com.demo.service.ApiServiceImpl.createResource(ApiServiceImpl.java:29)
	at com.demo.controller.ApiController.createResource(ApiController.java:27)
	at java.base/jdk.internal.reflect.DirectMethodHandleAccessor.invoke(DirectMethodHandleAccessor.java:104)
	at java.base/java.lang.reflect.Method.invoke(Method.java:565)
	at org.springframework.web.method.support.InvocableHandlerMethod.doInvoke(InvocableHandlerMethod.java:252)
	at org.springframework.web.method.support.InvocableHandlerMethod.invokeForRequest(InvocableHandlerMethod.java:184)
	at org.springframework.web.servlet.mvc.method.annotation.ServletInvocableHandlerMethod.invokeAndHandle(ServletInvocableHandlerMethod.java:117)
	at org.springframework.web.servlet.mvc.method.annotation.RequestMappingHandlerAdapter.invokeHandlerMethod(RequestMappingHandlerAdapter.java:934)
	at org.springframework.web.servlet.mvc.method.annotation.RequestMappingHandlerAdapter.handleInternal(RequestMappingHandlerAdapter.java:853)
	at org.springframework.web.servlet.mvc.method.AbstractHandlerMethodAdapter.handle(AbstractHandlerMethodAdapter.java:86)
	at org.springframework.web.servlet.DispatcherServlet.doDispatch(DispatcherServlet.java:963)
	at org.springframework.web.servlet.DispatcherServlet.doService(DispatcherServlet.java:866)
	at org.springframework.web.servlet.FrameworkServlet.processRequest(FrameworkServlet.java:1000)
	at org.springframework.web.servlet.FrameworkServlet.doPost(FrameworkServlet.java:903)
	at jakarta.servlet.http.HttpServlet.service(HttpServlet.java:649)
	at org.springframework.web.servlet.FrameworkServlet.service(FrameworkServlet.java:874)
	at jakarta.servlet.http.HttpServlet.service(HttpServlet.java:710)
	at org.apache.catalina.core.ApplicationFilterChain.doFilter(ApplicationFilterChain.java:128)
	at org.apache.tomcat.websocket.server.WsFilter.doFilter(WsFilter.java:53)
	at org.apache.catalina.core.ApplicationFilterChain.doFilter(ApplicationFilterChain.java:107)
	at org.springframework.web.filter.RequestContextFilter.doFilterInternal(RequestContextFilter.java:100)
	at org.springframework.web.filter.OncePerRequestFilter.doFilter(OncePerRequestFilter.java:116)
	at org.apache.catalina.core.ApplicationFilterChain.doFilter(ApplicationFilterChain.java:107)
	at org.springframework.web.filter.FormContentFilter.doFilterInternal(FormContentFilter.java:93)
	at org.springframework.web.filter.OncePerRequestFilter.doFilter(OncePerRequestFilter.java:116)
	at org.apache.catalina.core.ApplicationFilterChain.doFilter(ApplicationFilterChain.java:107)
	at org.springframework.web.filter.CharacterEncodingFilter.doFilterInternal(CharacterEncodingFilter.java:199)
	at org.springframework.web.filter.OncePerRequestFilter.doFilter(OncePerRequestFilter.java:116)
	at org.apache.catalina.core.ApplicationFilterChain.doFilter(ApplicationFilterChain.java:107)
	at org.apache.catalina.core.StandardWrapperValve.invoke(StandardWrapperValve.java:165)
	at org.apache.catalina.core.StandardContextValve.invoke(StandardContextValve.java:77)
	at org.apache.catalina.authenticator.AuthenticatorBase.invoke(AuthenticatorBase.java:492)
	at org.apache.catalina.core.StandardHostValve.invoke(StandardHostValve.java:113)
	at org.apache.catalina.valves.ErrorReportValve.invoke(ErrorReportValve.java:83)
	at org.apache.catalina.core.StandardEngineValve.invoke(StandardEngineValve.java:72)
	at org.apache.catalina.connector.CoyoteAdapter.service(CoyoteAdapter.java:341)
	at org.apache.coyote.http11.Http11Processor.service(Http11Processor.java:397)
	at org.apache.coyote.AbstractProcessorLight.process(AbstractProcessorLight.java:63)
	at org.apache.coyote.AbstractProtocol$ConnectionHandler.process(AbstractProtocol.java:903)
	at org.apache.tomcat.util.net.NioEndpoint$SocketProcessor.doRun(NioEndpoint.java:1779)
	at org.apache.tomcat.util.net.SocketProcessorBase.run(SocketProcessorBase.java:52)
	at org.apache.tomcat.util.threads.ThreadPoolExecutor.runWorker(ThreadPoolExecutor.java:946)
	at org.apache.tomcat.util.threads.ThreadPoolExecutor$Worker.run(ThreadPoolExecutor.java:480)
	at org.apache.tomcat.util.threads.TaskThread$WrappingRunnable.run(TaskThread.java:57)
	at java.base/java.lang.Thread.run(Thread.java:1447)
2026-04-26 00:50:19 [SpringApplicationShutdownHook] INFO  o.s.boot.tomcat.GracefulShutdown - Commencing graceful shutdown. Waiting for active requests to complete
2026-04-26 00:50:19 [tomcat-shutdown] INFO  o.s.boot.tomcat.GracefulShutdown - Graceful shutdown complete
2026-04-26 00:50:24 [main] INFO  com.demo.DemoApplication - Starting DemoApplication using Java 24 with PID 19228 (C:\work-space\leetcode_150_interview_questions\demo\target\classes started by ankit in C:\work-space\leetcode_150_interview_questions\demo)
2026-04-26 00:50:24 [main] DEBUG com.demo.DemoApplication - Running with Spring Boot v4.0.5, Spring v7.0.6
2026-04-26 00:50:24 [main] INFO  com.demo.DemoApplication - No active profile set, falling back to 1 default profile: "default"
2026-04-26 00:50:25 [main] INFO  o.s.d.r.c.RepositoryConfigurationDelegate - Bootstrapping Spring Data MongoDB repositories in DEFAULT mode.
2026-04-26 00:50:25 [main] INFO  o.s.d.r.c.RepositoryConfigurationDelegate - Finished Spring Data repository scanning in 78 ms. Found 2 MongoDB repository interfaces.
2026-04-26 00:50:26 [main] INFO  o.s.boot.tomcat.TomcatWebServer - Tomcat initialized with port 9090 (http)
2026-04-26 00:50:26 [main] INFO  o.a.catalina.core.StandardService - Starting service [Tomcat]
2026-04-26 00:50:26 [main] INFO  o.a.catalina.core.StandardEngine - Starting Servlet engine: [Apache Tomcat/11.0.20]
2026-04-26 00:50:26 [main] INFO  o.s.b.w.c.s.WebApplicationContextInitializer - Root WebApplicationContext: initialization completed in 1687 ms
2026-04-26 00:50:27 [main] INFO  org.mongodb.driver.client - MongoClient with metadata {"driver": {"name": "mongo-java-driver|sync", "version": "5.6.4"}, "os": {"type": "Windows", "name": "Windows 11", "architecture": "amd64", "version": "10.0"}, "platform": "Java/Oracle Corporation/24+36-3646"} created with settings MongoClientSettings{readPreference=primary, writeConcern=WriteConcern{w=null, wTimeout=null ms, journal=null}, retryWrites=true, retryReads=true, readConcern=ReadConcern{level=null}, credential=null, transportSettings=null, commandListeners=[], codecRegistry=ProvidersCodecRegistry{codecProviders=[ValueCodecProvider{}, BsonValueCodecProvider{}, DBRefCodecProvider{}, DBObjectCodecProvider{}, DocumentCodecProvider{}, CollectionCodecProvider{}, IterableCodecProvider{}, MapCodecProvider{}, GeoJsonCodecProvider{}, GridFSFileCodecProvider{}, Jsr310CodecProvider{}, JsonObjectCodecProvider{}, BsonCodecProvider{}, com.mongodb.client.model.mql.ExpressionCodecProvider@59303963, com.mongodb.Jep395RecordCodecProvider@61e86192, com.mongodb.KotlinCodecProvider@34330f77, EnumCodecProvider{}]}, loggerSettings=LoggerSettings{maxDocumentLength=1000}, clusterSettings={hosts=[localhost:27017], srvServiceName=mongodb, mode=SINGLE, requiredClusterType=UNKNOWN, requiredReplicaSetName='null', serverSelector='null', clusterListeners='[]', serverSelectionTimeout='30000 ms', localThreshold='15 ms'}, socketSettings=SocketSettings{connectTimeoutMS=10000, readTimeoutMS=0, receiveBufferSize=0, proxySettings=ProxySettings{host=null, port=null, username=null, password=null}}, heartbeatSocketSettings=SocketSettings{connectTimeoutMS=10000, readTimeoutMS=10000, receiveBufferSize=0, proxySettings=ProxySettings{host=null, port=null, username=null, password=null}}, connectionPoolSettings=ConnectionPoolSettings{maxSize=100, minSize=0, maxWaitTimeMS=120000, maxConnectionLifeTimeMS=0, maxConnectionIdleTimeMS=0, maintenanceInitialDelayMS=0, maintenanceFrequencyMS=60000, connectionPoolListeners=[], maxConnecting=2}, serverSettings=ServerSettings{heartbeatFrequencyMS=10000, minHeartbeatFrequencyMS=500, serverMonitoringMode=AUTO, serverListeners='[]', serverMonitorListeners='[]'}, sslSettings=SslSettings{enabled=false, invalidHostNameAllowed=false, context=null}, applicationName='null', compressorList=[], uuidRepresentation=UNSPECIFIED, serverApi=null, autoEncryptionSettings=null, dnsClient=null, inetAddressResolver=null, contextProvider=null, timeoutMS=null}
2026-04-26 00:50:27 [cluster-ClusterId{value='69ed13fa506a96d571042237', description='null'}-localhost:27017] INFO  org.mongodb.driver.cluster - Monitor thread successfully connected to server with description ServerDescription{address=localhost:27017, type=STANDALONE, cryptd=false, state=CONNECTED, ok=true, minWireVersion=0, maxWireVersion=27, maxDocumentSize=16777216, logicalSessionTimeoutMinutes=30, roundTripTimeNanos=28524300, minRoundTripTimeNanos=0}
2026-04-26 00:50:28 [main] INFO  o.s.boot.tomcat.TomcatWebServer - Tomcat started on port 9090 (http) with context path '/'
2026-04-26 00:50:28 [main] INFO  com.demo.DemoApplication - Started DemoApplication in 3.872 seconds (process running for 4.552)
2026-04-26 00:51:52 [SpringApplicationShutdownHook] INFO  o.s.boot.tomcat.GracefulShutdown - Commencing graceful shutdown. Waiting for active requests to complete
2026-04-26 00:51:52 [tomcat-shutdown] INFO  o.s.boot.tomcat.GracefulShutdown - Graceful shutdown complete
2026-04-26 00:51:54 [main] INFO  com.demo.DemoApplication - Starting DemoApplication using Java 24 with PID 17404 (C:\work-space\leetcode_150_interview_questions\demo\target\classes started by ankit in C:\work-space\leetcode_150_interview_questions\demo)
2026-04-26 00:51:54 [main] DEBUG com.demo.DemoApplication - Running with Spring Boot v4.0.5, Spring v7.0.6
2026-04-26 00:51:54 [main] INFO  com.demo.DemoApplication - No active profile set, falling back to 1 default profile: "default"
2026-04-26 00:51:55 [main] INFO  o.s.d.r.c.RepositoryConfigurationDelegate - Bootstrapping Spring Data MongoDB repositories in DEFAULT mode.
2026-04-26 00:51:55 [main] INFO  o.s.d.r.c.RepositoryConfigurationDelegate - Finished Spring Data repository scanning in 82 ms. Found 2 MongoDB repository interfaces.
2026-04-26 00:51:56 [main] INFO  o.s.boot.tomcat.TomcatWebServer - Tomcat initialized with port 9090 (http)
2026-04-26 00:51:56 [main] INFO  o.a.catalina.core.StandardService - Starting service [Tomcat]
2026-04-26 00:51:56 [main] INFO  o.a.catalina.core.StandardEngine - Starting Servlet engine: [Apache Tomcat/11.0.20]
2026-04-26 00:51:56 [main] INFO  o.s.b.w.c.s.WebApplicationContextInitializer - Root WebApplicationContext: initialization completed in 1953 ms
2026-04-26 00:51:57 [main] INFO  org.mongodb.driver.client - MongoClient with metadata {"driver": {"name": "mongo-java-driver|sync", "version": "5.6.4"}, "os": {"type": "Windows", "name": "Windows 11", "architecture": "amd64", "version": "10.0"}, "platform": "Java/Oracle Corporation/24+36-3646"} created with settings MongoClientSettings{readPreference=primary, writeConcern=WriteConcern{w=null, wTimeout=null ms, journal=null}, retryWrites=true, retryReads=true, readConcern=ReadConcern{level=null}, credential=null, transportSettings=null, commandListeners=[], codecRegistry=ProvidersCodecRegistry{codecProviders=[ValueCodecProvider{}, BsonValueCodecProvider{}, DBRefCodecProvider{}, DBObjectCodecProvider{}, DocumentCodecProvider{}, CollectionCodecProvider{}, IterableCodecProvider{}, MapCodecProvider{}, GeoJsonCodecProvider{}, GridFSFileCodecProvider{}, Jsr310CodecProvider{}, JsonObjectCodecProvider{}, BsonCodecProvider{}, com.mongodb.client.model.mql.ExpressionCodecProvider@6a950a3b, com.mongodb.Jep395RecordCodecProvider@4f7be6c8, com.mongodb.KotlinCodecProvider@647b9364, EnumCodecProvider{}]}, loggerSettings=LoggerSettings{maxDocumentLength=1000}, clusterSettings={hosts=[localhost:27017], srvServiceName=mongodb, mode=SINGLE, requiredClusterType=UNKNOWN, requiredReplicaSetName='null', serverSelector='null', clusterListeners='[]', serverSelectionTimeout='30000 ms', localThreshold='15 ms'}, socketSettings=SocketSettings{connectTimeoutMS=10000, readTimeoutMS=0, receiveBufferSize=0, proxySettings=ProxySettings{host=null, port=null, username=null, password=null}}, heartbeatSocketSettings=SocketSettings{connectTimeoutMS=10000, readTimeoutMS=10000, receiveBufferSize=0, proxySettings=ProxySettings{host=null, port=null, username=null, password=null}}, connectionPoolSettings=ConnectionPoolSettings{maxSize=100, minSize=0, maxWaitTimeMS=120000, maxConnectionLifeTimeMS=0, maxConnectionIdleTimeMS=0, maintenanceInitialDelayMS=0, maintenanceFrequencyMS=60000, connectionPoolListeners=[], maxConnecting=2}, serverSettings=ServerSettings{heartbeatFrequencyMS=10000, minHeartbeatFrequencyMS=500, serverMonitoringMode=AUTO, serverListeners='[]', serverMonitorListeners='[]'}, sslSettings=SslSettings{enabled=false, invalidHostNameAllowed=false, context=null}, applicationName='null', compressorList=[], uuidRepresentation=UNSPECIFIED, serverApi=null, autoEncryptionSettings=null, dnsClient=null, inetAddressResolver=null, contextProvider=null, timeoutMS=null}
2026-04-26 00:51:57 [cluster-ClusterId{value='69ed145547d896cca4d33102', description='null'}-localhost:27017] INFO  org.mongodb.driver.cluster - Monitor thread successfully connected to server with description ServerDescription{address=localhost:27017, type=STANDALONE, cryptd=false, state=CONNECTED, ok=true, minWireVersion=0, maxWireVersion=27, maxDocumentSize=16777216, logicalSessionTimeoutMinutes=30, roundTripTimeNanos=45241000, minRoundTripTimeNanos=0}
2026-04-26 00:51:59 [main] INFO  o.s.boot.tomcat.TomcatWebServer - Tomcat started on port 9090 (http) with context path '/'
2026-04-26 00:51:59 [main] INFO  com.demo.DemoApplication - Started DemoApplication in 4.897 seconds (process running for 5.554)
2026-04-26 00:52:01 [http-nio-9090-exec-2] INFO  o.a.c.c.C.[Tomcat].[localhost].[/] - Initializing Spring DispatcherServlet 'dispatcherServlet'
2026-04-26 00:52:01 [http-nio-9090-exec-2] INFO  o.s.web.servlet.DispatcherServlet - Initializing Servlet 'dispatcherServlet'
2026-04-26 00:52:01 [http-nio-9090-exec-2] INFO  o.s.web.servlet.DispatcherServlet - Completed initialization in 0 ms
2026-04-26 00:52:02 [http-nio-9090-exec-2] INFO  com.demo.controller.ApiController - Creating resource with request: com.demo.dto.RequestDto@227b7c0
2026-04-26 00:52:02 [http-nio-9090-exec-2] INFO  com.demo.service.ApiServiceImpl - Processing request to create resource com.demo.dto.RequestDto@227b7c0
2026-04-26 00:52:13 [http-nio-9090-exec-3] INFO  com.demo.controller.ApiController - Creating resource with request: com.demo.dto.RequestDto@39b59bb0
2026-04-26 00:52:13 [http-nio-9090-exec-3] INFO  com.demo.service.ApiServiceImpl - Processing request to create resource com.demo.dto.RequestDto@39b59bb0
2026-04-26 00:55:42 [SpringApplicationShutdownHook] INFO  o.s.boot.tomcat.GracefulShutdown - Commencing graceful shutdown. Waiting for active requests to complete
2026-04-26 00:55:42 [tomcat-shutdown] INFO  o.s.boot.tomcat.GracefulShutdown - Graceful shutdown complete
2026-04-26 00:55:50 [main] INFO  com.demo.DemoApplication - Starting DemoApplication using Java 24 with PID 25816 (C:\work-space\leetcode_150_interview_questions\demo\target\classes started by ankit in C:\work-space\leetcode_150_interview_questions\demo)
2026-04-26 00:55:50 [main] DEBUG com.demo.DemoApplication - Running with Spring Boot v4.0.5, Spring v7.0.6
2026-04-26 00:55:50 [main] INFO  com.demo.DemoApplication - No active profile set, falling back to 1 default profile: "default"
2026-04-26 00:55:50 [main] INFO  o.s.d.r.c.RepositoryConfigurationDelegate - Bootstrapping Spring Data MongoDB repositories in DEFAULT mode.
2026-04-26 00:55:51 [main] INFO  o.s.d.r.c.RepositoryConfigurationDelegate - Finished Spring Data repository scanning in 69 ms. Found 2 MongoDB repository interfaces.
2026-04-26 00:55:51 [main] INFO  o.s.boot.tomcat.TomcatWebServer - Tomcat initialized with port 9090 (http)
2026-04-26 00:55:51 [main] INFO  o.a.catalina.core.StandardService - Starting service [Tomcat]
2026-04-26 00:55:51 [main] INFO  o.a.catalina.core.StandardEngine - Starting Servlet engine: [Apache Tomcat/11.0.20]
2026-04-26 00:55:51 [main] INFO  o.s.b.w.c.s.WebApplicationContextInitializer - Root WebApplicationContext: initialization completed in 1853 ms
2026-04-26 00:55:52 [main] INFO  org.mongodb.driver.client - MongoClient with metadata {"driver": {"name": "mongo-java-driver|sync", "version": "5.6.4"}, "os": {"type": "Windows", "name": "Windows 11", "architecture": "amd64", "version": "10.0"}, "platform": "Java/Oracle Corporation/24+36-3646"} created with settings MongoClientSettings{readPreference=primary, writeConcern=WriteConcern{w=null, wTimeout=null ms, journal=null}, retryWrites=true, retryReads=true, readConcern=ReadConcern{level=null}, credential=null, transportSettings=null, commandListeners=[], codecRegistry=ProvidersCodecRegistry{codecProviders=[ValueCodecProvider{}, BsonValueCodecProvider{}, DBRefCodecProvider{}, DBObjectCodecProvider{}, DocumentCodecProvider{}, CollectionCodecProvider{}, IterableCodecProvider{}, MapCodecProvider{}, GeoJsonCodecProvider{}, GridFSFileCodecProvider{}, Jsr310CodecProvider{}, JsonObjectCodecProvider{}, BsonCodecProvider{}, com.mongodb.client.model.mql.ExpressionCodecProvider@7e5b621b, com.mongodb.Jep395RecordCodecProvider@10177794, com.mongodb.KotlinCodecProvider@e5c2463, EnumCodecProvider{}]}, loggerSettings=LoggerSettings{maxDocumentLength=1000}, clusterSettings={hosts=[localhost:27017], srvServiceName=mongodb, mode=SINGLE, requiredClusterType=UNKNOWN, requiredReplicaSetName='null', serverSelector='null', clusterListeners='[]', serverSelectionTimeout='30000 ms', localThreshold='15 ms'}, socketSettings=SocketSettings{connectTimeoutMS=10000, readTimeoutMS=0, receiveBufferSize=0, proxySettings=ProxySettings{host=null, port=null, username=null, password=null}}, heartbeatSocketSettings=SocketSettings{connectTimeoutMS=10000, readTimeoutMS=10000, receiveBufferSize=0, proxySettings=ProxySettings{host=null, port=null, username=null, password=null}}, connectionPoolSettings=ConnectionPoolSettings{maxSize=100, minSize=0, maxWaitTimeMS=120000, maxConnectionLifeTimeMS=0, maxConnectionIdleTimeMS=0, maintenanceInitialDelayMS=0, maintenanceFrequencyMS=60000, connectionPoolListeners=[], maxConnecting=2}, serverSettings=ServerSettings{heartbeatFrequencyMS=10000, minHeartbeatFrequencyMS=500, serverMonitoringMode=AUTO, serverListeners='[]', serverMonitorListeners='[]'}, sslSettings=SslSettings{enabled=false, invalidHostNameAllowed=false, context=null}, applicationName='null', compressorList=[], uuidRepresentation=UNSPECIFIED, serverApi=null, autoEncryptionSettings=null, dnsClient=null, inetAddressResolver=null, contextProvider=null, timeoutMS=null}
2026-04-26 00:55:52 [cluster-ClusterId{value='69ed1540855ed5481ee2f9ad', description='null'}-localhost:27017] INFO  org.mongodb.driver.cluster - Monitor thread successfully connected to server with description ServerDescription{address=localhost:27017, type=STANDALONE, cryptd=false, state=CONNECTED, ok=true, minWireVersion=0, maxWireVersion=27, maxDocumentSize=16777216, logicalSessionTimeoutMinutes=30, roundTripTimeNanos=45487900, minRoundTripTimeNanos=0}
2026-04-26 00:55:54 [main] INFO  o.s.boot.tomcat.TomcatWebServer - Tomcat started on port 9090 (http) with context path '/'
2026-04-26 00:55:54 [main] INFO  com.demo.DemoApplication - Started DemoApplication in 4.634 seconds (process running for 5.029)
2026-04-26 00:56:05 [http-nio-9090-exec-1] INFO  o.a.c.c.C.[Tomcat].[localhost].[/] - Initializing Spring DispatcherServlet 'dispatcherServlet'
2026-04-26 00:56:05 [http-nio-9090-exec-1] INFO  o.s.web.servlet.DispatcherServlet - Initializing Servlet 'dispatcherServlet'
2026-04-26 00:56:05 [http-nio-9090-exec-1] INFO  o.s.web.servlet.DispatcherServlet - Completed initialization in 7 ms
2026-04-26 00:56:06 [http-nio-9090-exec-1] INFO  com.demo.controller.ApiController - Creating resource with request: com.demo.dto.RequestDto@4f7593a
2026-04-26 00:56:06 [http-nio-9090-exec-1] INFO  com.demo.service.ApiServiceImpl - Processing request to create resource com.demo.dto.RequestDto@4f7593a
2026-04-26 00:56:09 [http-nio-9090-exec-3] INFO  com.demo.controller.ApiController - Creating resource with request: com.demo.dto.RequestDto@73418d0d
2026-04-26 00:56:09 [http-nio-9090-exec-3] INFO  com.demo.service.ApiServiceImpl - Processing request to create resource com.demo.dto.RequestDto@73418d0d
2026-04-26 00:56:10 [http-nio-9090-exec-4] INFO  com.demo.controller.ApiController - Creating resource with request: com.demo.dto.RequestDto@3e03349
2026-04-26 00:56:10 [http-nio-9090-exec-4] INFO  com.demo.service.ApiServiceImpl - Processing request to create resource com.demo.dto.RequestDto@3e03349
2026-04-26 00:59:53 [http-nio-9090-exec-7] INFO  com.demo.controller.ApiController - Creating resource with request: com.demo.dto.RequestDto@7a3cf2cb
2026-04-26 00:59:53 [http-nio-9090-exec-7] INFO  com.demo.service.ApiServiceImpl - Processing request to create resource com.demo.dto.RequestDto@7a3cf2cb
2026-04-26 01:00:01 [http-nio-9090-exec-8] INFO  com.demo.controller.ApiController - Creating resource with request: com.demo.dto.RequestDto@109605ec
2026-04-26 01:00:01 [http-nio-9090-exec-8] INFO  com.demo.service.ApiServiceImpl - Processing request to create resource com.demo.dto.RequestDto@109605ec
2026-04-26 01:00:03 [http-nio-9090-exec-9] INFO  com.demo.controller.ApiController - Creating resource with request: com.demo.dto.RequestDto@bd53e68
2026-04-26 01:00:03 [http-nio-9090-exec-9] INFO  com.demo.service.ApiServiceImpl - Processing request to create resource com.demo.dto.RequestDto@bd53e68
2026-04-26 01:00:05 [http-nio-9090-exec-6] INFO  com.demo.controller.ApiController - Creating resource with request: com.demo.dto.RequestDto@46521ba1
2026-04-26 01:00:05 [http-nio-9090-exec-6] INFO  com.demo.service.ApiServiceImpl - Processing request to create resource com.demo.dto.RequestDto@46521ba1
2026-04-26 01:00:07 [http-nio-9090-exec-2] INFO  com.demo.controller.ApiController - Creating resource with request: com.demo.dto.RequestDto@4a723aba
2026-04-26 01:00:07 [http-nio-9090-exec-2] INFO  com.demo.service.ApiServiceImpl - Processing request to create resource com.demo.dto.RequestDto@4a723aba
2026-04-26 01:03:06 [http-nio-9090-exec-4] INFO  com.demo.controller.ApiController - Creating resource with request: com.demo.dto.RequestDto@d27dd45
2026-04-26 01:03:06 [http-nio-9090-exec-4] INFO  com.demo.service.ApiServiceImpl - Processing request to create resource com.demo.dto.RequestDto@d27dd45
2026-04-26 01:03:15 [http-nio-9090-exec-5] INFO  com.demo.controller.ApiController - Creating resource with request: com.demo.dto.RequestDto@3c64b67b
2026-04-26 01:03:15 [http-nio-9090-exec-5] INFO  com.demo.service.ApiServiceImpl - Processing request to create resource com.demo.dto.RequestDto@3c64b67b
2026-04-26 01:03:17 [http-nio-9090-exec-10] INFO  com.demo.controller.ApiController - Creating resource with request: com.demo.dto.RequestDto@39b59bb0
2026-04-26 01:03:17 [http-nio-9090-exec-10] INFO  com.demo.service.ApiServiceImpl - Processing request to create resource com.demo.dto.RequestDto@39b59bb0
2026-04-26 01:03:22 [http-nio-9090-exec-7] INFO  com.demo.controller.ApiController - Creating resource with request: com.demo.dto.RequestDto@74fb13fc
2026-04-26 01:03:22 [http-nio-9090-exec-7] INFO  com.demo.service.ApiServiceImpl - Processing request to create resource com.demo.dto.RequestDto@74fb13fc
2026-04-26 01:03:36 [http-nio-9090-exec-8] INFO  com.demo.controller.ApiController - Creating resource with request: com.demo.dto.RequestDto@1e51f98e
2026-04-26 01:03:36 [http-nio-9090-exec-8] INFO  com.demo.service.ApiServiceImpl - Processing request to create resource com.demo.dto.RequestDto@1e51f98e
2026-04-26 01:03:38 [http-nio-9090-exec-9] INFO  com.demo.controller.ApiController - Creating resource with request: com.demo.dto.RequestDto@512c162
2026-04-26 01:03:38 [http-nio-9090-exec-9] INFO  com.demo.service.ApiServiceImpl - Processing request to create resource com.demo.dto.RequestDto@512c162
2026-04-26 01:03:39 [http-nio-9090-exec-6] INFO  com.demo.controller.ApiController - Creating resource with request: com.demo.dto.RequestDto@4895fd1b
2026-04-26 01:03:39 [http-nio-9090-exec-6] INFO  com.demo.service.ApiServiceImpl - Processing request to create resource com.demo.dto.RequestDto@4895fd1b
2026-04-26 10:17:33 [http-nio-9090-exec-3] INFO  com.demo.controller.ApiController - Creating resource with request: com.demo.dto.RequestDto@dcd9fec
2026-04-26 10:17:33 [http-nio-9090-exec-3] INFO  com.demo.service.ApiServiceImpl - Processing request to create resource com.demo.dto.RequestDto@dcd9fec
2026-04-26 10:19:06 [http-nio-9090-exec-10] INFO  com.demo.controller.ApiController - Creating resource with request: com.demo.dto.RequestDto@377262f6
2026-04-26 10:19:06 [http-nio-9090-exec-10] INFO  com.demo.service.ApiServiceImpl - Processing request to create resource com.demo.dto.RequestDto@377262f6
2026-04-26 11:20:54 [cluster-ClusterId{value='69ed1540855ed5481ee2f9ad', description='null'}-localhost:27017] INFO  org.mongodb.driver.cluster - Exception in monitor thread while connecting to server localhost:27017
com.mongodb.MongoSocketReadTimeoutException: Timeout while receiving message
	at com.mongodb.internal.connection.InternalStreamConnection.createReadTimeoutException(InternalStreamConnection.java:819)
	at com.mongodb.internal.connection.InternalStreamConnection.translateReadException(InternalStreamConnection.java:807)
	at com.mongodb.internal.connection.InternalStreamConnection.receiveResponseBuffers(InternalStreamConnection.java:857)
	at com.mongodb.internal.connection.InternalStreamConnection.receiveCommandMessageResponse(InternalStreamConnection.java:517)
	at com.mongodb.internal.connection.InternalStreamConnection.receive(InternalStreamConnection.java:469)
	at com.mongodb.internal.connection.DefaultServerMonitor$ServerMonitor.doHeartbeat(DefaultServerMonitor.java:311)
	at com.mongodb.internal.connection.DefaultServerMonitor$ServerMonitor.lookupServerDescription(DefaultServerMonitor.java:262)
	at com.mongodb.internal.connection.DefaultServerMonitor$ServerMonitor.run(DefaultServerMonitor.java:203)
Caused by: java.net.SocketTimeoutException: Read timed out
	at java.base/sun.nio.ch.NioSocketImpl.timedRead(NioSocketImpl.java:277)
	at java.base/sun.nio.ch.NioSocketImpl.implRead(NioSocketImpl.java:303)
	at java.base/sun.nio.ch.NioSocketImpl.read(NioSocketImpl.java:345)
	at java.base/sun.nio.ch.NioSocketImpl$1.read(NioSocketImpl.java:790)
	at java.base/java.net.Socket$SocketInputStream.implRead(Socket.java:983)
	at java.base/java.net.Socket$SocketInputStream.read(Socket.java:970)
	at com.mongodb.internal.connection.SocketStream.read(SocketStream.java:182)
	at com.mongodb.internal.connection.InternalStreamConnection.receiveResponseBuffers(InternalStreamConnection.java:824)
	... 5 common frames omitted
2026-04-26 11:20:55 [cluster-ClusterId{value='69ed1540855ed5481ee2f9ad', description='null'}-localhost:27017] INFO  org.mongodb.driver.cluster - Monitor thread successfully connected to server with description ServerDescription{address=localhost:27017, type=STANDALONE, cryptd=false, state=CONNECTED, ok=true, minWireVersion=0, maxWireVersion=27, maxDocumentSize=16777216, logicalSessionTimeoutMinutes=30, roundTripTimeNanos=42969300, minRoundTripTimeNanos=0}
2026-04-26 11:23:55 [cluster-ClusterId{value='69ed1540855ed5481ee2f9ad', description='null'}-localhost:27017] INFO  org.mongodb.driver.cluster - Exception in monitor thread while connecting to server localhost:27017
com.mongodb.MongoSocketReadTimeoutException: Timeout while receiving message
	at com.mongodb.internal.connection.InternalStreamConnection.createReadTimeoutException(InternalStreamConnection.java:819)
	at com.mongodb.internal.connection.InternalStreamConnection.translateReadException(InternalStreamConnection.java:807)
	at com.mongodb.internal.connection.InternalStreamConnection.receiveResponseBuffers(InternalStreamConnection.java:857)
	at com.mongodb.internal.connection.InternalStreamConnection.receiveCommandMessageResponse(InternalStreamConnection.java:517)
	at com.mongodb.internal.connection.InternalStreamConnection.receive(InternalStreamConnection.java:469)
	at com.mongodb.internal.connection.DefaultServerMonitor$ServerMonitor.doHeartbeat(DefaultServerMonitor.java:311)
	at com.mongodb.internal.connection.DefaultServerMonitor$ServerMonitor.lookupServerDescription(DefaultServerMonitor.java:262)
	at com.mongodb.internal.connection.DefaultServerMonitor$ServerMonitor.run(DefaultServerMonitor.java:203)
Caused by: java.net.SocketTimeoutException: Read timed out
	at java.base/sun.nio.ch.NioSocketImpl.timedRead(NioSocketImpl.java:277)
	at java.base/sun.nio.ch.NioSocketImpl.implRead(NioSocketImpl.java:303)
	at java.base/sun.nio.ch.NioSocketImpl.read(NioSocketImpl.java:345)
	at java.base/sun.nio.ch.NioSocketImpl$1.read(NioSocketImpl.java:790)
	at java.base/java.net.Socket$SocketInputStream.implRead(Socket.java:983)
	at java.base/java.net.Socket$SocketInputStream.read(Socket.java:970)
	at com.mongodb.internal.connection.SocketStream.read(SocketStream.java:182)
	at com.mongodb.internal.connection.InternalStreamConnection.receiveResponseBuffers(InternalStreamConnection.java:824)
	... 5 common frames omitted
2026-04-26 11:23:55 [cluster-ClusterId{value='69ed1540855ed5481ee2f9ad', description='null'}-localhost:27017] INFO  org.mongodb.driver.cluster - Monitor thread successfully connected to server with description ServerDescription{address=localhost:27017, type=STANDALONE, cryptd=false, state=CONNECTED, ok=true, minWireVersion=0, maxWireVersion=27, maxDocumentSize=16777216, logicalSessionTimeoutMinutes=30, roundTripTimeNanos=44939200, minRoundTripTimeNanos=0}
2026-04-26 12:16:28 [cluster-ClusterId{value='69ed1540855ed5481ee2f9ad', description='null'}-localhost:27017] INFO  org.mongodb.driver.cluster - Exception in monitor thread while connecting to server localhost:27017
com.mongodb.MongoSocketReadTimeoutException: Timeout while receiving message
	at com.mongodb.internal.connection.InternalStreamConnection.createReadTimeoutException(InternalStreamConnection.java:819)
	at com.mongodb.internal.connection.InternalStreamConnection.translateReadException(InternalStreamConnection.java:807)
	at com.mongodb.internal.connection.InternalStreamConnection.receiveResponseBuffers(InternalStreamConnection.java:857)
	at com.mongodb.internal.connection.InternalStreamConnection.receiveCommandMessageResponse(InternalStreamConnection.java:517)
	at com.mongodb.internal.connection.InternalStreamConnection.receive(InternalStreamConnection.java:469)
	at com.mongodb.internal.connection.DefaultServerMonitor$ServerMonitor.doHeartbeat(DefaultServerMonitor.java:311)
	at com.mongodb.internal.connection.DefaultServerMonitor$ServerMonitor.lookupServerDescription(DefaultServerMonitor.java:262)
	at com.mongodb.internal.connection.DefaultServerMonitor$ServerMonitor.run(DefaultServerMonitor.java:203)
Caused by: java.net.SocketTimeoutException: Read timed out
	at java.base/sun.nio.ch.NioSocketImpl.timedRead(NioSocketImpl.java:277)
	at java.base/sun.nio.ch.NioSocketImpl.implRead(NioSocketImpl.java:303)
	at java.base/sun.nio.ch.NioSocketImpl.read(NioSocketImpl.java:345)
	at java.base/sun.nio.ch.NioSocketImpl$1.read(NioSocketImpl.java:790)
	at java.base/java.net.Socket$SocketInputStream.implRead(Socket.java:983)
	at java.base/java.net.Socket$SocketInputStream.read(Socket.java:970)
	at com.mongodb.internal.connection.SocketStream.read(SocketStream.java:182)
	at com.mongodb.internal.connection.InternalStreamConnection.receiveResponseBuffers(InternalStreamConnection.java:824)
	... 5 common frames omitted
2026-04-26 12:16:28 [cluster-ClusterId{value='69ed1540855ed5481ee2f9ad', description='null'}-localhost:27017] INFO  org.mongodb.driver.cluster - Monitor thread successfully connected to server with description ServerDescription{address=localhost:27017, type=STANDALONE, cryptd=false, state=CONNECTED, ok=true, minWireVersion=0, maxWireVersion=27, maxDocumentSize=16777216, logicalSessionTimeoutMinutes=30, roundTripTimeNanos=193103700, minRoundTripTimeNanos=0}
2026-04-26 12:18:25 [http-nio-9090-exec-9] INFO  com.demo.controller.ApiController - Creating resource with request: com.demo.dto.RequestDto@12d5518
2026-04-26 12:18:25 [http-nio-9090-exec-9] INFO  com.demo.service.ApiServiceImpl - Processing request to create resource com.demo.dto.RequestDto@12d5518
2026-04-26 12:18:33 [http-nio-9090-exec-6] INFO  com.demo.controller.ApiController - Creating resource with request: com.demo.dto.RequestDto@4caa70d1
2026-04-26 12:18:33 [http-nio-9090-exec-6] INFO  com.demo.service.ApiServiceImpl - Processing request to create resource com.demo.dto.RequestDto@4caa70d1
2026-04-26 12:18:36 [http-nio-9090-exec-2] INFO  com.demo.controller.ApiController - Creating resource with request: com.demo.dto.RequestDto@235ec74d
2026-04-26 12:18:36 [http-nio-9090-exec-2] INFO  com.demo.service.ApiServiceImpl - Processing request to create resource com.demo.dto.RequestDto@235ec74d
2026-04-26 12:18:38 [http-nio-9090-exec-1] INFO  com.demo.controller.ApiController - Creating resource with request: com.demo.dto.RequestDto@76bf03a9
2026-04-26 12:18:38 [http-nio-9090-exec-1] INFO  com.demo.service.ApiServiceImpl - Processing request to create resource com.demo.dto.RequestDto@76bf03a9
2026-04-26 12:18:44 [http-nio-9090-exec-3] INFO  com.demo.controller.ApiController - Creating resource with request: com.demo.dto.RequestDto@3bf10a26
2026-04-26 12:18:44 [http-nio-9090-exec-3] INFO  com.demo.service.ApiServiceImpl - Processing request to create resource com.demo.dto.RequestDto@3bf10a26
2026-04-26 12:18:48 [http-nio-9090-exec-4] INFO  com.demo.controller.ApiController - Creating resource with request: com.demo.dto.RequestDto@9185839
2026-04-26 12:18:48 [http-nio-9090-exec-4] INFO  com.demo.service.ApiServiceImpl - Processing request to create resource com.demo.dto.RequestDto@9185839
2026-04-26 12:18:58 [http-nio-9090-exec-5] INFO   - Fetch all resources method start 
2026-04-26 12:18:58 [http-nio-9090-exec-5] INFO   - Fetch all resource method end here 
2026-04-26 12:19:06 [http-nio-9090-exec-10] INFO   - Resource not found exception has occurred: Component with ID [f3474577-0711-4dd7-9c99-6d1cc7c37086] not found in Category [69ecb7b1b424f784fec5f060]
2026-04-26 12:19:12 [http-nio-9090-exec-7] INFO   - Resource not found exception has occurred: Resource with ID [69ecff8b77c4f55eb718f707] not found
2026-04-26 12:34:29 [cluster-ClusterId{value='69ed1540855ed5481ee2f9ad', description='null'}-localhost:27017] INFO  org.mongodb.driver.cluster - Exception in monitor thread while connecting to server localhost:27017
com.mongodb.MongoSocketReadTimeoutException: Timeout while receiving message
	at com.mongodb.internal.connection.InternalStreamConnection.createReadTimeoutException(InternalStreamConnection.java:819)
	at com.mongodb.internal.connection.InternalStreamConnection.translateReadException(InternalStreamConnection.java:807)
	at com.mongodb.internal.connection.InternalStreamConnection.receiveResponseBuffers(InternalStreamConnection.java:857)
	at com.mongodb.internal.connection.InternalStreamConnection.receiveCommandMessageResponse(InternalStreamConnection.java:517)
	at com.mongodb.internal.connection.InternalStreamConnection.receive(InternalStreamConnection.java:469)
	at com.mongodb.internal.connection.DefaultServerMonitor$ServerMonitor.doHeartbeat(DefaultServerMonitor.java:311)
	at com.mongodb.internal.connection.DefaultServerMonitor$ServerMonitor.lookupServerDescription(DefaultServerMonitor.java:262)
	at com.mongodb.internal.connection.DefaultServerMonitor$ServerMonitor.run(DefaultServerMonitor.java:203)
Caused by: java.net.SocketTimeoutException: Read timed out
	at java.base/sun.nio.ch.NioSocketImpl.timedRead(NioSocketImpl.java:277)
	at java.base/sun.nio.ch.NioSocketImpl.implRead(NioSocketImpl.java:303)
	at java.base/sun.nio.ch.NioSocketImpl.read(NioSocketImpl.java:345)
	at java.base/sun.nio.ch.NioSocketImpl$1.read(NioSocketImpl.java:790)
	at java.base/java.net.Socket$SocketInputStream.implRead(Socket.java:983)
	at java.base/java.net.Socket$SocketInputStream.read(Socket.java:970)
	at com.mongodb.internal.connection.SocketStream.read(SocketStream.java:182)
	at com.mongodb.internal.connection.InternalStreamConnection.receiveResponseBuffers(InternalStreamConnection.java:824)
	... 5 common frames omitted
2026-04-26 12:34:29 [cluster-ClusterId{value='69ed1540855ed5481ee2f9ad', description='null'}-localhost:27017] INFO  org.mongodb.driver.cluster - Monitor thread successfully connected to server with description ServerDescription{address=localhost:27017, type=STANDALONE, cryptd=false, state=CONNECTED, ok=true, minWireVersion=0, maxWireVersion=27, maxDocumentSize=16777216, logicalSessionTimeoutMinutes=30, roundTripTimeNanos=60432800, minRoundTripTimeNanos=0}
2026-04-26 12:52:16 [cluster-ClusterId{value='69ed1540855ed5481ee2f9ad', description='null'}-localhost:27017] INFO  org.mongodb.driver.cluster - Exception in monitor thread while connecting to server localhost:27017
com.mongodb.MongoSocketReadTimeoutException: Timeout while receiving message
	at com.mongodb.internal.connection.InternalStreamConnection.createReadTimeoutException(InternalStreamConnection.java:819)
	at com.mongodb.internal.connection.InternalStreamConnection.translateReadException(InternalStreamConnection.java:807)
	at com.mongodb.internal.connection.InternalStreamConnection.receiveResponseBuffers(InternalStreamConnection.java:857)
	at com.mongodb.internal.connection.InternalStreamConnection.receiveCommandMessageResponse(InternalStreamConnection.java:517)
	at com.mongodb.internal.connection.InternalStreamConnection.receive(InternalStreamConnection.java:469)
	at com.mongodb.internal.connection.DefaultServerMonitor$ServerMonitor.doHeartbeat(DefaultServerMonitor.java:311)
	at com.mongodb.internal.connection.DefaultServerMonitor$ServerMonitor.lookupServerDescription(DefaultServerMonitor.java:262)
	at com.mongodb.internal.connection.DefaultServerMonitor$ServerMonitor.run(DefaultServerMonitor.java:203)
Caused by: java.net.SocketTimeoutException: Read timed out
	at java.base/sun.nio.ch.NioSocketImpl.timedRead(NioSocketImpl.java:277)
	at java.base/sun.nio.ch.NioSocketImpl.implRead(NioSocketImpl.java:303)
	at java.base/sun.nio.ch.NioSocketImpl.read(NioSocketImpl.java:345)
	at java.base/sun.nio.ch.NioSocketImpl$1.read(NioSocketImpl.java:790)
	at java.base/java.net.Socket$SocketInputStream.implRead(Socket.java:983)
	at java.base/java.net.Socket$SocketInputStream.read(Socket.java:970)
	at com.mongodb.internal.connection.SocketStream.read(SocketStream.java:182)
	at com.mongodb.internal.connection.InternalStreamConnection.receiveResponseBuffers(InternalStreamConnection.java:824)
	... 5 common frames omitted
2026-04-26 12:52:16 [cluster-ClusterId{value='69ed1540855ed5481ee2f9ad', description='null'}-localhost:27017] INFO  org.mongodb.driver.cluster - Monitor thread successfully connected to server with description ServerDescription{address=localhost:27017, type=STANDALONE, cryptd=false, state=CONNECTED, ok=true, minWireVersion=0, maxWireVersion=27, maxDocumentSize=16777216, logicalSessionTimeoutMinutes=30, roundTripTimeNanos=65121600, minRoundTripTimeNanos=0}
2026-04-26 13:02:58 [cluster-ClusterId{value='69ed1540855ed5481ee2f9ad', description='null'}-localhost:27017] INFO  org.mongodb.driver.cluster - Exception in monitor thread while connecting to server localhost:27017
com.mongodb.MongoSocketReadTimeoutException: Timeout while receiving message
	at com.mongodb.internal.connection.InternalStreamConnection.createReadTimeoutException(InternalStreamConnection.java:819)
	at com.mongodb.internal.connection.InternalStreamConnection.translateReadException(InternalStreamConnection.java:807)
	at com.mongodb.internal.connection.InternalStreamConnection.receiveResponseBuffers(InternalStreamConnection.java:857)
	at com.mongodb.internal.connection.InternalStreamConnection.receiveCommandMessageResponse(InternalStreamConnection.java:517)
	at com.mongodb.internal.connection.InternalStreamConnection.receive(InternalStreamConnection.java:469)
	at com.mongodb.internal.connection.DefaultServerMonitor$ServerMonitor.doHeartbeat(DefaultServerMonitor.java:311)
	at com.mongodb.internal.connection.DefaultServerMonitor$ServerMonitor.lookupServerDescription(DefaultServerMonitor.java:262)
	at com.mongodb.internal.connection.DefaultServerMonitor$ServerMonitor.run(DefaultServerMonitor.java:203)
Caused by: java.net.SocketTimeoutException: Read timed out
	at java.base/sun.nio.ch.NioSocketImpl.timedRead(NioSocketImpl.java:277)
	at java.base/sun.nio.ch.NioSocketImpl.implRead(NioSocketImpl.java:303)
	at java.base/sun.nio.ch.NioSocketImpl.read(NioSocketImpl.java:345)
	at java.base/sun.nio.ch.NioSocketImpl$1.read(NioSocketImpl.java:790)
	at java.base/java.net.Socket$SocketInputStream.implRead(Socket.java:983)
	at java.base/java.net.Socket$SocketInputStream.read(Socket.java:970)
	at com.mongodb.internal.connection.SocketStream.read(SocketStream.java:182)
	at com.mongodb.internal.connection.InternalStreamConnection.receiveResponseBuffers(InternalStreamConnection.java:824)
	... 5 common frames omitted
2026-04-26 13:02:58 [cluster-ClusterId{value='69ed1540855ed5481ee2f9ad', description='null'}-localhost:27017] INFO  org.mongodb.driver.cluster - Monitor thread successfully connected to server with description ServerDescription{address=localhost:27017, type=STANDALONE, cryptd=false, state=CONNECTED, ok=true, minWireVersion=0, maxWireVersion=27, maxDocumentSize=16777216, logicalSessionTimeoutMinutes=30, roundTripTimeNanos=47647700, minRoundTripTimeNanos=0}
2026-04-26 13:11:12 [cluster-ClusterId{value='69ed1540855ed5481ee2f9ad', description='null'}-localhost:27017] INFO  org.mongodb.driver.cluster - Exception in monitor thread while connecting to server localhost:27017
com.mongodb.MongoSocketReadTimeoutException: Timeout while receiving message
	at com.mongodb.internal.connection.InternalStreamConnection.createReadTimeoutException(InternalStreamConnection.java:819)
	at com.mongodb.internal.connection.InternalStreamConnection.translateReadException(InternalStreamConnection.java:807)
	at com.mongodb.internal.connection.InternalStreamConnection.receiveResponseBuffers(InternalStreamConnection.java:857)
	at com.mongodb.internal.connection.InternalStreamConnection.receiveCommandMessageResponse(InternalStreamConnection.java:517)
	at com.mongodb.internal.connection.InternalStreamConnection.receive(InternalStreamConnection.java:469)
	at com.mongodb.internal.connection.DefaultServerMonitor$ServerMonitor.doHeartbeat(DefaultServerMonitor.java:311)
	at com.mongodb.internal.connection.DefaultServerMonitor$ServerMonitor.lookupServerDescription(DefaultServerMonitor.java:262)
	at com.mongodb.internal.connection.DefaultServerMonitor$ServerMonitor.run(DefaultServerMonitor.java:203)
Caused by: java.net.SocketTimeoutException: Read timed out
	at java.base/sun.nio.ch.NioSocketImpl.timedRead(NioSocketImpl.java:277)
	at java.base/sun.nio.ch.NioSocketImpl.implRead(NioSocketImpl.java:303)
	at java.base/sun.nio.ch.NioSocketImpl.read(NioSocketImpl.java:345)
	at java.base/sun.nio.ch.NioSocketImpl$1.read(NioSocketImpl.java:790)
	at java.base/java.net.Socket$SocketInputStream.implRead(Socket.java:983)
	at java.base/java.net.Socket$SocketInputStream.read(Socket.java:970)
	at com.mongodb.internal.connection.SocketStream.read(SocketStream.java:182)
	at com.mongodb.internal.connection.InternalStreamConnection.receiveResponseBuffers(InternalStreamConnection.java:824)
	... 5 common frames omitted
2026-04-26 13:11:12 [cluster-ClusterId{value='69ed1540855ed5481ee2f9ad', description='null'}-localhost:27017] INFO  org.mongodb.driver.cluster - Monitor thread successfully connected to server with description ServerDescription{address=localhost:27017, type=STANDALONE, cryptd=false, state=CONNECTED, ok=true, minWireVersion=0, maxWireVersion=27, maxDocumentSize=16777216, logicalSessionTimeoutMinutes=30, roundTripTimeNanos=2595100, minRoundTripTimeNanos=0}
2026-04-26 13:36:01 [cluster-ClusterId{value='69ed1540855ed5481ee2f9ad', description='null'}-localhost:27017] INFO  org.mongodb.driver.cluster - Exception in monitor thread while connecting to server localhost:27017
com.mongodb.MongoSocketReadTimeoutException: Timeout while receiving message
	at com.mongodb.internal.connection.InternalStreamConnection.createReadTimeoutException(InternalStreamConnection.java:819)
	at com.mongodb.internal.connection.InternalStreamConnection.translateReadException(InternalStreamConnection.java:807)
	at com.mongodb.internal.connection.InternalStreamConnection.receiveResponseBuffers(InternalStreamConnection.java:857)
	at com.mongodb.internal.connection.InternalStreamConnection.receiveCommandMessageResponse(InternalStreamConnection.java:517)
	at com.mongodb.internal.connection.InternalStreamConnection.receive(InternalStreamConnection.java:469)
	at com.mongodb.internal.connection.DefaultServerMonitor$ServerMonitor.doHeartbeat(DefaultServerMonitor.java:311)
	at com.mongodb.internal.connection.DefaultServerMonitor$ServerMonitor.lookupServerDescription(DefaultServerMonitor.java:262)
	at com.mongodb.internal.connection.DefaultServerMonitor$ServerMonitor.run(DefaultServerMonitor.java:203)
Caused by: java.net.SocketTimeoutException: Read timed out
	at java.base/sun.nio.ch.NioSocketImpl.timedRead(NioSocketImpl.java:277)
	at java.base/sun.nio.ch.NioSocketImpl.implRead(NioSocketImpl.java:303)
	at java.base/sun.nio.ch.NioSocketImpl.read(NioSocketImpl.java:345)
	at java.base/sun.nio.ch.NioSocketImpl$1.read(NioSocketImpl.java:790)
	at java.base/java.net.Socket$SocketInputStream.implRead(Socket.java:983)
	at java.base/java.net.Socket$SocketInputStream.read(Socket.java:970)
	at com.mongodb.internal.connection.SocketStream.read(SocketStream.java:182)
	at com.mongodb.internal.connection.InternalStreamConnection.receiveResponseBuffers(InternalStreamConnection.java:824)
	... 5 common frames omitted
2026-04-26 13:36:01 [cluster-ClusterId{value='69ed1540855ed5481ee2f9ad', description='null'}-localhost:27017] INFO  org.mongodb.driver.cluster - Monitor thread successfully connected to server with description ServerDescription{address=localhost:27017, type=STANDALONE, cryptd=false, state=CONNECTED, ok=true, minWireVersion=0, maxWireVersion=27, maxDocumentSize=16777216, logicalSessionTimeoutMinutes=30, roundTripTimeNanos=3189800, minRoundTripTimeNanos=0}
2026-04-26 15:01:51 [http-nio-9090-exec-6] INFO   - Resource not found exception has occurred: Resource with ID [69ecff8b77c4f55eb718f707] not found
2026-04-26 15:01:55 [http-nio-9090-exec-2] INFO   - Fetch all resources method start 
2026-04-26 15:01:55 [http-nio-9090-exec-2] INFO   - Fetch all resource method end here 
2026-04-26 15:02:03 [http-nio-9090-exec-1] INFO   - Fetch all resources method start 
2026-04-26 15:02:03 [http-nio-9090-exec-1] INFO   - Fetch all resource method end here 
2026-04-26 15:02:19 [http-nio-9090-exec-3] INFO   - Fetch all resources method start 
2026-04-26 15:02:19 [http-nio-9090-exec-3] INFO   - Fetch all resource method end here 
2026-04-26 15:02:19 [http-nio-9090-exec-4] INFO   - Fetch all resources method start 
2026-04-26 15:02:19 [http-nio-9090-exec-4] INFO   - Fetch all resource method end here 
2026-04-26 15:02:19 [http-nio-9090-exec-5] INFO   - Fetch all resources method start 
2026-04-26 15:02:19 [http-nio-9090-exec-5] INFO   - Fetch all resource method end here 
2026-04-26 15:02:23 [http-nio-9090-exec-10] INFO   - Fetch all resources method start 
2026-04-26 15:02:23 [http-nio-9090-exec-10] INFO   - Fetch all resource method end here 
2026-04-26 15:02:23 [http-nio-9090-exec-7] INFO   - Fetch all resources method start 
2026-04-26 15:02:23 [http-nio-9090-exec-7] INFO   - Fetch all resource method end here 
2026-04-26 15:02:23 [http-nio-9090-exec-8] INFO   - Fetch all resources method start 
2026-04-26 15:02:23 [http-nio-9090-exec-8] INFO   - Fetch all resource method end here 
2026-04-26 15:03:09 [SpringApplicationShutdownHook] INFO  o.s.boot.tomcat.GracefulShutdown - Commencing graceful shutdown. Waiting for active requests to complete
2026-04-26 15:03:09 [tomcat-shutdown] INFO  o.s.boot.tomcat.GracefulShutdown - Graceful shutdown complete
2026-04-26 15:03:12 [main] INFO  com.demo.DemoApplication - Starting DemoApplication using Java 24 with PID 33220 (C:\work-space\leetcode_150_interview_questions\demo\target\classes started by ankit in C:\work-space\leetcode_150_interview_questions\demo)
2026-04-26 15:03:12 [main] DEBUG com.demo.DemoApplication - Running with Spring Boot v4.0.5, Spring v7.0.6
2026-04-26 15:03:12 [main] INFO  com.demo.DemoApplication - No active profile set, falling back to 1 default profile: "default"
2026-04-26 15:03:13 [main] INFO  o.s.d.r.c.RepositoryConfigurationDelegate - Bootstrapping Spring Data MongoDB repositories in DEFAULT mode.
2026-04-26 15:03:13 [main] INFO  o.s.d.r.c.RepositoryConfigurationDelegate - Finished Spring Data repository scanning in 39 ms. Found 2 MongoDB repository interfaces.
2026-04-26 15:03:13 [main] INFO  o.s.boot.tomcat.TomcatWebServer - Tomcat initialized with port 9090 (http)
2026-04-26 15:03:13 [main] INFO  o.a.catalina.core.StandardService - Starting service [Tomcat]
2026-04-26 15:03:13 [main] INFO  o.a.catalina.core.StandardEngine - Starting Servlet engine: [Apache Tomcat/11.0.20]
2026-04-26 15:03:14 [main] INFO  o.s.b.w.c.s.WebApplicationContextInitializer - Root WebApplicationContext: initialization completed in 1011 ms
2026-04-26 15:03:14 [main] INFO  org.mongodb.driver.client - MongoClient with metadata {"driver": {"name": "mongo-java-driver|sync", "version": "5.6.4"}, "os": {"type": "Windows", "name": "Windows 11", "architecture": "amd64", "version": "10.0"}, "platform": "Java/Oracle Corporation/24+36-3646"} created with settings MongoClientSettings{readPreference=primary, writeConcern=WriteConcern{w=null, wTimeout=null ms, journal=null}, retryWrites=true, retryReads=true, readConcern=ReadConcern{level=null}, credential=null, transportSettings=null, commandListeners=[], codecRegistry=ProvidersCodecRegistry{codecProviders=[ValueCodecProvider{}, BsonValueCodecProvider{}, DBRefCodecProvider{}, DBObjectCodecProvider{}, DocumentCodecProvider{}, CollectionCodecProvider{}, IterableCodecProvider{}, MapCodecProvider{}, GeoJsonCodecProvider{}, GridFSFileCodecProvider{}, Jsr310CodecProvider{}, JsonObjectCodecProvider{}, BsonCodecProvider{}, com.mongodb.client.model.mql.ExpressionCodecProvider@193eb1ba, com.mongodb.Jep395RecordCodecProvider@2be818da, com.mongodb.KotlinCodecProvider@46320c9a, EnumCodecProvider{}]}, loggerSettings=LoggerSettings{maxDocumentLength=1000}, clusterSettings={hosts=[localhost:27017], srvServiceName=mongodb, mode=SINGLE, requiredClusterType=UNKNOWN, requiredReplicaSetName='null', serverSelector='null', clusterListeners='[]', serverSelectionTimeout='30000 ms', localThreshold='15 ms'}, socketSettings=SocketSettings{connectTimeoutMS=10000, readTimeoutMS=0, receiveBufferSize=0, proxySettings=ProxySettings{host=null, port=null, username=null, password=null}}, heartbeatSocketSettings=SocketSettings{connectTimeoutMS=10000, readTimeoutMS=10000, receiveBufferSize=0, proxySettings=ProxySettings{host=null, port=null, username=null, password=null}}, connectionPoolSettings=ConnectionPoolSettings{maxSize=100, minSize=0, maxWaitTimeMS=120000, maxConnectionLifeTimeMS=0, maxConnectionIdleTimeMS=0, maintenanceInitialDelayMS=0, maintenanceFrequencyMS=60000, connectionPoolListeners=[], maxConnecting=2}, serverSettings=ServerSettings{heartbeatFrequencyMS=10000, minHeartbeatFrequencyMS=500, serverMonitoringMode=AUTO, serverListeners='[]', serverMonitorListeners='[]'}, sslSettings=SslSettings{enabled=false, invalidHostNameAllowed=false, context=null}, applicationName='null', compressorList=[], uuidRepresentation=UNSPECIFIED, serverApi=null, autoEncryptionSettings=null, dnsClient=null, inetAddressResolver=null, contextProvider=null, timeoutMS=null}
2026-04-26 15:03:14 [cluster-ClusterId{value='69eddbda73894fcf1858704e', description='null'}-localhost:27017] INFO  org.mongodb.driver.cluster - Monitor thread successfully connected to server with description ServerDescription{address=localhost:27017, type=STANDALONE, cryptd=false, state=CONNECTED, ok=true, minWireVersion=0, maxWireVersion=27, maxDocumentSize=16777216, logicalSessionTimeoutMinutes=30, roundTripTimeNanos=20377200, minRoundTripTimeNanos=0}
2026-04-26 15:03:14 [main] INFO  o.s.boot.tomcat.TomcatWebServer - Tomcat started on port 9090 (http) with context path '/'
2026-04-26 15:03:14 [main] INFO  com.demo.DemoApplication - Started DemoApplication in 2.434 seconds (process running for 2.912)
2026-04-26 15:03:15 [http-nio-9090-exec-2] INFO  o.a.c.c.C.[Tomcat].[localhost].[/] - Initializing Spring DispatcherServlet 'dispatcherServlet'
2026-04-26 15:03:15 [http-nio-9090-exec-2] INFO  o.s.web.servlet.DispatcherServlet - Initializing Servlet 'dispatcherServlet'
2026-04-26 15:03:15 [http-nio-9090-exec-2] INFO  o.s.web.servlet.DispatcherServlet - Completed initialization in 3 ms
2026-04-26 15:06:14 [SpringApplicationShutdownHook] INFO  o.s.boot.tomcat.GracefulShutdown - Commencing graceful shutdown. Waiting for active requests to complete
2026-04-26 15:06:14 [tomcat-shutdown] INFO  o.s.boot.tomcat.GracefulShutdown - Graceful shutdown complete
2026-04-26 15:06:19 [main] INFO  com.demo.DemoApplication - Starting DemoApplication using Java 24 with PID 38940 (C:\work-space\leetcode_150_interview_questions\demo\target\classes started by ankit in C:\work-space\leetcode_150_interview_questions\demo)
2026-04-26 15:06:19 [main] DEBUG com.demo.DemoApplication - Running with Spring Boot v4.0.5, Spring v7.0.6
2026-04-26 15:06:19 [main] INFO  com.demo.DemoApplication - No active profile set, falling back to 1 default profile: "default"
2026-04-26 15:06:20 [main] INFO  o.s.d.r.c.RepositoryConfigurationDelegate - Bootstrapping Spring Data MongoDB repositories in DEFAULT mode.
2026-04-26 15:06:20 [main] INFO  o.s.d.r.c.RepositoryConfigurationDelegate - Finished Spring Data repository scanning in 77 ms. Found 2 MongoDB repository interfaces.
2026-04-26 15:06:21 [main] INFO  o.s.boot.tomcat.TomcatWebServer - Tomcat initialized with port 9090 (http)
2026-04-26 15:06:21 [main] INFO  o.a.catalina.core.StandardService - Starting service [Tomcat]
2026-04-26 15:06:21 [main] INFO  o.a.catalina.core.StandardEngine - Starting Servlet engine: [Apache Tomcat/11.0.20]
2026-04-26 15:06:21 [main] INFO  o.s.b.w.c.s.WebApplicationContextInitializer - Root WebApplicationContext: initialization completed in 1779 ms
2026-04-26 15:06:21 [main] INFO  org.mongodb.driver.client - MongoClient with metadata {"driver": {"name": "mongo-java-driver|sync", "version": "5.6.4"}, "os": {"type": "Windows", "name": "Windows 11", "architecture": "amd64", "version": "10.0"}, "platform": "Java/Oracle Corporation/24+36-3646"} created with settings MongoClientSettings{readPreference=primary, writeConcern=WriteConcern{w=null, wTimeout=null ms, journal=null}, retryWrites=true, retryReads=true, readConcern=ReadConcern{level=null}, credential=null, transportSettings=null, commandListeners=[], codecRegistry=ProvidersCodecRegistry{codecProviders=[ValueCodecProvider{}, BsonValueCodecProvider{}, DBRefCodecProvider{}, DBObjectCodecProvider{}, DocumentCodecProvider{}, CollectionCodecProvider{}, IterableCodecProvider{}, MapCodecProvider{}, GeoJsonCodecProvider{}, GridFSFileCodecProvider{}, Jsr310CodecProvider{}, JsonObjectCodecProvider{}, BsonCodecProvider{}, com.mongodb.client.model.mql.ExpressionCodecProvider@3e1f1046, com.mongodb.Jep395RecordCodecProvider@23e3f5cd, com.mongodb.KotlinCodecProvider@5c931134, EnumCodecProvider{}]}, loggerSettings=LoggerSettings{maxDocumentLength=1000}, clusterSettings={hosts=[localhost:27017], srvServiceName=mongodb, mode=SINGLE, requiredClusterType=UNKNOWN, requiredReplicaSetName='null', serverSelector='null', clusterListeners='[]', serverSelectionTimeout='30000 ms', localThreshold='15 ms'}, socketSettings=SocketSettings{connectTimeoutMS=10000, readTimeoutMS=0, receiveBufferSize=0, proxySettings=ProxySettings{host=null, port=null, username=null, password=null}}, heartbeatSocketSettings=SocketSettings{connectTimeoutMS=10000, readTimeoutMS=10000, receiveBufferSize=0, proxySettings=ProxySettings{host=null, port=null, username=null, password=null}}, connectionPoolSettings=ConnectionPoolSettings{maxSize=100, minSize=0, maxWaitTimeMS=120000, maxConnectionLifeTimeMS=0, maxConnectionIdleTimeMS=0, maintenanceInitialDelayMS=0, maintenanceFrequencyMS=60000, connectionPoolListeners=[], maxConnecting=2}, serverSettings=ServerSettings{heartbeatFrequencyMS=10000, minHeartbeatFrequencyMS=500, serverMonitoringMode=AUTO, serverListeners='[]', serverMonitorListeners='[]'}, sslSettings=SslSettings{enabled=false, invalidHostNameAllowed=false, context=null}, applicationName='null', compressorList=[], uuidRepresentation=UNSPECIFIED, serverApi=null, autoEncryptionSettings=null, dnsClient=null, inetAddressResolver=null, contextProvider=null, timeoutMS=null}
2026-04-26 15:06:21 [cluster-ClusterId{value='69eddc956b2f5939f40489e0', description='null'}-localhost:27017] INFO  org.mongodb.driver.cluster - Monitor thread successfully connected to server with description ServerDescription{address=localhost:27017, type=STANDALONE, cryptd=false, state=CONNECTED, ok=true, minWireVersion=0, maxWireVersion=27, maxDocumentSize=16777216, logicalSessionTimeoutMinutes=30, roundTripTimeNanos=26622900, minRoundTripTimeNanos=0}
2026-04-26 15:06:22 [main] INFO  o.s.boot.tomcat.TomcatWebServer - Tomcat started on port 9090 (http) with context path '/'
2026-04-26 15:06:22 [main] INFO  com.demo.DemoApplication - Started DemoApplication in 4.025 seconds (process running for 4.75)
2026-04-26 15:06:29 [http-nio-9090-exec-1] INFO  o.a.c.c.C.[Tomcat].[localhost].[/] - Initializing Spring DispatcherServlet 'dispatcherServlet'
2026-04-26 15:06:29 [http-nio-9090-exec-1] INFO  o.s.web.servlet.DispatcherServlet - Initializing Servlet 'dispatcherServlet'
2026-04-26 15:06:29 [http-nio-9090-exec-1] INFO  o.s.web.servlet.DispatcherServlet - Completed initialization in 0 ms
2026-04-26 15:06:29 [http-nio-9090-exec-1] INFO   - Fetch all resources method start 
2026-04-26 15:06:30 [http-nio-9090-exec-1] INFO   - Fetch all resource method end here 
2026-04-26 15:06:30 [http-nio-9090-exec-2] INFO   - Fetch all resources method start 
2026-04-26 15:06:30 [http-nio-9090-exec-2] INFO   - Fetch all resource method end here 
2026-04-26 15:06:47 [http-nio-9090-exec-3] INFO   - Fetch all resources method start 
2026-04-26 15:06:47 [http-nio-9090-exec-3] INFO   - Fetch all resource method end here 
2026-04-26 15:06:47 [http-nio-9090-exec-4] INFO   - Fetch all resources method start 
2026-04-26 15:06:47 [http-nio-9090-exec-4] INFO   - Fetch all resource method end here 
2026-04-26 15:06:56 [http-nio-9090-exec-5] INFO   - Fetch all resources method start 
2026-04-26 15:06:56 [http-nio-9090-exec-5] INFO   - Fetch all resource method end here 
2026-04-26 15:06:56 [http-nio-9090-exec-6] INFO   - Fetch all resources method start 
2026-04-26 15:06:56 [http-nio-9090-exec-6] INFO   - Fetch all resource method end here 
2026-04-26 15:08:55 [http-nio-9090-exec-9] INFO   - Fetch all resources method start 
2026-04-26 15:08:55 [http-nio-9090-exec-9] INFO   - Fetch all resource method end here 
2026-04-26 15:08:55 [http-nio-9090-exec-10] INFO   - Fetch all resources method start 
2026-04-26 15:08:55 [http-nio-9090-exec-10] INFO   - Fetch all resource method end here 
2026-04-26 15:09:05 [http-nio-9090-exec-1] INFO   - Fetch all resources method start 
2026-04-26 15:09:05 [http-nio-9090-exec-1] INFO   - Fetch all resource method end here 
2026-04-26 15:09:05 [http-nio-9090-exec-2] INFO   - Fetch all resources method start 
2026-04-26 15:09:05 [http-nio-9090-exec-2] INFO   - Fetch all resource method end here 
2026-04-26 15:11:03 [http-nio-9090-exec-5] INFO   - Fetch all resources method start 
2026-04-26 15:11:03 [http-nio-9090-exec-5] INFO   - Fetch all resource method end here 
2026-04-26 15:11:03 [http-nio-9090-exec-6] INFO   - Fetch all resources method start 
2026-04-26 15:11:03 [http-nio-9090-exec-6] INFO   - Fetch all resource method end here 
2026-04-26 15:11:23 [http-nio-9090-exec-7] INFO   - Fetch all resources method start 
2026-04-26 15:11:23 [http-nio-9090-exec-7] INFO   - Fetch all resource method end here 
2026-04-26 15:11:23 [http-nio-9090-exec-8] INFO   - Fetch all resources method start 
2026-04-26 15:11:23 [http-nio-9090-exec-8] INFO   - Fetch all resource method end here 
2026-04-26 15:11:53 [http-nio-9090-exec-1] INFO   - Fetch all resources method start 
2026-04-26 15:11:53 [http-nio-9090-exec-1] INFO   - Fetch all resource method end here 
2026-04-26 15:11:53 [http-nio-9090-exec-2] INFO   - Fetch all resources method start 
2026-04-26 15:11:53 [http-nio-9090-exec-2] INFO   - Fetch all resource method end here 
2026-04-26 15:13:26 [http-nio-9090-exec-5] INFO   - Fetch all resources method start 
2026-04-26 15:13:26 [http-nio-9090-exec-5] INFO   - Fetch all resource method end here 
2026-04-26 15:13:26 [http-nio-9090-exec-6] INFO   - Fetch all resources method start 
2026-04-26 15:13:26 [http-nio-9090-exec-6] INFO   - Fetch all resource method end here 
2026-04-26 15:19:53 [http-nio-9090-exec-9] INFO   - Fetch all resources method start 
2026-04-26 15:19:53 [http-nio-9090-exec-9] INFO   - Fetch all resource method end here 
2026-04-26 15:19:53 [http-nio-9090-exec-10] INFO   - Fetch all resources method start 
2026-04-26 15:19:53 [http-nio-9090-exec-10] INFO   - Fetch all resource method end here 
2026-04-26 15:20:31 [http-nio-9090-exec-1] INFO   - Fetch all resources method start 
2026-04-26 15:20:31 [http-nio-9090-exec-1] INFO   - Fetch all resource method end here 
2026-04-26 15:20:31 [http-nio-9090-exec-2] INFO   - Fetch all resources method start 
2026-04-26 15:20:31 [http-nio-9090-exec-2] INFO   - Fetch all resource method end here 
2026-04-26 15:21:28 [http-nio-9090-exec-3] INFO   - Fetch all resources method start 
2026-04-26 15:21:28 [http-nio-9090-exec-3] INFO   - Fetch all resource method end here 
2026-04-26 15:21:28 [http-nio-9090-exec-4] INFO   - Fetch all resources method start 
2026-04-26 15:21:28 [http-nio-9090-exec-4] INFO   - Fetch all resource method end here 
2026-04-26 15:21:56 [http-nio-9090-exec-5] INFO   - Fetch all resources method start 
2026-04-26 15:21:56 [http-nio-9090-exec-5] INFO   - Fetch all resource method end here 
2026-04-26 15:21:56 [http-nio-9090-exec-6] INFO   - Fetch all resources method start 
2026-04-26 15:21:56 [http-nio-9090-exec-6] INFO   - Fetch all resource method end here 
2026-04-26 15:24:44 [http-nio-9090-exec-9] INFO   - Fetch all resources method start 
2026-04-26 15:24:44 [http-nio-9090-exec-9] INFO   - Fetch all resource method end here 
2026-04-26 15:24:45 [http-nio-9090-exec-10] INFO   - Fetch all resources method start 
2026-04-26 15:24:45 [http-nio-9090-exec-10] INFO   - Fetch all resource method end here 
2026-04-26 15:24:45 [http-nio-9090-exec-1] INFO   - Fetch all resources method start 
2026-04-26 15:24:45 [http-nio-9090-exec-1] INFO   - Fetch all resource method end here 
2026-04-26 15:24:45 [http-nio-9090-exec-2] INFO   - Fetch all resources method start 
2026-04-26 15:24:45 [http-nio-9090-exec-2] INFO   - Fetch all resource method end here 
2026-04-26 15:24:46 [http-nio-9090-exec-3] INFO   - Fetch all resources method start 
2026-04-26 15:24:46 [http-nio-9090-exec-3] INFO   - Fetch all resource method end here 
2026-04-26 15:24:46 [http-nio-9090-exec-4] INFO   - Fetch all resources method start 
2026-04-26 15:24:46 [http-nio-9090-exec-4] INFO   - Fetch all resource method end here 
2026-04-26 15:24:46 [http-nio-9090-exec-5] INFO   - Fetch all resources method start 
2026-04-26 15:24:46 [http-nio-9090-exec-5] INFO   - Fetch all resource method end here 
2026-04-26 15:24:46 [http-nio-9090-exec-6] INFO   - Fetch all resources method start 
2026-04-26 15:24:46 [http-nio-9090-exec-6] INFO   - Fetch all resource method end here 
2026-04-26 15:24:46 [http-nio-9090-exec-8] INFO   - Fetch all resources method start 
2026-04-26 15:24:46 [http-nio-9090-exec-8] INFO   - Fetch all resource method end here 
2026-04-26 15:24:46 [http-nio-9090-exec-7] INFO   - Fetch all resources method start 
2026-04-26 15:24:46 [http-nio-9090-exec-7] INFO   - Fetch all resource method end here 
2026-04-26 15:27:17 [http-nio-9090-exec-1] INFO   - Fetch all resources method start 
2026-04-26 15:27:17 [http-nio-9090-exec-1] INFO   - Fetch all resource method end here 
2026-04-26 15:27:17 [http-nio-9090-exec-2] INFO   - Fetch all resources method start 
2026-04-26 15:27:17 [http-nio-9090-exec-2] INFO   - Fetch all resource method end here 
2026-04-26 15:28:52 [http-nio-9090-exec-5] INFO   - Fetch all resources method start 
2026-04-26 15:28:52 [http-nio-9090-exec-5] INFO   - Fetch all resource method end here 
2026-04-26 15:28:52 [http-nio-9090-exec-6] INFO   - Fetch all resources method start 
2026-04-26 15:28:52 [http-nio-9090-exec-6] INFO   - Fetch all resource method end here 
2026-04-26 15:28:52 [http-nio-9090-exec-8] INFO   - Fetch all resources method start 
2026-04-26 15:28:52 [http-nio-9090-exec-8] INFO   - Fetch all resource method end here 
2026-04-26 15:28:52 [http-nio-9090-exec-7] INFO   - Fetch all resources method start 
2026-04-26 15:28:52 [http-nio-9090-exec-7] INFO   - Fetch all resource method end here 
2026-04-26 15:28:52 [http-nio-9090-exec-9] INFO   - Fetch all resources method start 
2026-04-26 15:28:52 [http-nio-9090-exec-9] INFO   - Fetch all resource method end here 
2026-04-26 15:28:52 [http-nio-9090-exec-10] INFO   - Fetch all resources method start 
2026-04-26 15:28:52 [http-nio-9090-exec-10] INFO   - Fetch all resource method end here 
2026-04-26 15:28:52 [http-nio-9090-exec-1] INFO   - Fetch all resources method start 
2026-04-26 15:28:52 [http-nio-9090-exec-1] INFO   - Fetch all resource method end here 
2026-04-26 15:28:52 [http-nio-9090-exec-2] INFO   - Fetch all resources method start 
2026-04-26 15:28:52 [http-nio-9090-exec-2] INFO   - Fetch all resource method end here 
2026-04-26 15:28:52 [http-nio-9090-exec-3] INFO   - Fetch all resources method start 
2026-04-26 15:28:52 [http-nio-9090-exec-3] INFO   - Fetch all resource method end here 
2026-04-26 15:28:52 [http-nio-9090-exec-4] INFO   - Fetch all resources method start 
2026-04-26 15:28:52 [http-nio-9090-exec-4] INFO   - Fetch all resource method end here 
2026-04-26 15:34:12 [http-nio-9090-exec-8] INFO   - Fetch all resources method start 
2026-04-26 15:34:12 [http-nio-9090-exec-8] INFO   - Fetch all resource method end here 
2026-04-26 15:34:12 [http-nio-9090-exec-7] INFO   - Fetch all resources method start 
2026-04-26 15:34:12 [http-nio-9090-exec-7] INFO   - Fetch all resource method end here 
2026-04-26 15:36:26 [http-nio-9090-exec-1] INFO   - Fetch all resources method start 
2026-04-26 15:36:26 [http-nio-9090-exec-1] INFO   - Fetch all resource method end here 
2026-04-26 15:36:26 [http-nio-9090-exec-2] INFO   - Fetch all resources method start 
2026-04-26 15:36:26 [http-nio-9090-exec-2] INFO   - Fetch all resource method end here 
2026-04-26 15:36:29 [http-nio-9090-exec-3] INFO   - Fetch all resources method start 
2026-04-26 15:36:29 [http-nio-9090-exec-3] INFO   - Fetch all resource method end here 
2026-04-26 15:36:29 [http-nio-9090-exec-4] INFO   - Fetch all resources method start 
2026-04-26 15:36:29 [http-nio-9090-exec-4] INFO   - Fetch all resource method end here 
2026-04-26 15:36:46 [http-nio-9090-exec-5] INFO   - Fetch all resources method start 
2026-04-26 15:36:46 [http-nio-9090-exec-5] INFO   - Fetch all resource method end here 
2026-04-26 15:36:46 [http-nio-9090-exec-6] INFO   - Fetch all resources method start 
2026-04-26 15:36:46 [http-nio-9090-exec-6] INFO   - Fetch all resource method end here 
2026-04-26 15:37:27 [http-nio-9090-exec-8] INFO   - Fetch all resources method start 
2026-04-26 15:37:27 [http-nio-9090-exec-8] INFO   - Fetch all resource method end here 
2026-04-26 15:37:27 [http-nio-9090-exec-7] INFO   - Fetch all resources method start 
2026-04-26 15:37:27 [http-nio-9090-exec-7] INFO   - Fetch all resource method end here 
2026-04-26 15:37:56 [http-nio-9090-exec-9] INFO   - Fetch all resources method start 
2026-04-26 15:37:56 [http-nio-9090-exec-9] INFO   - Fetch all resource method end here 
2026-04-26 15:37:56 [http-nio-9090-exec-10] INFO   - Fetch all resources method start 
2026-04-26 15:37:56 [http-nio-9090-exec-10] INFO   - Fetch all resource method end here 
2026-04-26 15:39:43 [http-nio-9090-exec-3] INFO   - Fetch all resources method start 
2026-04-26 15:39:43 [http-nio-9090-exec-3] INFO   - Fetch all resource method end here 
2026-04-26 15:39:43 [http-nio-9090-exec-4] INFO   - Fetch all resources method start 
2026-04-26 15:39:43 [http-nio-9090-exec-4] INFO   - Fetch all resource method end here 
2026-04-26 15:40:57 [http-nio-9090-exec-8] INFO   - Fetch all resources method start 
2026-04-26 15:40:57 [http-nio-9090-exec-8] INFO   - Fetch all resource method end here 
2026-04-26 15:40:57 [http-nio-9090-exec-7] INFO   - Fetch all resources method start 
2026-04-26 15:40:57 [http-nio-9090-exec-7] INFO   - Fetch all resource method end here 
2026-04-26 15:43:15 [http-nio-9090-exec-1] INFO   - Fetch all resources method start 
2026-04-26 15:43:15 [http-nio-9090-exec-1] INFO   - Fetch all resource method end here 
2026-04-26 15:43:15 [http-nio-9090-exec-2] INFO   - Fetch all resources method start 
2026-04-26 15:43:15 [http-nio-9090-exec-2] INFO   - Fetch all resource method end here 
2026-04-26 15:44:07 [http-nio-9090-exec-5] INFO   - Fetch all resources method start 
2026-04-26 15:44:07 [http-nio-9090-exec-5] INFO   - Fetch all resource method end here 
2026-04-26 15:44:07 [http-nio-9090-exec-6] INFO   - Fetch all resources method start 
2026-04-26 15:44:07 [http-nio-9090-exec-6] INFO   - Fetch all resource method end here 
2026-04-26 15:44:36 [http-nio-9090-exec-8] INFO   - Fetch all resources method start 
2026-04-26 15:44:36 [http-nio-9090-exec-8] INFO   - Fetch all resource method end here 
2026-04-26 15:44:36 [http-nio-9090-exec-7] INFO   - Fetch all resources method start 
2026-04-26 15:44:36 [http-nio-9090-exec-7] INFO   - Fetch all resource method end here 
2026-04-26 15:44:48 [http-nio-9090-exec-9] INFO   - Fetch all resources method start 
2026-04-26 15:44:48 [http-nio-9090-exec-9] INFO   - Fetch all resource method end here 
2026-04-26 15:44:48 [http-nio-9090-exec-10] INFO   - Fetch all resources method start 
2026-04-26 15:44:48 [http-nio-9090-exec-10] INFO   - Fetch all resource method end here 
2026-04-26 15:57:48 [http-nio-9090-exec-4] INFO  com.demo.controller.ApiController - Creating resource with request: com.demo.dto.RequestDto@17fde80b
2026-04-26 15:57:48 [http-nio-9090-exec-4] INFO  com.demo.service.ApiServiceImpl - Processing request to create resource com.demo.dto.RequestDto@17fde80b
2026-04-26 15:57:58 [http-nio-9090-exec-5] INFO   - Fetch all resources method start 
2026-04-26 15:57:58 [http-nio-9090-exec-5] INFO   - Fetch all resource method end here 
2026-04-26 15:58:03 [http-nio-9090-exec-6] INFO   - Fetch all resources method start 
2026-04-26 15:58:04 [http-nio-9090-exec-6] INFO   - Fetch all resource method end here 
2026-04-26 15:58:05 [http-nio-9090-exec-8] INFO   - Fetch all resources method start 
2026-04-26 15:58:05 [http-nio-9090-exec-8] INFO   - Fetch all resource method end here 
2026-04-26 15:58:11 [http-nio-9090-exec-7] INFO  com.demo.controller.ApiController - Creating resource with request: com.demo.dto.RequestDto@24e40e95
2026-04-26 15:58:11 [http-nio-9090-exec-7] INFO  com.demo.service.ApiServiceImpl - Processing request to create resource com.demo.dto.RequestDto@24e40e95
2026-04-26 15:58:48 [http-nio-9090-exec-9] INFO  com.demo.controller.ApiController - Creating resource with request: com.demo.dto.RequestDto@4b660e26
2026-04-26 15:58:48 [http-nio-9090-exec-9] INFO  com.demo.service.ApiServiceImpl - Processing request to create resource com.demo.dto.RequestDto@4b660e26
2026-04-26 15:59:36 [http-nio-9090-exec-10] INFO  com.demo.controller.ApiController - Creating resource with request: com.demo.dto.RequestDto@64862326
2026-04-26 15:59:36 [http-nio-9090-exec-10] INFO  com.demo.service.ApiServiceImpl - Processing request to create resource com.demo.dto.RequestDto@64862326
2026-04-26 15:59:52 [http-nio-9090-exec-1] INFO  com.demo.controller.ApiController - Creating resource with request: com.demo.dto.RequestDto@25d8558a
2026-04-26 15:59:52 [http-nio-9090-exec-1] INFO  com.demo.service.ApiServiceImpl - Processing request to create resource com.demo.dto.RequestDto@25d8558a
2026-04-26 16:01:28 [SpringApplicationShutdownHook] INFO  o.s.boot.tomcat.GracefulShutdown - Commencing graceful shutdown. Waiting for active requests to complete
2026-04-26 16:01:28 [tomcat-shutdown] INFO  o.s.boot.tomcat.GracefulShutdown - Graceful shutdown complete
2026-04-26 16:01:33 [main] INFO  com.demo.DemoApplication - Starting DemoApplication using Java 24 with PID 31448 (C:\work-space\leetcode_150_interview_questions\demo\target\classes started by ankit in C:\work-space\leetcode_150_interview_questions\demo)
2026-04-26 16:01:33 [main] DEBUG com.demo.DemoApplication - Running with Spring Boot v4.0.5, Spring v7.0.6
2026-04-26 16:01:33 [main] INFO  com.demo.DemoApplication - No active profile set, falling back to 1 default profile: "default"
2026-04-26 16:01:34 [main] INFO  o.s.d.r.c.RepositoryConfigurationDelegate - Bootstrapping Spring Data MongoDB repositories in DEFAULT mode.
2026-04-26 16:01:34 [main] INFO  o.s.d.r.c.RepositoryConfigurationDelegate - Finished Spring Data repository scanning in 80 ms. Found 2 MongoDB repository interfaces.
2026-04-26 16:01:35 [main] INFO  o.s.boot.tomcat.TomcatWebServer - Tomcat initialized with port 9090 (http)
2026-04-26 16:01:35 [main] INFO  o.a.catalina.core.StandardService - Starting service [Tomcat]
2026-04-26 16:01:35 [main] INFO  o.a.catalina.core.StandardEngine - Starting Servlet engine: [Apache Tomcat/11.0.20]
2026-04-26 16:01:35 [main] INFO  o.s.b.w.c.s.WebApplicationContextInitializer - Root WebApplicationContext: initialization completed in 1657 ms
2026-04-26 16:01:35 [main] INFO  org.mongodb.driver.client - MongoClient with metadata {"driver": {"name": "mongo-java-driver|sync", "version": "5.6.4"}, "os": {"type": "Windows", "name": "Windows 11", "architecture": "amd64", "version": "10.0"}, "platform": "Java/Oracle Corporation/24+36-3646"} created with settings MongoClientSettings{readPreference=primary, writeConcern=WriteConcern{w=null, wTimeout=null ms, journal=null}, retryWrites=true, retryReads=true, readConcern=ReadConcern{level=null}, credential=null, transportSettings=null, commandListeners=[], codecRegistry=ProvidersCodecRegistry{codecProviders=[ValueCodecProvider{}, BsonValueCodecProvider{}, DBRefCodecProvider{}, DBObjectCodecProvider{}, DocumentCodecProvider{}, CollectionCodecProvider{}, IterableCodecProvider{}, MapCodecProvider{}, GeoJsonCodecProvider{}, GridFSFileCodecProvider{}, Jsr310CodecProvider{}, JsonObjectCodecProvider{}, BsonCodecProvider{}, com.mongodb.client.model.mql.ExpressionCodecProvider@b6bccb4, com.mongodb.Jep395RecordCodecProvider@49edcb30, com.mongodb.KotlinCodecProvider@59303963, EnumCodecProvider{}]}, loggerSettings=LoggerSettings{maxDocumentLength=1000}, clusterSettings={hosts=[localhost:27017], srvServiceName=mongodb, mode=SINGLE, requiredClusterType=UNKNOWN, requiredReplicaSetName='null', serverSelector='null', clusterListeners='[]', serverSelectionTimeout='30000 ms', localThreshold='15 ms'}, socketSettings=SocketSettings{connectTimeoutMS=10000, readTimeoutMS=0, receiveBufferSize=0, proxySettings=ProxySettings{host=null, port=null, username=null, password=null}}, heartbeatSocketSettings=SocketSettings{connectTimeoutMS=10000, readTimeoutMS=10000, receiveBufferSize=0, proxySettings=ProxySettings{host=null, port=null, username=null, password=null}}, connectionPoolSettings=ConnectionPoolSettings{maxSize=100, minSize=0, maxWaitTimeMS=120000, maxConnectionLifeTimeMS=0, maxConnectionIdleTimeMS=0, maintenanceInitialDelayMS=0, maintenanceFrequencyMS=60000, connectionPoolListeners=[], maxConnecting=2}, serverSettings=ServerSettings{heartbeatFrequencyMS=10000, minHeartbeatFrequencyMS=500, serverMonitoringMode=AUTO, serverListeners='[]', serverMonitorListeners='[]'}, sslSettings=SslSettings{enabled=false, invalidHostNameAllowed=false, context=null}, applicationName='null', compressorList=[], uuidRepresentation=UNSPECIFIED, serverApi=null, autoEncryptionSettings=null, dnsClient=null, inetAddressResolver=null, contextProvider=null, timeoutMS=null}
2026-04-26 16:01:35 [cluster-ClusterId{value='69ede98766f9f8cd0e8b7daf', description='null'}-localhost:27017] INFO  org.mongodb.driver.cluster - Monitor thread successfully connected to server with description ServerDescription{address=localhost:27017, type=STANDALONE, cryptd=false, state=CONNECTED, ok=true, minWireVersion=0, maxWireVersion=27, maxDocumentSize=16777216, logicalSessionTimeoutMinutes=30, roundTripTimeNanos=33501400, minRoundTripTimeNanos=0}
2026-04-26 16:01:36 [main] INFO  o.s.boot.tomcat.TomcatWebServer - Tomcat started on port 9090 (http) with context path '/'
2026-04-26 16:01:36 [main] INFO  com.demo.DemoApplication - Started DemoApplication in 3.805 seconds (process running for 4.505)
2026-04-26 16:01:48 [http-nio-9090-exec-1] INFO  o.a.c.c.C.[Tomcat].[localhost].[/] - Initializing Spring DispatcherServlet 'dispatcherServlet'
2026-04-26 16:01:48 [http-nio-9090-exec-1] INFO  o.s.web.servlet.DispatcherServlet - Initializing Servlet 'dispatcherServlet'
2026-04-26 16:01:48 [http-nio-9090-exec-1] INFO  o.s.web.servlet.DispatcherServlet - Completed initialization in 3 ms
2026-04-26 16:01:48 [http-nio-9090-exec-1] INFO  com.demo.controller.ApiController - Creating resource with request: com.demo.dto.RequestDto@231015bb
2026-04-26 16:01:48 [http-nio-9090-exec-1] INFO  com.demo.service.ApiServiceImpl - Processing request to create resource com.demo.dto.RequestDto@231015bb
2026-04-26 16:01:52 [http-nio-9090-exec-1] INFO  com.demo.service.ApiServiceImpl - Resource creation completed successfully
2026-04-26 16:01:52 [http-nio-9090-exec-1] DEBUG com.demo.controller.ApiController - Resource created successfully: com.demo.dto.ApiResponse@3952807d
2026-04-26 16:02:10 [http-nio-9090-exec-3] INFO   - Fetch all resources method start 
2026-04-26 16:02:10 [http-nio-9090-exec-3] INFO   - Fetch all resource method end here 
2026-04-26 16:02:21 [http-nio-9090-exec-4] INFO   - Fetch all resources method start 
2026-04-26 16:02:21 [http-nio-9090-exec-4] INFO   - Fetch all resource method end here 
2026-04-26 16:02:30 [http-nio-9090-exec-5] INFO   - Fetch all resources method start 
2026-04-26 16:02:30 [http-nio-9090-exec-5] INFO   - Fetch all resource method end here 
2026-04-26 16:02:30 [http-nio-9090-exec-6] INFO   - Fetch all resources method start 
2026-04-26 16:02:30 [http-nio-9090-exec-6] INFO   - Fetch all resource method end here 
2026-04-26 16:04:05 [http-nio-9090-exec-10] INFO   - Fetch all resources method start 
2026-04-26 16:04:05 [http-nio-9090-exec-10] INFO   - Fetch all resource method end here 
2026-04-26 16:04:05 [http-nio-9090-exec-2] INFO   - Fetch all resources method start 
2026-04-26 16:04:05 [http-nio-9090-exec-2] INFO   - Fetch all resource method end here 
2026-04-26 16:05:25 [SpringApplicationShutdownHook] INFO  o.s.boot.tomcat.GracefulShutdown - Commencing graceful shutdown. Waiting for active requests to complete
2026-04-26 16:05:25 [tomcat-shutdown] INFO  o.s.boot.tomcat.GracefulShutdown - Graceful shutdown complete
2026-04-26 16:05:56 [main] INFO  com.demo.DemoApplication - Starting DemoApplication using Java 24 with PID 24300 (C:\work-space\leetcode_150_interview_questions\demo\target\classes started by ankit in C:\work-space\leetcode_150_interview_questions\demo)
2026-04-26 16:05:56 [main] DEBUG com.demo.DemoApplication - Running with Spring Boot v4.0.5, Spring v7.0.6
2026-04-26 16:05:56 [main] INFO  com.demo.DemoApplication - No active profile set, falling back to 1 default profile: "default"
2026-04-26 16:05:56 [main] INFO  o.s.d.r.c.RepositoryConfigurationDelegate - Bootstrapping Spring Data MongoDB repositories in DEFAULT mode.
2026-04-26 16:05:56 [main] INFO  o.s.d.r.c.RepositoryConfigurationDelegate - Finished Spring Data repository scanning in 73 ms. Found 2 MongoDB repository interfaces.
2026-04-26 16:05:57 [main] INFO  o.s.boot.tomcat.TomcatWebServer - Tomcat initialized with port 9090 (http)
2026-04-26 16:05:57 [main] INFO  o.a.catalina.core.StandardService - Starting service [Tomcat]
2026-04-26 16:05:57 [main] INFO  o.a.catalina.core.StandardEngine - Starting Servlet engine: [Apache Tomcat/11.0.20]
2026-04-26 16:05:57 [main] INFO  o.s.b.w.c.s.WebApplicationContextInitializer - Root WebApplicationContext: initialization completed in 1549 ms
2026-04-26 16:05:58 [main] INFO  org.mongodb.driver.client - MongoClient with metadata {"driver": {"name": "mongo-java-driver|sync", "version": "5.6.4"}, "os": {"type": "Windows", "name": "Windows 11", "architecture": "amd64", "version": "10.0"}, "platform": "Java/Oracle Corporation/24+36-3646"} created with settings MongoClientSettings{readPreference=primary, writeConcern=WriteConcern{w=null, wTimeout=null ms, journal=null}, retryWrites=true, retryReads=true, readConcern=ReadConcern{level=null}, credential=null, transportSettings=null, commandListeners=[], codecRegistry=ProvidersCodecRegistry{codecProviders=[ValueCodecProvider{}, BsonValueCodecProvider{}, DBRefCodecProvider{}, DBObjectCodecProvider{}, DocumentCodecProvider{}, CollectionCodecProvider{}, IterableCodecProvider{}, MapCodecProvider{}, GeoJsonCodecProvider{}, GridFSFileCodecProvider{}, Jsr310CodecProvider{}, JsonObjectCodecProvider{}, BsonCodecProvider{}, com.mongodb.client.model.mql.ExpressionCodecProvider@285583d4, com.mongodb.Jep395RecordCodecProvider@1039bfc4, com.mongodb.KotlinCodecProvider@7f85217c, EnumCodecProvider{}]}, loggerSettings=LoggerSettings{maxDocumentLength=1000}, clusterSettings={hosts=[localhost:27017], srvServiceName=mongodb, mode=SINGLE, requiredClusterType=UNKNOWN, requiredReplicaSetName='null', serverSelector='null', clusterListeners='[]', serverSelectionTimeout='30000 ms', localThreshold='15 ms'}, socketSettings=SocketSettings{connectTimeoutMS=10000, readTimeoutMS=0, receiveBufferSize=0, proxySettings=ProxySettings{host=null, port=null, username=null, password=null}}, heartbeatSocketSettings=SocketSettings{connectTimeoutMS=10000, readTimeoutMS=10000, receiveBufferSize=0, proxySettings=ProxySettings{host=null, port=null, username=null, password=null}}, connectionPoolSettings=ConnectionPoolSettings{maxSize=100, minSize=0, maxWaitTimeMS=120000, maxConnectionLifeTimeMS=0, maxConnectionIdleTimeMS=0, maintenanceInitialDelayMS=0, maintenanceFrequencyMS=60000, connectionPoolListeners=[], maxConnecting=2}, serverSettings=ServerSettings{heartbeatFrequencyMS=10000, minHeartbeatFrequencyMS=500, serverMonitoringMode=AUTO, serverListeners='[]', serverMonitorListeners='[]'}, sslSettings=SslSettings{enabled=false, invalidHostNameAllowed=false, context=null}, applicationName='null', compressorList=[], uuidRepresentation=UNSPECIFIED, serverApi=null, autoEncryptionSettings=null, dnsClient=null, inetAddressResolver=null, contextProvider=null, timeoutMS=null}
2026-04-26 16:05:58 [cluster-ClusterId{value='69edea8db3022d798c2ababb', description='null'}-localhost:27017] INFO  org.mongodb.driver.cluster - Monitor thread successfully connected to server with description ServerDescription{address=localhost:27017, type=STANDALONE, cryptd=false, state=CONNECTED, ok=true, minWireVersion=0, maxWireVersion=27, maxDocumentSize=16777216, logicalSessionTimeoutMinutes=30, roundTripTimeNanos=41269200, minRoundTripTimeNanos=0}
2026-04-26 16:05:59 [main] INFO  o.s.boot.tomcat.TomcatWebServer - Tomcat started on port 9090 (http) with context path '/'
2026-04-26 16:05:59 [main] INFO  com.demo.DemoApplication - Started DemoApplication in 3.95 seconds (process running for 4.449)
2026-04-26 16:05:59 [http-nio-9090-exec-1] INFO  o.a.c.c.C.[Tomcat].[localhost].[/] - Initializing Spring DispatcherServlet 'dispatcherServlet'
2026-04-26 16:05:59 [http-nio-9090-exec-1] INFO  o.s.web.servlet.DispatcherServlet - Initializing Servlet 'dispatcherServlet'
2026-04-26 16:05:59 [http-nio-9090-exec-1] INFO  o.s.web.servlet.DispatcherServlet - Completed initialization in 0 ms
2026-04-26 16:05:59 [http-nio-9090-exec-1] INFO   - Fetch all resources method start 
2026-04-26 16:05:59 [http-nio-9090-exec-1] INFO   - Fetch all resource method end here 
2026-04-26 16:05:59 [http-nio-9090-exec-2] INFO   - Fetch all resources method start 
2026-04-26 16:05:59 [http-nio-9090-exec-2] INFO   - Fetch all resource method end here 
2026-04-26 16:06:45 [http-nio-9090-exec-3] INFO   - Fetch all resources method start 
2026-04-26 16:06:45 [http-nio-9090-exec-3] INFO   - Fetch all resource method end here 
2026-04-26 16:07:12 [SpringApplicationShutdownHook] INFO  o.s.boot.tomcat.GracefulShutdown - Commencing graceful shutdown. Waiting for active requests to complete
2026-04-26 16:07:12 [tomcat-shutdown] INFO  o.s.boot.tomcat.GracefulShutdown - Graceful shutdown complete
2026-04-26 16:12:11 [main] INFO  com.design_pattern.DemoApplication - Starting DemoApplication using Java 24 with PID 6716 (C:\work-space\leetcode_150_interview_questions\design_pattern\target\classes started by ankit in C:\work-space\leetcode_150_interview_questions\design_pattern)
2026-04-26 16:12:11 [main] INFO  com.design_pattern.DemoApplication - No active profile set, falling back to 1 default profile: "default"
2026-04-26 16:12:12 [main] INFO  o.s.d.r.c.RepositoryConfigurationDelegate - Bootstrapping Spring Data MongoDB repositories in DEFAULT mode.
2026-04-26 16:12:12 [main] INFO  o.s.d.r.c.RepositoryConfigurationDelegate - Finished Spring Data repository scanning in 27 ms. Found 0 MongoDB repository interfaces.
2026-04-26 16:12:13 [main] INFO  o.s.boot.tomcat.TomcatWebServer - Tomcat initialized with port 9090 (http)
2026-04-26 16:12:13 [main] INFO  o.a.catalina.core.StandardService - Starting service [Tomcat]
2026-04-26 16:12:13 [main] INFO  o.a.catalina.core.StandardEngine - Starting Servlet engine: [Apache Tomcat/11.0.20]
2026-04-26 16:12:13 [main] INFO  o.s.b.w.c.s.WebApplicationContextInitializer - Root WebApplicationContext: initialization completed in 1741 ms
2026-04-26 16:12:14 [main] INFO  org.mongodb.driver.client - MongoClient with metadata {"driver": {"name": "mongo-java-driver|spring-boot|sync", "version": "5.6.4"}, "os": {"type": "Windows", "name": "Windows 11", "architecture": "amd64", "version": "10.0"}, "platform": "Java/Oracle Corporation/24+36-3646"} created with settings MongoClientSettings{readPreference=primary, writeConcern=WriteConcern{w=null, wTimeout=null ms, journal=null}, retryWrites=true, retryReads=true, readConcern=ReadConcern{level=null}, credential=null, transportSettings=null, commandListeners=[], codecRegistry=ProvidersCodecRegistry{codecProviders=[ValueCodecProvider{}, BsonValueCodecProvider{}, DBRefCodecProvider{}, DBObjectCodecProvider{}, DocumentCodecProvider{}, CollectionCodecProvider{}, IterableCodecProvider{}, MapCodecProvider{}, GeoJsonCodecProvider{}, GridFSFileCodecProvider{}, Jsr310CodecProvider{}, JsonObjectCodecProvider{}, BsonCodecProvider{}, com.mongodb.client.model.mql.ExpressionCodecProvider@33f2cfda, com.mongodb.Jep395RecordCodecProvider@68ef01a5, com.mongodb.KotlinCodecProvider@59a2388e, EnumCodecProvider{}]}, loggerSettings=LoggerSettings{maxDocumentLength=1000}, clusterSettings={hosts=[localhost:27017], srvServiceName=mongodb, mode=SINGLE, requiredClusterType=UNKNOWN, requiredReplicaSetName='null', serverSelector='null', clusterListeners='[]', serverSelectionTimeout='30000 ms', localThreshold='15 ms'}, socketSettings=SocketSettings{connectTimeoutMS=10000, readTimeoutMS=0, receiveBufferSize=0, proxySettings=ProxySettings{host=null, port=null, username=null, password=null}}, heartbeatSocketSettings=SocketSettings{connectTimeoutMS=10000, readTimeoutMS=10000, receiveBufferSize=0, proxySettings=ProxySettings{host=null, port=null, username=null, password=null}}, connectionPoolSettings=ConnectionPoolSettings{maxSize=100, minSize=0, maxWaitTimeMS=120000, maxConnectionLifeTimeMS=0, maxConnectionIdleTimeMS=0, maintenanceInitialDelayMS=0, maintenanceFrequencyMS=60000, connectionPoolListeners=[], maxConnecting=2}, serverSettings=ServerSettings{heartbeatFrequencyMS=10000, minHeartbeatFrequencyMS=500, serverMonitoringMode=AUTO, serverListeners='[]', serverMonitorListeners='[]'}, sslSettings=SslSettings{enabled=false, invalidHostNameAllowed=false, context=null}, applicationName='null', compressorList=[], uuidRepresentation=UNSPECIFIED, serverApi=null, autoEncryptionSettings=null, dnsClient=null, inetAddressResolver=null, contextProvider=null, timeoutMS=null}
2026-04-26 16:12:14 [cluster-ClusterId{value='69edec06ac2e8ad2511a31a5', description='null'}-localhost:27017] INFO  org.mongodb.driver.cluster - Monitor thread successfully connected to server with description ServerDescription{address=localhost:27017, type=STANDALONE, cryptd=false, state=CONNECTED, ok=true, minWireVersion=0, maxWireVersion=27, maxDocumentSize=16777216, logicalSessionTimeoutMinutes=30, roundTripTimeNanos=54905000, minRoundTripTimeNanos=0}
2026-04-26 16:12:14 [main] INFO  o.s.boot.tomcat.TomcatWebServer - Tomcat started on port 9090 (http) with context path '/'
2026-04-26 16:12:14 [main] INFO  com.design_pattern.DemoApplication - Started DemoApplication in 4.055 seconds (process running for 4.69)
2026-04-26 16:12:27 [SpringApplicationShutdownHook] INFO  o.s.boot.tomcat.GracefulShutdown - Commencing graceful shutdown. Waiting for active requests to complete
2026-04-26 16:12:27 [tomcat-shutdown] INFO  o.s.boot.tomcat.GracefulShutdown - Graceful shutdown complete
2026-04-26 16:13:06 [main] INFO  com.design_pattern.DemoApplication - Starting DemoApplication using Java 24 with PID 48528 (C:\work-space\leetcode_150_interview_questions\design_pattern\target\classes started by ankit in C:\work-space\leetcode_150_interview_questions\design_pattern)
2026-04-26 16:13:06 [main] INFO  com.design_pattern.DemoApplication - No active profile set, falling back to 1 default profile: "default"
2026-04-26 16:13:07 [main] INFO  o.s.d.r.c.RepositoryConfigurationDelegate - Bootstrapping Spring Data MongoDB repositories in DEFAULT mode.
2026-04-26 16:13:07 [main] INFO  o.s.d.r.c.RepositoryConfigurationDelegate - Finished Spring Data repository scanning in 27 ms. Found 0 MongoDB repository interfaces.
2026-04-26 16:13:07 [main] INFO  o.s.boot.tomcat.TomcatWebServer - Tomcat initialized with port 9090 (http)
2026-04-26 16:13:07 [main] INFO  o.a.catalina.core.StandardService - Starting service [Tomcat]
2026-04-26 16:13:07 [main] INFO  o.a.catalina.core.StandardEngine - Starting Servlet engine: [Apache Tomcat/11.0.20]
2026-04-26 16:13:07 [main] INFO  o.s.b.w.c.s.WebApplicationContextInitializer - Root WebApplicationContext: initialization completed in 1721 ms
2026-04-26 16:13:08 [main] INFO  org.mongodb.driver.client - MongoClient with metadata {"driver": {"name": "mongo-java-driver|spring-boot|sync", "version": "5.6.4"}, "os": {"type": "Windows", "name": "Windows 11", "architecture": "amd64", "version": "10.0"}, "platform": "Java/Oracle Corporation/24+36-3646"} created with settings MongoClientSettings{readPreference=primary, writeConcern=WriteConcern{w=null, wTimeout=null ms, journal=null}, retryWrites=true, retryReads=true, readConcern=ReadConcern{level=null}, credential=null, transportSettings=null, commandListeners=[], codecRegistry=ProvidersCodecRegistry{codecProviders=[ValueCodecProvider{}, BsonValueCodecProvider{}, DBRefCodecProvider{}, DBObjectCodecProvider{}, DocumentCodecProvider{}, CollectionCodecProvider{}, IterableCodecProvider{}, MapCodecProvider{}, GeoJsonCodecProvider{}, GridFSFileCodecProvider{}, Jsr310CodecProvider{}, JsonObjectCodecProvider{}, BsonCodecProvider{}, com.mongodb.client.model.mql.ExpressionCodecProvider@6518fdfd, com.mongodb.Jep395RecordCodecProvider@11d2dd2d, com.mongodb.KotlinCodecProvider@cde8c6c, EnumCodecProvider{}]}, loggerSettings=LoggerSettings{maxDocumentLength=1000}, clusterSettings={hosts=[localhost:27017], srvServiceName=mongodb, mode=SINGLE, requiredClusterType=UNKNOWN, requiredReplicaSetName='null', serverSelector='null', clusterListeners='[]', serverSelectionTimeout='30000 ms', localThreshold='15 ms'}, socketSettings=SocketSettings{connectTimeoutMS=10000, readTimeoutMS=0, receiveBufferSize=0, proxySettings=ProxySettings{host=null, port=null, username=null, password=null}}, heartbeatSocketSettings=SocketSettings{connectTimeoutMS=10000, readTimeoutMS=10000, receiveBufferSize=0, proxySettings=ProxySettings{host=null, port=null, username=null, password=null}}, connectionPoolSettings=ConnectionPoolSettings{maxSize=100, minSize=0, maxWaitTimeMS=120000, maxConnectionLifeTimeMS=0, maxConnectionIdleTimeMS=0, maintenanceInitialDelayMS=0, maintenanceFrequencyMS=60000, connectionPoolListeners=[], maxConnecting=2}, serverSettings=ServerSettings{heartbeatFrequencyMS=10000, minHeartbeatFrequencyMS=500, serverMonitoringMode=AUTO, serverListeners='[]', serverMonitorListeners='[]'}, sslSettings=SslSettings{enabled=false, invalidHostNameAllowed=false, context=null}, applicationName='null', compressorList=[], uuidRepresentation=UNSPECIFIED, serverApi=null, autoEncryptionSettings=null, dnsClient=null, inetAddressResolver=null, contextProvider=null, timeoutMS=null}
2026-04-26 16:13:08 [cluster-ClusterId{value='69edec3cbe0f12852bbe3fb7', description='null'}-localhost:27017] INFO  org.mongodb.driver.cluster - Monitor thread successfully connected to server with description ServerDescription{address=localhost:27017, type=STANDALONE, cryptd=false, state=CONNECTED, ok=true, minWireVersion=0, maxWireVersion=27, maxDocumentSize=16777216, logicalSessionTimeoutMinutes=30, roundTripTimeNanos=41493700, minRoundTripTimeNanos=0}
2026-04-26 16:13:09 [main] INFO  o.s.boot.tomcat.TomcatWebServer - Tomcat started on port 9090 (http) with context path '/'
2026-04-26 16:13:09 [main] INFO  com.design_pattern.DemoApplication - Started DemoApplication in 3.807 seconds (process running for 4.43)
2026-04-26 16:13:14 [SpringApplicationShutdownHook] INFO  o.s.boot.tomcat.GracefulShutdown - Commencing graceful shutdown. Waiting for active requests to complete
2026-04-26 16:13:14 [tomcat-shutdown] INFO  o.s.boot.tomcat.GracefulShutdown - Graceful shutdown complete
2026-04-26 16:19:41 [main] INFO  com.design_pattern.MainApplication - Starting MainApplication using Java 24 with PID 52932 (C:\work-space\leetcode_150_interview_questions\design_pattern\target\classes started by ankit in C:\work-space\leetcode_150_interview_questions\design_pattern)
2026-04-26 16:19:41 [main] INFO  com.design_pattern.MainApplication - No active profile set, falling back to 1 default profile: "default"
2026-04-26 16:19:42 [main] INFO  o.s.d.r.c.RepositoryConfigurationDelegate - Bootstrapping Spring Data MongoDB repositories in DEFAULT mode.
2026-04-26 16:19:42 [main] INFO  o.s.d.r.c.RepositoryConfigurationDelegate - Finished Spring Data repository scanning in 80 ms. Found 2 MongoDB repository interfaces.
2026-04-26 16:19:42 [main] INFO  o.s.boot.tomcat.TomcatWebServer - Tomcat initialized with port 9090 (http)
2026-04-26 16:19:42 [main] INFO  o.a.catalina.core.StandardService - Starting service [Tomcat]
2026-04-26 16:19:42 [main] INFO  o.a.catalina.core.StandardEngine - Starting Servlet engine: [Apache Tomcat/11.0.20]
2026-04-26 16:19:42 [main] INFO  o.s.b.w.c.s.WebApplicationContextInitializer - Root WebApplicationContext: initialization completed in 1451 ms
2026-04-26 16:19:43 [main] INFO  org.mongodb.driver.client - MongoClient with metadata {"driver": {"name": "mongo-java-driver|sync", "version": "5.6.4"}, "os": {"type": "Windows", "name": "Windows 11", "architecture": "amd64", "version": "10.0"}, "platform": "Java/Oracle Corporation/24+36-3646"} created with settings MongoClientSettings{readPreference=primary, writeConcern=WriteConcern{w=null, wTimeout=null ms, journal=null}, retryWrites=true, retryReads=true, readConcern=ReadConcern{level=null}, credential=null, transportSettings=null, commandListeners=[], codecRegistry=ProvidersCodecRegistry{codecProviders=[ValueCodecProvider{}, BsonValueCodecProvider{}, DBRefCodecProvider{}, DBObjectCodecProvider{}, DocumentCodecProvider{}, CollectionCodecProvider{}, IterableCodecProvider{}, MapCodecProvider{}, GeoJsonCodecProvider{}, GridFSFileCodecProvider{}, Jsr310CodecProvider{}, JsonObjectCodecProvider{}, BsonCodecProvider{}, com.mongodb.client.model.mql.ExpressionCodecProvider@1039bfc4, com.mongodb.Jep395RecordCodecProvider@7f85217c, com.mongodb.KotlinCodecProvider@1fd7a37, EnumCodecProvider{}]}, loggerSettings=LoggerSettings{maxDocumentLength=1000}, clusterSettings={hosts=[localhost:27017], srvServiceName=mongodb, mode=SINGLE, requiredClusterType=UNKNOWN, requiredReplicaSetName='null', serverSelector='null', clusterListeners='[]', serverSelectionTimeout='30000 ms', localThreshold='15 ms'}, socketSettings=SocketSettings{connectTimeoutMS=10000, readTimeoutMS=0, receiveBufferSize=0, proxySettings=ProxySettings{host=null, port=null, username=null, password=null}}, heartbeatSocketSettings=SocketSettings{connectTimeoutMS=10000, readTimeoutMS=10000, receiveBufferSize=0, proxySettings=ProxySettings{host=null, port=null, username=null, password=null}}, connectionPoolSettings=ConnectionPoolSettings{maxSize=100, minSize=0, maxWaitTimeMS=120000, maxConnectionLifeTimeMS=0, maxConnectionIdleTimeMS=0, maintenanceInitialDelayMS=0, maintenanceFrequencyMS=60000, connectionPoolListeners=[], maxConnecting=2}, serverSettings=ServerSettings{heartbeatFrequencyMS=10000, minHeartbeatFrequencyMS=500, serverMonitoringMode=AUTO, serverListeners='[]', serverMonitorListeners='[]'}, sslSettings=SslSettings{enabled=false, invalidHostNameAllowed=false, context=null}, applicationName='null', compressorList=[], uuidRepresentation=UNSPECIFIED, serverApi=null, autoEncryptionSettings=null, dnsClient=null, inetAddressResolver=null, contextProvider=null, timeoutMS=null}
2026-04-26 16:19:43 [cluster-ClusterId{value='69ededc7d4ae3c72c38134f7', description='null'}-localhost:27017] INFO  org.mongodb.driver.cluster - Monitor thread successfully connected to server with description ServerDescription{address=localhost:27017, type=STANDALONE, cryptd=false, state=CONNECTED, ok=true, minWireVersion=0, maxWireVersion=27, maxDocumentSize=16777216, logicalSessionTimeoutMinutes=30, roundTripTimeNanos=26187900, minRoundTripTimeNanos=0}
2026-04-26 16:19:44 [main] INFO  o.s.boot.tomcat.TomcatWebServer - Tomcat started on port 9090 (http) with context path '/'
2026-04-26 16:19:44 [main] INFO  com.design_pattern.MainApplication - Started MainApplication in 3.397 seconds (process running for 3.896)
2026-04-26 16:19:51 [http-nio-9090-exec-1] INFO  o.a.c.c.C.[Tomcat].[localhost].[/] - Initializing Spring DispatcherServlet 'dispatcherServlet'
2026-04-26 16:19:51 [http-nio-9090-exec-1] INFO  o.s.web.servlet.DispatcherServlet - Initializing Servlet 'dispatcherServlet'
2026-04-26 16:19:51 [http-nio-9090-exec-1] INFO  o.s.web.servlet.DispatcherServlet - Completed initialization in 8 ms
2026-04-26 16:19:51 [http-nio-9090-exec-1] INFO   - Fetch all resources method start 
2026-04-26 16:19:51 [http-nio-9090-exec-1] INFO   - Fetch all resource method end here 
2026-04-26 16:19:51 [http-nio-9090-exec-2] INFO   - Fetch all resources method start 
2026-04-26 16:19:51 [http-nio-9090-exec-2] INFO   - Fetch all resource method end here 
2026-04-26 16:19:52 [http-nio-9090-exec-3] INFO   - Fetch all resources method start 
2026-04-26 16:19:52 [http-nio-9090-exec-3] INFO   - Fetch all resource method end here 
2026-04-26 16:19:52 [http-nio-9090-exec-7] INFO   - Fetch all resources method start 
2026-04-26 16:19:52 [http-nio-9090-exec-7] INFO   - Fetch all resource method end here 
2026-04-26 16:19:53 [http-nio-9090-exec-5] INFO   - Fetch all resources method start 
2026-04-26 16:19:53 [http-nio-9090-exec-5] INFO   - Fetch all resource method end here 
2026-04-26 16:19:53 [http-nio-9090-exec-4] INFO   - Fetch all resources method start 
2026-04-26 16:19:53 [http-nio-9090-exec-4] INFO   - Fetch all resource method end here 
2026-04-26 16:19:54 [http-nio-9090-exec-8] INFO   - Fetch all resources method start 
2026-04-26 16:19:54 [http-nio-9090-exec-8] INFO   - Fetch all resource method end here 
2026-04-26 16:19:54 [http-nio-9090-exec-6] INFO   - Fetch all resources method start 
2026-04-26 16:19:54 [http-nio-9090-exec-6] INFO   - Fetch all resource method end here 
2026-04-26 16:19:54 [http-nio-9090-exec-9] INFO   - Fetch all resources method start 
2026-04-26 16:19:54 [http-nio-9090-exec-9] INFO   - Fetch all resource method end here 
2026-04-26 16:19:54 [http-nio-9090-exec-10] INFO   - Fetch all resources method start 
2026-04-26 16:19:54 [http-nio-9090-exec-10] INFO   - Fetch all resource method end here 
2026-04-26 16:19:54 [http-nio-9090-exec-1] INFO   - Fetch all resources method start 
2026-04-26 16:19:54 [http-nio-9090-exec-1] INFO   - Fetch all resource method end here 
2026-04-26 16:19:54 [http-nio-9090-exec-2] INFO   - Fetch all resources method start 
2026-04-26 16:19:54 [http-nio-9090-exec-2] INFO   - Fetch all resource method end here 
2026-04-26 16:19:55 [http-nio-9090-exec-3] INFO   - Fetch all resources method start 
2026-04-26 16:19:55 [http-nio-9090-exec-3] INFO   - Fetch all resource method end here 
2026-04-26 16:19:55 [http-nio-9090-exec-7] INFO   - Fetch all resources method start 
2026-04-26 16:19:55 [http-nio-9090-exec-7] INFO   - Fetch all resource method end here 
2026-04-26 16:19:55 [http-nio-9090-exec-5] INFO   - Fetch all resources method start 
2026-04-26 16:19:55 [http-nio-9090-exec-5] INFO   - Fetch all resource method end here 
2026-04-26 16:19:55 [http-nio-9090-exec-4] INFO   - Fetch all resources method start 
2026-04-26 16:19:55 [http-nio-9090-exec-4] INFO   - Fetch all resource method end here 
2026-04-26 16:19:55 [http-nio-9090-exec-8] INFO   - Fetch all resources method start 
2026-04-26 16:19:55 [http-nio-9090-exec-8] INFO   - Fetch all resource method end here 
2026-04-26 16:19:55 [http-nio-9090-exec-6] INFO   - Fetch all resources method start 
2026-04-26 16:19:55 [http-nio-9090-exec-6] INFO   - Fetch all resource method end here 
2026-04-26 16:19:55 [http-nio-9090-exec-9] INFO   - Fetch all resources method start 
2026-04-26 16:19:55 [http-nio-9090-exec-9] INFO   - Fetch all resource method end here 
2026-04-26 16:19:55 [http-nio-9090-exec-10] INFO   - Fetch all resources method start 
2026-04-26 16:19:55 [http-nio-9090-exec-10] INFO   - Fetch all resource method end here 
2026-04-26 16:20:03 [SpringApplicationShutdownHook] INFO  o.s.boot.tomcat.GracefulShutdown - Commencing graceful shutdown. Waiting for active requests to complete
2026-04-26 16:20:03 [tomcat-shutdown] INFO  o.s.boot.tomcat.GracefulShutdown - Graceful shutdown complete
2026-04-26 16:36:37 [main] INFO  com.design_pattern.MainApplication - Starting MainApplication using Java 24 with PID 16332 (C:\work-space\leetcode_150_interview_questions\design_pattern\target\classes started by ankit in C:\work-space\leetcode_150_interview_questions\design_pattern)
2026-04-26 16:36:37 [main] INFO  com.design_pattern.MainApplication - No active profile set, falling back to 1 default profile: "default"
2026-04-26 16:36:38 [main] INFO  o.s.d.r.c.RepositoryConfigurationDelegate - Bootstrapping Spring Data MongoDB repositories in DEFAULT mode.
2026-04-26 16:36:38 [main] INFO  o.s.d.r.c.RepositoryConfigurationDelegate - Finished Spring Data repository scanning in 95 ms. Found 2 MongoDB repository interfaces.
2026-04-26 16:36:39 [main] INFO  o.s.boot.tomcat.TomcatWebServer - Tomcat initialized with port 9090 (http)
2026-04-26 16:36:39 [main] INFO  o.a.catalina.core.StandardService - Starting service [Tomcat]
2026-04-26 16:36:39 [main] INFO  o.a.catalina.core.StandardEngine - Starting Servlet engine: [Apache Tomcat/11.0.20]
2026-04-26 16:36:39 [main] INFO  o.s.b.w.c.s.WebApplicationContextInitializer - Root WebApplicationContext: initialization completed in 1853 ms
2026-04-26 16:36:39 [main] INFO  org.mongodb.driver.client - MongoClient with metadata {"driver": {"name": "mongo-java-driver|sync", "version": "5.6.4"}, "os": {"type": "Windows", "name": "Windows 11", "architecture": "amd64", "version": "10.0"}, "platform": "Java/Oracle Corporation/24+36-3646"} created with settings MongoClientSettings{readPreference=primary, writeConcern=WriteConcern{w=null, wTimeout=null ms, journal=null}, retryWrites=true, retryReads=true, readConcern=ReadConcern{level=null}, credential=null, transportSettings=null, commandListeners=[], codecRegistry=ProvidersCodecRegistry{codecProviders=[ValueCodecProvider{}, BsonValueCodecProvider{}, DBRefCodecProvider{}, DBObjectCodecProvider{}, DocumentCodecProvider{}, CollectionCodecProvider{}, IterableCodecProvider{}, MapCodecProvider{}, GeoJsonCodecProvider{}, GridFSFileCodecProvider{}, Jsr310CodecProvider{}, JsonObjectCodecProvider{}, BsonCodecProvider{}, com.mongodb.client.model.mql.ExpressionCodecProvider@2be818da, com.mongodb.Jep395RecordCodecProvider@46320c9a, com.mongodb.KotlinCodecProvider@32256e68, EnumCodecProvider{}]}, loggerSettings=LoggerSettings{maxDocumentLength=1000}, clusterSettings={hosts=[localhost:27017], srvServiceName=mongodb, mode=SINGLE, requiredClusterType=UNKNOWN, requiredReplicaSetName='null', serverSelector='null', clusterListeners='[]', serverSelectionTimeout='30000 ms', localThreshold='15 ms'}, socketSettings=SocketSettings{connectTimeoutMS=10000, readTimeoutMS=0, receiveBufferSize=0, proxySettings=ProxySettings{host=null, port=null, username=null, password=null}}, heartbeatSocketSettings=SocketSettings{connectTimeoutMS=10000, readTimeoutMS=10000, receiveBufferSize=0, proxySettings=ProxySettings{host=null, port=null, username=null, password=null}}, connectionPoolSettings=ConnectionPoolSettings{maxSize=100, minSize=0, maxWaitTimeMS=120000, maxConnectionLifeTimeMS=0, maxConnectionIdleTimeMS=0, maintenanceInitialDelayMS=0, maintenanceFrequencyMS=60000, connectionPoolListeners=[], maxConnecting=2}, serverSettings=ServerSettings{heartbeatFrequencyMS=10000, minHeartbeatFrequencyMS=500, serverMonitoringMode=AUTO, serverListeners='[]', serverMonitorListeners='[]'}, sslSettings=SslSettings{enabled=false, invalidHostNameAllowed=false, context=null}, applicationName='null', compressorList=[], uuidRepresentation=UNSPECIFIED, serverApi=null, autoEncryptionSettings=null, dnsClient=null, inetAddressResolver=null, contextProvider=null, timeoutMS=null}
2026-04-26 16:36:40 [cluster-ClusterId{value='69edf1bf95d5bd924379a517', description='null'}-localhost:27017] INFO  org.mongodb.driver.cluster - Monitor thread successfully connected to server with description ServerDescription{address=localhost:27017, type=STANDALONE, cryptd=false, state=CONNECTED, ok=true, minWireVersion=0, maxWireVersion=27, maxDocumentSize=16777216, logicalSessionTimeoutMinutes=30, roundTripTimeNanos=42746900, minRoundTripTimeNanos=0}
2026-04-26 16:36:41 [main] INFO  o.s.boot.tomcat.TomcatWebServer - Tomcat started on port 9090 (http) with context path '/'
2026-04-26 16:36:41 [main] INFO  com.design_pattern.MainApplication - Started MainApplication in 4.159 seconds (process running for 5.342)
2026-04-26 16:38:24 [http-nio-9090-exec-2] INFO  o.a.c.c.C.[Tomcat].[localhost].[/] - Initializing Spring DispatcherServlet 'dispatcherServlet'
2026-04-26 16:38:24 [http-nio-9090-exec-2] INFO  o.s.web.servlet.DispatcherServlet - Initializing Servlet 'dispatcherServlet'
2026-04-26 16:38:24 [http-nio-9090-exec-2] INFO  o.s.web.servlet.DispatcherServlet - Completed initialization in 0 ms
2026-04-26 16:38:24 [http-nio-9090-exec-2] INFO  c.d.controller.ApiController - Creating resource with request: com.design_pattern.dto.RequestDto@607e1dba
2026-04-26 16:38:24 [http-nio-9090-exec-2] INFO  c.d.service.ApiServiceImpl - Processing request to create resource com.design_pattern.dto.RequestDto@607e1dba
2026-04-26 16:38:24 [http-nio-9090-exec-2] INFO  c.d.service.ApiServiceImpl - Resource creation completed successfully
2026-04-26 16:38:33 [http-nio-9090-exec-5] INFO   - Fetch all resources method start 
2026-04-26 16:38:33 [http-nio-9090-exec-5] INFO   - Fetch all resource method end here 
2026-04-26 16:38:40 [http-nio-9090-exec-4] INFO   - Fetch all resources method start 
2026-04-26 16:38:40 [http-nio-9090-exec-4] INFO   - Fetch all resource method end here 
2026-04-26 16:38:45 [http-nio-9090-exec-3] INFO   - Fetch all resources method start 
2026-04-26 16:38:46 [http-nio-9090-exec-3] INFO   - Fetch all resource method end here 
2026-04-26 16:38:46 [http-nio-9090-exec-7] INFO   - Fetch all resources method start 
2026-04-26 16:38:46 [http-nio-9090-exec-7] INFO   - Fetch all resource method end here 
2026-04-26 16:47:03 [SpringApplicationShutdownHook] INFO  o.s.boot.tomcat.GracefulShutdown - Commencing graceful shutdown. Waiting for active requests to complete
2026-04-26 16:47:03 [tomcat-shutdown] INFO  o.s.boot.tomcat.GracefulShutdown - Graceful shutdown complete
2026-04-26 16:47:11 [main] INFO  com.design_pattern.MainApplication - Starting MainApplication using Java 24 with PID 22176 (C:\work-space\leetcode_150_interview_questions\design_pattern\target\classes started by ankit in C:\work-space\leetcode_150_interview_questions\design_pattern)
2026-04-26 16:47:11 [main] INFO  com.design_pattern.MainApplication - No active profile set, falling back to 1 default profile: "default"
2026-04-26 16:47:12 [main] INFO  o.s.d.r.c.RepositoryConfigurationDelegate - Bootstrapping Spring Data MongoDB repositories in DEFAULT mode.
2026-04-26 16:47:12 [main] INFO  o.s.d.r.c.RepositoryConfigurationDelegate - Finished Spring Data repository scanning in 82 ms. Found 2 MongoDB repository interfaces.
2026-04-26 16:47:13 [main] INFO  o.s.boot.tomcat.TomcatWebServer - Tomcat initialized with port 9090 (http)
2026-04-26 16:47:13 [main] INFO  o.a.catalina.core.StandardService - Starting service [Tomcat]
2026-04-26 16:47:13 [main] INFO  o.a.catalina.core.StandardEngine - Starting Servlet engine: [Apache Tomcat/11.0.20]
2026-04-26 16:47:13 [main] INFO  o.s.b.w.c.s.WebApplicationContextInitializer - Root WebApplicationContext: initialization completed in 1930 ms
2026-04-26 16:47:13 [main] INFO  org.mongodb.driver.client - MongoClient with metadata {"driver": {"name": "mongo-java-driver|sync", "version": "5.6.4"}, "os": {"type": "Windows", "name": "Windows 11", "architecture": "amd64", "version": "10.0"}, "platform": "Java/Oracle Corporation/24+36-3646"} created with settings MongoClientSettings{readPreference=primary, writeConcern=WriteConcern{w=null, wTimeout=null ms, journal=null}, retryWrites=true, retryReads=true, readConcern=ReadConcern{level=null}, credential=null, transportSettings=null, commandListeners=[], codecRegistry=ProvidersCodecRegistry{codecProviders=[ValueCodecProvider{}, BsonValueCodecProvider{}, DBRefCodecProvider{}, DBObjectCodecProvider{}, DocumentCodecProvider{}, CollectionCodecProvider{}, IterableCodecProvider{}, MapCodecProvider{}, GeoJsonCodecProvider{}, GridFSFileCodecProvider{}, Jsr310CodecProvider{}, JsonObjectCodecProvider{}, BsonCodecProvider{}, com.mongodb.client.model.mql.ExpressionCodecProvider@22d8f4ed, com.mongodb.Jep395RecordCodecProvider@3434a4f0, com.mongodb.KotlinCodecProvider@79afa369, EnumCodecProvider{}]}, loggerSettings=LoggerSettings{maxDocumentLength=1000}, clusterSettings={hosts=[localhost:27017], srvServiceName=mongodb, mode=SINGLE, requiredClusterType=UNKNOWN, requiredReplicaSetName='null', serverSelector='null', clusterListeners='[]', serverSelectionTimeout='30000 ms', localThreshold='15 ms'}, socketSettings=SocketSettings{connectTimeoutMS=10000, readTimeoutMS=0, receiveBufferSize=0, proxySettings=ProxySettings{host=null, port=null, username=null, password=null}}, heartbeatSocketSettings=SocketSettings{connectTimeoutMS=10000, readTimeoutMS=10000, receiveBufferSize=0, proxySettings=ProxySettings{host=null, port=null, username=null, password=null}}, connectionPoolSettings=ConnectionPoolSettings{maxSize=100, minSize=0, maxWaitTimeMS=120000, maxConnectionLifeTimeMS=0, maxConnectionIdleTimeMS=0, maintenanceInitialDelayMS=0, maintenanceFrequencyMS=60000, connectionPoolListeners=[], maxConnecting=2}, serverSettings=ServerSettings{heartbeatFrequencyMS=10000, minHeartbeatFrequencyMS=500, serverMonitoringMode=AUTO, serverListeners='[]', serverMonitorListeners='[]'}, sslSettings=SslSettings{enabled=false, invalidHostNameAllowed=false, context=null}, applicationName='null', compressorList=[], uuidRepresentation=UNSPECIFIED, serverApi=null, autoEncryptionSettings=null, dnsClient=null, inetAddressResolver=null, contextProvider=null, timeoutMS=null}
2026-04-26 16:47:13 [cluster-ClusterId{value='69edf439d0c921633b385f7f', description='null'}-localhost:27017] INFO  org.mongodb.driver.cluster - Monitor thread successfully connected to server with description ServerDescription{address=localhost:27017, type=STANDALONE, cryptd=false, state=CONNECTED, ok=true, minWireVersion=0, maxWireVersion=27, maxDocumentSize=16777216, logicalSessionTimeoutMinutes=30, roundTripTimeNanos=33392300, minRoundTripTimeNanos=0}
2026-04-26 16:47:14 [main] INFO  o.s.boot.tomcat.TomcatWebServer - Tomcat started on port 9090 (http) with context path '/'
2026-04-26 16:47:14 [main] INFO  com.design_pattern.MainApplication - Started MainApplication in 4.125 seconds (process running for 4.75)
2026-04-26 16:47:19 [http-nio-9090-exec-2] INFO  o.a.c.c.C.[Tomcat].[localhost].[/] - Initializing Spring DispatcherServlet 'dispatcherServlet'
2026-04-26 16:47:19 [http-nio-9090-exec-2] INFO  o.s.web.servlet.DispatcherServlet - Initializing Servlet 'dispatcherServlet'
2026-04-26 16:47:19 [http-nio-9090-exec-2] INFO  o.s.web.servlet.DispatcherServlet - Completed initialization in 6 ms
2026-04-26 16:47:19 [http-nio-9090-exec-2] INFO   - Fetch all resources method start 
2026-04-26 16:47:20 [http-nio-9090-exec-2] INFO   - Fetch all resource method end here 
2026-04-26 16:47:26 [http-nio-9090-exec-7] INFO   - Fetch all resources method start 
2026-04-26 16:47:26 [http-nio-9090-exec-7] INFO   - Fetch all resource method end here 
2026-04-26 16:47:26 [http-nio-9090-exec-4] INFO   - Fetch all resources method start 
2026-04-26 16:47:26 [http-nio-9090-exec-4] INFO   - Fetch all resource method end here 
2026-04-26 16:47:29 [http-nio-9090-exec-5] INFO   - Fetch all resources method start 
2026-04-26 16:47:29 [http-nio-9090-exec-5] INFO   - Fetch all resource method end here 
2026-04-26 16:47:29 [http-nio-9090-exec-6] INFO   - Fetch all resources method start 
2026-04-26 16:47:29 [http-nio-9090-exec-6] INFO   - Fetch all resource method end here 
2026-04-26 16:47:31 [http-nio-9090-exec-3] INFO   - Fetch all resources method start 
2026-04-26 16:47:31 [http-nio-9090-exec-3] INFO   - Fetch all resource method end here 
2026-04-26 16:47:31 [http-nio-9090-exec-8] INFO   - Fetch all resources method start 
2026-04-26 16:47:31 [http-nio-9090-exec-8] INFO   - Fetch all resource method end here 
2026-04-26 16:48:26 [http-nio-9090-exec-1] INFO   - Resource not found exception has occurred: Component with ID [f3474577-0711-4dd7-9c99-6d1cc7c37086] not found in Category [69ecb7b1b424f784fec5f060]
2026-04-26 16:49:40 [http-nio-9090-exec-5] ERROR c.d.e.GlobalExceptionHandler - Unexpected exception occurred
org.springframework.web.servlet.resource.NoResourceFoundException: No static resource api/v1/resource/69ecfc4d77c4f55eb718f706 for request '/api/v1/resource/69ecfc4d77c4f55eb718f706/'.
	at org.springframework.web.servlet.resource.ResourceHttpRequestHandler.handleRequest(ResourceHttpRequestHandler.java:527)
	at org.springframework.web.servlet.mvc.HttpRequestHandlerAdapter.handle(HttpRequestHandlerAdapter.java:50)
	at org.springframework.web.servlet.DispatcherServlet.doDispatch(DispatcherServlet.java:963)
	at org.springframework.web.servlet.DispatcherServlet.doService(DispatcherServlet.java:866)
	at org.springframework.web.servlet.FrameworkServlet.processRequest(FrameworkServlet.java:1000)
	at org.springframework.web.servlet.FrameworkServlet.doPost(FrameworkServlet.java:903)
	at jakarta.servlet.http.HttpServlet.service(HttpServlet.java:649)
	at org.springframework.web.servlet.FrameworkServlet.service(FrameworkServlet.java:874)
	at jakarta.servlet.http.HttpServlet.service(HttpServlet.java:710)
	at org.apache.catalina.core.ApplicationFilterChain.doFilter(ApplicationFilterChain.java:128)
	at org.apache.tomcat.websocket.server.WsFilter.doFilter(WsFilter.java:53)
	at org.apache.catalina.core.ApplicationFilterChain.doFilter(ApplicationFilterChain.java:107)
	at org.springframework.web.filter.RequestContextFilter.doFilterInternal(RequestContextFilter.java:100)
	at org.springframework.web.filter.OncePerRequestFilter.doFilter(OncePerRequestFilter.java:116)
	at org.apache.catalina.core.ApplicationFilterChain.doFilter(ApplicationFilterChain.java:107)
	at org.springframework.web.filter.FormContentFilter.doFilterInternal(FormContentFilter.java:93)
	at org.springframework.web.filter.OncePerRequestFilter.doFilter(OncePerRequestFilter.java:116)
	at org.apache.catalina.core.ApplicationFilterChain.doFilter(ApplicationFilterChain.java:107)
	at org.springframework.web.filter.CharacterEncodingFilter.doFilterInternal(CharacterEncodingFilter.java:199)
	at org.springframework.web.filter.OncePerRequestFilter.doFilter(OncePerRequestFilter.java:116)
	at org.apache.catalina.core.ApplicationFilterChain.doFilter(ApplicationFilterChain.java:107)
	at org.apache.catalina.core.StandardWrapperValve.invoke(StandardWrapperValve.java:165)
	at org.apache.catalina.core.StandardContextValve.invoke(StandardContextValve.java:77)
	at org.apache.catalina.authenticator.AuthenticatorBase.invoke(AuthenticatorBase.java:492)
	at org.apache.catalina.core.StandardHostValve.invoke(StandardHostValve.java:113)
	at org.apache.catalina.valves.ErrorReportValve.invoke(ErrorReportValve.java:83)
	at org.apache.catalina.core.StandardEngineValve.invoke(StandardEngineValve.java:72)
	at org.apache.catalina.connector.CoyoteAdapter.service(CoyoteAdapter.java:341)
	at org.apache.coyote.http11.Http11Processor.service(Http11Processor.java:397)
	at org.apache.coyote.AbstractProcessorLight.process(AbstractProcessorLight.java:63)
	at org.apache.coyote.AbstractProtocol$ConnectionHandler.process(AbstractProtocol.java:903)
	at org.apache.tomcat.util.net.NioEndpoint$SocketProcessor.doRun(NioEndpoint.java:1779)
	at org.apache.tomcat.util.net.SocketProcessorBase.run(SocketProcessorBase.java:52)
	at org.apache.tomcat.util.threads.ThreadPoolExecutor.runWorker(ThreadPoolExecutor.java:946)
	at org.apache.tomcat.util.threads.ThreadPoolExecutor$Worker.run(ThreadPoolExecutor.java:480)
	at org.apache.tomcat.util.threads.TaskThread$WrappingRunnable.run(TaskThread.java:57)
	at java.base/java.lang.Thread.run(Thread.java:1447)
2026-04-26 16:51:07 [http-nio-9090-exec-9] INFO   - Fetch all resources method start 
2026-04-26 16:51:07 [http-nio-9090-exec-9] INFO   - Fetch all resource method end here 
2026-04-26 16:51:07 [http-nio-9090-exec-10] INFO   - Fetch all resources method start 
2026-04-26 16:51:07 [http-nio-9090-exec-10] INFO   - Fetch all resource method end here 
2026-04-26 16:51:43 [http-nio-9090-exec-2] INFO   - Fetch all resources method start 
2026-04-26 16:51:43 [http-nio-9090-exec-2] INFO   - Fetch all resource method end here 
2026-04-26 16:52:10 [http-nio-9090-exec-3] INFO   - Fetch all resources method start 
2026-04-26 16:52:10 [http-nio-9090-exec-3] INFO   - Fetch all resource method end here 
2026-04-26 16:52:10 [http-nio-9090-exec-8] INFO   - Fetch all resources method start 
2026-04-26 16:52:10 [http-nio-9090-exec-8] INFO   - Fetch all resource method end here 
2026-04-26 16:53:56 [http-nio-9090-exec-7] INFO   - Fetch all resources method start 
2026-04-26 16:53:56 [http-nio-9090-exec-7] INFO   - Fetch all resource method end here 
2026-04-26 16:53:56 [http-nio-9090-exec-2] INFO   - Fetch all resources method start 
2026-04-26 16:53:56 [http-nio-9090-exec-2] INFO   - Fetch all resource method end here 
2026-04-26 16:56:15 [http-nio-9090-exec-6] INFO   - Fetch all resources method start 
2026-04-26 16:56:15 [http-nio-9090-exec-6] INFO   - Fetch all resource method end here 
2026-04-26 16:56:15 [http-nio-9090-exec-3] INFO   - Fetch all resources method start 
2026-04-26 16:56:15 [http-nio-9090-exec-3] INFO   - Fetch all resource method end here 
2026-04-26 16:56:49 [http-nio-9090-exec-1] INFO   - Fetch all resources method start 
2026-04-26 16:56:49 [http-nio-9090-exec-1] INFO   - Fetch all resource method end here 
2026-04-26 16:56:49 [http-nio-9090-exec-10] INFO   - Fetch all resources method start 
2026-04-26 16:56:49 [http-nio-9090-exec-10] INFO   - Fetch all resource method end here 
2026-04-26 16:57:24 [SpringApplicationShutdownHook] INFO  o.s.boot.tomcat.GracefulShutdown - Commencing graceful shutdown. Waiting for active requests to complete
2026-04-26 16:57:24 [tomcat-shutdown] INFO  o.s.boot.tomcat.GracefulShutdown - Graceful shutdown complete
2026-04-26 16:57:30 [main] INFO  com.design_pattern.MainApplication - Starting MainApplication using Java 24 with PID 13292 (C:\work-space\leetcode_150_interview_questions\design_pattern\target\classes started by ankit in C:\work-space\leetcode_150_interview_questions\design_pattern)
2026-04-26 16:57:30 [main] INFO  com.design_pattern.MainApplication - No active profile set, falling back to 1 default profile: "default"
2026-04-26 16:57:31 [main] INFO  o.s.d.r.c.RepositoryConfigurationDelegate - Bootstrapping Spring Data MongoDB repositories in DEFAULT mode.
2026-04-26 16:57:31 [main] INFO  o.s.d.r.c.RepositoryConfigurationDelegate - Finished Spring Data repository scanning in 77 ms. Found 2 MongoDB repository interfaces.
2026-04-26 16:57:31 [main] INFO  o.s.boot.tomcat.TomcatWebServer - Tomcat initialized with port 9090 (http)
2026-04-26 16:57:31 [main] INFO  o.a.catalina.core.StandardService - Starting service [Tomcat]
2026-04-26 16:57:31 [main] INFO  o.a.catalina.core.StandardEngine - Starting Servlet engine: [Apache Tomcat/11.0.20]
2026-04-26 16:57:31 [main] INFO  o.s.b.w.c.s.WebApplicationContextInitializer - Root WebApplicationContext: initialization completed in 1666 ms
2026-04-26 16:57:32 [main] INFO  org.mongodb.driver.client - MongoClient with metadata {"driver": {"name": "mongo-java-driver|sync", "version": "5.6.4"}, "os": {"type": "Windows", "name": "Windows 11", "architecture": "amd64", "version": "10.0"}, "platform": "Java/Oracle Corporation/24+36-3646"} created with settings MongoClientSettings{readPreference=primary, writeConcern=WriteConcern{w=null, wTimeout=null ms, journal=null}, retryWrites=true, retryReads=true, readConcern=ReadConcern{level=null}, credential=null, transportSettings=null, commandListeners=[], codecRegistry=ProvidersCodecRegistry{codecProviders=[ValueCodecProvider{}, BsonValueCodecProvider{}, DBRefCodecProvider{}, DBObjectCodecProvider{}, DocumentCodecProvider{}, CollectionCodecProvider{}, IterableCodecProvider{}, MapCodecProvider{}, GeoJsonCodecProvider{}, GridFSFileCodecProvider{}, Jsr310CodecProvider{}, JsonObjectCodecProvider{}, BsonCodecProvider{}, com.mongodb.client.model.mql.ExpressionCodecProvider@63bfdbcb, com.mongodb.Jep395RecordCodecProvider@7af0affa, com.mongodb.KotlinCodecProvider@71560f51, EnumCodecProvider{}]}, loggerSettings=LoggerSettings{maxDocumentLength=1000}, clusterSettings={hosts=[localhost:27017], srvServiceName=mongodb, mode=SINGLE, requiredClusterType=UNKNOWN, requiredReplicaSetName='null', serverSelector='null', clusterListeners='[]', serverSelectionTimeout='30000 ms', localThreshold='15 ms'}, socketSettings=SocketSettings{connectTimeoutMS=10000, readTimeoutMS=0, receiveBufferSize=0, proxySettings=ProxySettings{host=null, port=null, username=null, password=null}}, heartbeatSocketSettings=SocketSettings{connectTimeoutMS=10000, readTimeoutMS=10000, receiveBufferSize=0, proxySettings=ProxySettings{host=null, port=null, username=null, password=null}}, connectionPoolSettings=ConnectionPoolSettings{maxSize=100, minSize=0, maxWaitTimeMS=120000, maxConnectionLifeTimeMS=0, maxConnectionIdleTimeMS=0, maintenanceInitialDelayMS=0, maintenanceFrequencyMS=60000, connectionPoolListeners=[], maxConnecting=2}, serverSettings=ServerSettings{heartbeatFrequencyMS=10000, minHeartbeatFrequencyMS=500, serverMonitoringMode=AUTO, serverListeners='[]', serverMonitorListeners='[]'}, sslSettings=SslSettings{enabled=false, invalidHostNameAllowed=false, context=null}, applicationName='null', compressorList=[], uuidRepresentation=UNSPECIFIED, serverApi=null, autoEncryptionSettings=null, dnsClient=null, inetAddressResolver=null, contextProvider=null, timeoutMS=null}
2026-04-26 16:57:32 [cluster-ClusterId{value='69edf6a44f663d181eac19c1', description='null'}-localhost:27017] INFO  org.mongodb.driver.cluster - Monitor thread successfully connected to server with description ServerDescription{address=localhost:27017, type=STANDALONE, cryptd=false, state=CONNECTED, ok=true, minWireVersion=0, maxWireVersion=27, maxDocumentSize=16777216, logicalSessionTimeoutMinutes=30, roundTripTimeNanos=30182600, minRoundTripTimeNanos=0}
2026-04-26 16:57:33 [main] INFO  o.s.boot.tomcat.TomcatWebServer - Tomcat started on port 9090 (http) with context path '/'
2026-04-26 16:57:33 [main] INFO  com.design_pattern.MainApplication - Started MainApplication in 3.794 seconds (process running for 4.568)
2026-04-26 16:57:52 [http-nio-9090-exec-1] INFO  o.a.c.c.C.[Tomcat].[localhost].[/] - Initializing Spring DispatcherServlet 'dispatcherServlet'
2026-04-26 16:57:52 [http-nio-9090-exec-1] INFO  o.s.web.servlet.DispatcherServlet - Initializing Servlet 'dispatcherServlet'
2026-04-26 16:57:52 [http-nio-9090-exec-1] INFO  o.s.web.servlet.DispatcherServlet - Completed initialization in 0 ms
2026-04-26 16:58:11 [SpringApplicationShutdownHook] INFO  o.s.boot.tomcat.GracefulShutdown - Commencing graceful shutdown. Waiting for active requests to complete
2026-04-26 16:58:11 [tomcat-shutdown] INFO  o.s.boot.tomcat.GracefulShutdown - Graceful shutdown complete
2026-04-26 16:58:17 [main] INFO  com.design_pattern.MainApplication - Starting MainApplication using Java 24 with PID 24988 (C:\work-space\leetcode_150_interview_questions\design_pattern\target\classes started by ankit in C:\work-space\leetcode_150_interview_questions\design_pattern)
2026-04-26 16:58:17 [main] INFO  com.design_pattern.MainApplication - No active profile set, falling back to 1 default profile: "default"
2026-04-26 16:58:17 [main] INFO  o.s.d.r.c.RepositoryConfigurationDelegate - Bootstrapping Spring Data MongoDB repositories in DEFAULT mode.
2026-04-26 16:58:18 [main] INFO  o.s.d.r.c.RepositoryConfigurationDelegate - Finished Spring Data repository scanning in 85 ms. Found 2 MongoDB repository interfaces.
2026-04-26 16:58:18 [main] INFO  o.s.boot.tomcat.TomcatWebServer - Tomcat initialized with port 9090 (http)
2026-04-26 16:58:18 [main] INFO  o.a.catalina.core.StandardService - Starting service [Tomcat]
2026-04-26 16:58:18 [main] INFO  o.a.catalina.core.StandardEngine - Starting Servlet engine: [Apache Tomcat/11.0.20]
2026-04-26 16:58:18 [main] INFO  o.s.b.w.c.s.WebApplicationContextInitializer - Root WebApplicationContext: initialization completed in 1703 ms
2026-04-26 16:58:19 [main] INFO  org.mongodb.driver.client - MongoClient with metadata {"driver": {"name": "mongo-java-driver|sync", "version": "5.6.4"}, "os": {"type": "Windows", "name": "Windows 11", "architecture": "amd64", "version": "10.0"}, "platform": "Java/Oracle Corporation/24+36-3646"} created with settings MongoClientSettings{readPreference=primary, writeConcern=WriteConcern{w=null, wTimeout=null ms, journal=null}, retryWrites=true, retryReads=true, readConcern=ReadConcern{level=null}, credential=null, transportSettings=null, commandListeners=[], codecRegistry=ProvidersCodecRegistry{codecProviders=[ValueCodecProvider{}, BsonValueCodecProvider{}, DBRefCodecProvider{}, DBObjectCodecProvider{}, DocumentCodecProvider{}, CollectionCodecProvider{}, IterableCodecProvider{}, MapCodecProvider{}, GeoJsonCodecProvider{}, GridFSFileCodecProvider{}, Jsr310CodecProvider{}, JsonObjectCodecProvider{}, BsonCodecProvider{}, com.mongodb.client.model.mql.ExpressionCodecProvider@3e1f1046, com.mongodb.Jep395RecordCodecProvider@23e3f5cd, com.mongodb.KotlinCodecProvider@5c931134, EnumCodecProvider{}]}, loggerSettings=LoggerSettings{maxDocumentLength=1000}, clusterSettings={hosts=[localhost:27017], srvServiceName=mongodb, mode=SINGLE, requiredClusterType=UNKNOWN, requiredReplicaSetName='null', serverSelector='null', clusterListeners='[]', serverSelectionTimeout='30000 ms', localThreshold='15 ms'}, socketSettings=SocketSettings{connectTimeoutMS=10000, readTimeoutMS=0, receiveBufferSize=0, proxySettings=ProxySettings{host=null, port=null, username=null, password=null}}, heartbeatSocketSettings=SocketSettings{connectTimeoutMS=10000, readTimeoutMS=10000, receiveBufferSize=0, proxySettings=ProxySettings{host=null, port=null, username=null, password=null}}, connectionPoolSettings=ConnectionPoolSettings{maxSize=100, minSize=0, maxWaitTimeMS=120000, maxConnectionLifeTimeMS=0, maxConnectionIdleTimeMS=0, maintenanceInitialDelayMS=0, maintenanceFrequencyMS=60000, connectionPoolListeners=[], maxConnecting=2}, serverSettings=ServerSettings{heartbeatFrequencyMS=10000, minHeartbeatFrequencyMS=500, serverMonitoringMode=AUTO, serverListeners='[]', serverMonitorListeners='[]'}, sslSettings=SslSettings{enabled=false, invalidHostNameAllowed=false, context=null}, applicationName='null', compressorList=[], uuidRepresentation=UNSPECIFIED, serverApi=null, autoEncryptionSettings=null, dnsClient=null, inetAddressResolver=null, contextProvider=null, timeoutMS=null}
2026-04-26 16:58:19 [cluster-ClusterId{value='69edf6d3d07c8b5feab61f01', description='null'}-localhost:27017] INFO  org.mongodb.driver.cluster - Monitor thread successfully connected to server with description ServerDescription{address=localhost:27017, type=STANDALONE, cryptd=false, state=CONNECTED, ok=true, minWireVersion=0, maxWireVersion=27, maxDocumentSize=16777216, logicalSessionTimeoutMinutes=30, roundTripTimeNanos=35066500, minRoundTripTimeNanos=0}
2026-04-26 16:58:20 [main] INFO  o.s.boot.tomcat.TomcatWebServer - Tomcat started on port 9090 (http) with context path '/'
2026-04-26 16:58:20 [main] INFO  com.design_pattern.MainApplication - Started MainApplication in 4.023 seconds (process running for 4.762)
2026-04-26 16:58:23 [http-nio-9090-exec-1] INFO  o.a.c.c.C.[Tomcat].[localhost].[/] - Initializing Spring DispatcherServlet 'dispatcherServlet'
2026-04-26 16:58:23 [http-nio-9090-exec-1] INFO  o.s.web.servlet.DispatcherServlet - Initializing Servlet 'dispatcherServlet'
2026-04-26 16:58:23 [http-nio-9090-exec-1] INFO  o.s.web.servlet.DispatcherServlet - Completed initialization in 2 ms
2026-04-26 16:59:13 [SpringApplicationShutdownHook] INFO  o.s.boot.tomcat.GracefulShutdown - Commencing graceful shutdown. Waiting for active requests to complete
2026-04-26 16:59:13 [tomcat-shutdown] INFO  o.s.boot.tomcat.GracefulShutdown - Graceful shutdown complete
2026-04-26 16:59:19 [main] INFO  com.design_pattern.MainApplication - Starting MainApplication using Java 24 with PID 40768 (C:\work-space\leetcode_150_interview_questions\design_pattern\target\classes started by ankit in C:\work-space\leetcode_150_interview_questions\design_pattern)
2026-04-26 16:59:19 [main] INFO  com.design_pattern.MainApplication - No active profile set, falling back to 1 default profile: "default"
2026-04-26 16:59:19 [main] INFO  o.s.d.r.c.RepositoryConfigurationDelegate - Bootstrapping Spring Data MongoDB repositories in DEFAULT mode.
2026-04-26 16:59:20 [main] INFO  o.s.d.r.c.RepositoryConfigurationDelegate - Finished Spring Data repository scanning in 89 ms. Found 2 MongoDB repository interfaces.
2026-04-26 16:59:20 [main] INFO  o.s.boot.tomcat.TomcatWebServer - Tomcat initialized with port 9090 (http)
2026-04-26 16:59:20 [main] INFO  o.a.catalina.core.StandardService - Starting service [Tomcat]
2026-04-26 16:59:20 [main] INFO  o.a.catalina.core.StandardEngine - Starting Servlet engine: [Apache Tomcat/11.0.20]
2026-04-26 16:59:20 [main] INFO  o.s.b.w.c.s.WebApplicationContextInitializer - Root WebApplicationContext: initialization completed in 1644 ms
2026-04-26 16:59:21 [main] INFO  org.mongodb.driver.client - MongoClient with metadata {"driver": {"name": "mongo-java-driver|sync", "version": "5.6.4"}, "os": {"type": "Windows", "name": "Windows 11", "architecture": "amd64", "version": "10.0"}, "platform": "Java/Oracle Corporation/24+36-3646"} created with settings MongoClientSettings{readPreference=primary, writeConcern=WriteConcern{w=null, wTimeout=null ms, journal=null}, retryWrites=true, retryReads=true, readConcern=ReadConcern{level=null}, credential=null, transportSettings=null, commandListeners=[], codecRegistry=ProvidersCodecRegistry{codecProviders=[ValueCodecProvider{}, BsonValueCodecProvider{}, DBRefCodecProvider{}, DBObjectCodecProvider{}, DocumentCodecProvider{}, CollectionCodecProvider{}, IterableCodecProvider{}, MapCodecProvider{}, GeoJsonCodecProvider{}, GridFSFileCodecProvider{}, Jsr310CodecProvider{}, JsonObjectCodecProvider{}, BsonCodecProvider{}, com.mongodb.client.model.mql.ExpressionCodecProvider@7f3fc42f, com.mongodb.Jep395RecordCodecProvider@25a1a012, com.mongodb.KotlinCodecProvider@ce12fbb, EnumCodecProvider{}]}, loggerSettings=LoggerSettings{maxDocumentLength=1000}, clusterSettings={hosts=[localhost:27017], srvServiceName=mongodb, mode=SINGLE, requiredClusterType=UNKNOWN, requiredReplicaSetName='null', serverSelector='null', clusterListeners='[]', serverSelectionTimeout='30000 ms', localThreshold='15 ms'}, socketSettings=SocketSettings{connectTimeoutMS=10000, readTimeoutMS=0, receiveBufferSize=0, proxySettings=ProxySettings{host=null, port=null, username=null, password=null}}, heartbeatSocketSettings=SocketSettings{connectTimeoutMS=10000, readTimeoutMS=10000, receiveBufferSize=0, proxySettings=ProxySettings{host=null, port=null, username=null, password=null}}, connectionPoolSettings=ConnectionPoolSettings{maxSize=100, minSize=0, maxWaitTimeMS=120000, maxConnectionLifeTimeMS=0, maxConnectionIdleTimeMS=0, maintenanceInitialDelayMS=0, maintenanceFrequencyMS=60000, connectionPoolListeners=[], maxConnecting=2}, serverSettings=ServerSettings{heartbeatFrequencyMS=10000, minHeartbeatFrequencyMS=500, serverMonitoringMode=AUTO, serverListeners='[]', serverMonitorListeners='[]'}, sslSettings=SslSettings{enabled=false, invalidHostNameAllowed=false, context=null}, applicationName='null', compressorList=[], uuidRepresentation=UNSPECIFIED, serverApi=null, autoEncryptionSettings=null, dnsClient=null, inetAddressResolver=null, contextProvider=null, timeoutMS=null}
2026-04-26 16:59:21 [cluster-ClusterId{value='69edf711cc8e578775a40a7d', description='null'}-localhost:27017] INFO  org.mongodb.driver.cluster - Monitor thread successfully connected to server with description ServerDescription{address=localhost:27017, type=STANDALONE, cryptd=false, state=CONNECTED, ok=true, minWireVersion=0, maxWireVersion=27, maxDocumentSize=16777216, logicalSessionTimeoutMinutes=30, roundTripTimeNanos=31437600, minRoundTripTimeNanos=0}
2026-04-26 16:59:22 [main] INFO  o.s.boot.tomcat.TomcatWebServer - Tomcat started on port 9090 (http) with context path '/'
2026-04-26 16:59:22 [main] INFO  com.design_pattern.MainApplication - Started MainApplication in 4.005 seconds (process running for 4.713)
2026-04-26 16:59:30 [http-nio-9090-exec-1] INFO  o.a.c.c.C.[Tomcat].[localhost].[/] - Initializing Spring DispatcherServlet 'dispatcherServlet'
2026-04-26 16:59:30 [http-nio-9090-exec-1] INFO  o.s.web.servlet.DispatcherServlet - Initializing Servlet 'dispatcherServlet'
2026-04-26 16:59:30 [http-nio-9090-exec-1] INFO  o.s.web.servlet.DispatcherServlet - Completed initialization in 4 ms
2026-04-26 16:59:30 [http-nio-9090-exec-1] INFO   - Resource not found exception has occurred: Component with ID [90b04fe2-b931-48ef-af1f-2d5c553c92a8] not found in Category [69ecfc4d77c4f55eb718f706]
2026-04-26 17:02:05 [SpringApplicationShutdownHook] INFO  o.s.boot.tomcat.GracefulShutdown - Commencing graceful shutdown. Waiting for active requests to complete
2026-04-26 17:02:05 [tomcat-shutdown] INFO  o.s.boot.tomcat.GracefulShutdown - Graceful shutdown complete
2026-04-26 17:02:11 [main] INFO  com.design_pattern.MainApplication - Starting MainApplication using Java 24 with PID 41800 (C:\work-space\leetcode_150_interview_questions\design_pattern\target\classes started by ankit in C:\work-space\leetcode_150_interview_questions\design_pattern)
2026-04-26 17:02:11 [main] INFO  com.design_pattern.MainApplication - No active profile set, falling back to 1 default profile: "default"
2026-04-26 17:02:12 [main] INFO  o.s.d.r.c.RepositoryConfigurationDelegate - Bootstrapping Spring Data MongoDB repositories in DEFAULT mode.
2026-04-26 17:02:12 [main] INFO  o.s.d.r.c.RepositoryConfigurationDelegate - Finished Spring Data repository scanning in 76 ms. Found 2 MongoDB repository interfaces.
2026-04-26 17:02:13 [main] INFO  o.s.boot.tomcat.TomcatWebServer - Tomcat initialized with port 9090 (http)
2026-04-26 17:02:13 [main] INFO  o.a.catalina.core.StandardService - Starting service [Tomcat]
2026-04-26 17:02:13 [main] INFO  o.a.catalina.core.StandardEngine - Starting Servlet engine: [Apache Tomcat/11.0.20]
2026-04-26 17:02:13 [main] INFO  o.s.b.w.c.s.WebApplicationContextInitializer - Root WebApplicationContext: initialization completed in 1910 ms
2026-04-26 17:02:13 [main] INFO  org.mongodb.driver.client - MongoClient with metadata {"driver": {"name": "mongo-java-driver|sync", "version": "5.6.4"}, "os": {"type": "Windows", "name": "Windows 11", "architecture": "amd64", "version": "10.0"}, "platform": "Java/Oracle Corporation/24+36-3646"} created with settings MongoClientSettings{readPreference=primary, writeConcern=WriteConcern{w=null, wTimeout=null ms, journal=null}, retryWrites=true, retryReads=true, readConcern=ReadConcern{level=null}, credential=null, transportSettings=null, commandListeners=[], codecRegistry=ProvidersCodecRegistry{codecProviders=[ValueCodecProvider{}, BsonValueCodecProvider{}, DBRefCodecProvider{}, DBObjectCodecProvider{}, DocumentCodecProvider{}, CollectionCodecProvider{}, IterableCodecProvider{}, MapCodecProvider{}, GeoJsonCodecProvider{}, GridFSFileCodecProvider{}, Jsr310CodecProvider{}, JsonObjectCodecProvider{}, BsonCodecProvider{}, com.mongodb.client.model.mql.ExpressionCodecProvider@79ba0a6f, com.mongodb.Jep395RecordCodecProvider@261de205, com.mongodb.KotlinCodecProvider@7f3fc42f, EnumCodecProvider{}]}, loggerSettings=LoggerSettings{maxDocumentLength=1000}, clusterSettings={hosts=[localhost:27017], srvServiceName=mongodb, mode=SINGLE, requiredClusterType=UNKNOWN, requiredReplicaSetName='null', serverSelector='null', clusterListeners='[]', serverSelectionTimeout='30000 ms', localThreshold='15 ms'}, socketSettings=SocketSettings{connectTimeoutMS=10000, readTimeoutMS=0, receiveBufferSize=0, proxySettings=ProxySettings{host=null, port=null, username=null, password=null}}, heartbeatSocketSettings=SocketSettings{connectTimeoutMS=10000, readTimeoutMS=10000, receiveBufferSize=0, proxySettings=ProxySettings{host=null, port=null, username=null, password=null}}, connectionPoolSettings=ConnectionPoolSettings{maxSize=100, minSize=0, maxWaitTimeMS=120000, maxConnectionLifeTimeMS=0, maxConnectionIdleTimeMS=0, maintenanceInitialDelayMS=0, maintenanceFrequencyMS=60000, connectionPoolListeners=[], maxConnecting=2}, serverSettings=ServerSettings{heartbeatFrequencyMS=10000, minHeartbeatFrequencyMS=500, serverMonitoringMode=AUTO, serverListeners='[]', serverMonitorListeners='[]'}, sslSettings=SslSettings{enabled=false, invalidHostNameAllowed=false, context=null}, applicationName='null', compressorList=[], uuidRepresentation=UNSPECIFIED, serverApi=null, autoEncryptionSettings=null, dnsClient=null, inetAddressResolver=null, contextProvider=null, timeoutMS=null}
2026-04-26 17:02:13 [cluster-ClusterId{value='69edf7bd34f49bfce8d148df', description='null'}-localhost:27017] INFO  org.mongodb.driver.cluster - Monitor thread successfully connected to server with description ServerDescription{address=localhost:27017, type=STANDALONE, cryptd=false, state=CONNECTED, ok=true, minWireVersion=0, maxWireVersion=27, maxDocumentSize=16777216, logicalSessionTimeoutMinutes=30, roundTripTimeNanos=43840400, minRoundTripTimeNanos=0}
2026-04-26 17:02:15 [main] INFO  o.s.boot.tomcat.TomcatWebServer - Tomcat started on port 9090 (http) with context path '/'
2026-04-26 17:02:15 [main] INFO  com.design_pattern.MainApplication - Started MainApplication in 4.687 seconds (process running for 5.393)
2026-04-26 17:02:31 [SpringApplicationShutdownHook] INFO  o.s.boot.tomcat.GracefulShutdown - Commencing graceful shutdown. Waiting for active requests to complete
2026-04-26 17:02:31 [tomcat-shutdown] INFO  o.s.boot.tomcat.GracefulShutdown - Graceful shutdown complete
2026-04-26 17:02:33 [main] INFO  com.design_pattern.MainApplication - Starting MainApplication using Java 24 with PID 40180 (C:\work-space\leetcode_150_interview_questions\design_pattern\target\classes started by ankit in C:\work-space\leetcode_150_interview_questions\design_pattern)
2026-04-26 17:02:33 [main] INFO  com.design_pattern.MainApplication - No active profile set, falling back to 1 default profile: "default"
2026-04-26 17:02:34 [main] INFO  o.s.d.r.c.RepositoryConfigurationDelegate - Bootstrapping Spring Data MongoDB repositories in DEFAULT mode.
2026-04-26 17:02:34 [main] INFO  o.s.d.r.c.RepositoryConfigurationDelegate - Finished Spring Data repository scanning in 67 ms. Found 2 MongoDB repository interfaces.
2026-04-26 17:02:35 [main] INFO  o.s.boot.tomcat.TomcatWebServer - Tomcat initialized with port 9090 (http)
2026-04-26 17:02:35 [main] INFO  o.a.catalina.core.StandardService - Starting service [Tomcat]
2026-04-26 17:02:35 [main] INFO  o.a.catalina.core.StandardEngine - Starting Servlet engine: [Apache Tomcat/11.0.20]
2026-04-26 17:02:35 [main] INFO  o.s.b.w.c.s.WebApplicationContextInitializer - Root WebApplicationContext: initialization completed in 1623 ms
2026-04-26 17:02:35 [main] INFO  org.mongodb.driver.client - MongoClient with metadata {"driver": {"name": "mongo-java-driver|sync", "version": "5.6.4"}, "os": {"type": "Windows", "name": "Windows 11", "architecture": "amd64", "version": "10.0"}, "platform": "Java/Oracle Corporation/24+36-3646"} created with settings MongoClientSettings{readPreference=primary, writeConcern=WriteConcern{w=null, wTimeout=null ms, journal=null}, retryWrites=true, retryReads=true, readConcern=ReadConcern{level=null}, credential=null, transportSettings=null, commandListeners=[], codecRegistry=ProvidersCodecRegistry{codecProviders=[ValueCodecProvider{}, BsonValueCodecProvider{}, DBRefCodecProvider{}, DBObjectCodecProvider{}, DocumentCodecProvider{}, CollectionCodecProvider{}, IterableCodecProvider{}, MapCodecProvider{}, GeoJsonCodecProvider{}, GridFSFileCodecProvider{}, Jsr310CodecProvider{}, JsonObjectCodecProvider{}, BsonCodecProvider{}, com.mongodb.client.model.mql.ExpressionCodecProvider@25a1a012, com.mongodb.Jep395RecordCodecProvider@ce12fbb, com.mongodb.KotlinCodecProvider@4525e9e8, EnumCodecProvider{}]}, loggerSettings=LoggerSettings{maxDocumentLength=1000}, clusterSettings={hosts=[localhost:27017], srvServiceName=mongodb, mode=SINGLE, requiredClusterType=UNKNOWN, requiredReplicaSetName='null', serverSelector='null', clusterListeners='[]', serverSelectionTimeout='30000 ms', localThreshold='15 ms'}, socketSettings=SocketSettings{connectTimeoutMS=10000, readTimeoutMS=0, receiveBufferSize=0, proxySettings=ProxySettings{host=null, port=null, username=null, password=null}}, heartbeatSocketSettings=SocketSettings{connectTimeoutMS=10000, readTimeoutMS=10000, receiveBufferSize=0, proxySettings=ProxySettings{host=null, port=null, username=null, password=null}}, connectionPoolSettings=ConnectionPoolSettings{maxSize=100, minSize=0, maxWaitTimeMS=120000, maxConnectionLifeTimeMS=0, maxConnectionIdleTimeMS=0, maintenanceInitialDelayMS=0, maintenanceFrequencyMS=60000, connectionPoolListeners=[], maxConnecting=2}, serverSettings=ServerSettings{heartbeatFrequencyMS=10000, minHeartbeatFrequencyMS=500, serverMonitoringMode=AUTO, serverListeners='[]', serverMonitorListeners='[]'}, sslSettings=SslSettings{enabled=false, invalidHostNameAllowed=false, context=null}, applicationName='null', compressorList=[], uuidRepresentation=UNSPECIFIED, serverApi=null, autoEncryptionSettings=null, dnsClient=null, inetAddressResolver=null, contextProvider=null, timeoutMS=null}
2026-04-26 17:02:35 [cluster-ClusterId{value='69edf7d3e37e4d37f3e8c6d5', description='null'}-localhost:27017] INFO  org.mongodb.driver.cluster - Monitor thread successfully connected to server with description ServerDescription{address=localhost:27017, type=STANDALONE, cryptd=false, state=CONNECTED, ok=true, minWireVersion=0, maxWireVersion=27, maxDocumentSize=16777216, logicalSessionTimeoutMinutes=30, roundTripTimeNanos=40037300, minRoundTripTimeNanos=0}
2026-04-26 17:02:37 [main] INFO  o.s.boot.tomcat.TomcatWebServer - Tomcat started on port 9090 (http) with context path '/'
2026-04-26 17:02:37 [main] INFO  com.design_pattern.MainApplication - Started MainApplication in 4.057 seconds (process running for 4.758)
2026-04-26 17:02:41 [http-nio-9090-exec-1] INFO  o.a.c.c.C.[Tomcat].[localhost].[/] - Initializing Spring DispatcherServlet 'dispatcherServlet'
2026-04-26 17:02:41 [http-nio-9090-exec-1] INFO  o.s.web.servlet.DispatcherServlet - Initializing Servlet 'dispatcherServlet'
2026-04-26 17:02:41 [http-nio-9090-exec-1] INFO  o.s.web.servlet.DispatcherServlet - Completed initialization in 0 ms
2026-04-26 17:02:41 [http-nio-9090-exec-3] ERROR c.d.e.GlobalExceptionHandler - Unexpected exception occurred
org.springframework.web.servlet.resource.NoResourceFoundException: No static resource api/v1/category/69ecfc4d77c4f55eb718f706/component for request '/api/v1/category/69ecfc4d77c4f55eb718f706/component'.
	at org.springframework.web.servlet.resource.ResourceHttpRequestHandler.handleRequest(ResourceHttpRequestHandler.java:527)
	at org.springframework.web.servlet.mvc.HttpRequestHandlerAdapter.handle(HttpRequestHandlerAdapter.java:50)
	at org.springframework.web.servlet.DispatcherServlet.doDispatch(DispatcherServlet.java:963)
	at org.springframework.web.servlet.DispatcherServlet.doService(DispatcherServlet.java:866)
	at org.springframework.web.servlet.FrameworkServlet.processRequest(FrameworkServlet.java:1000)
	at org.springframework.web.servlet.FrameworkServlet.doPost(FrameworkServlet.java:903)
	at jakarta.servlet.http.HttpServlet.service(HttpServlet.java:649)
	at org.springframework.web.servlet.FrameworkServlet.service(FrameworkServlet.java:874)
	at jakarta.servlet.http.HttpServlet.service(HttpServlet.java:710)
	at org.apache.catalina.core.ApplicationFilterChain.doFilter(ApplicationFilterChain.java:128)
	at org.apache.tomcat.websocket.server.WsFilter.doFilter(WsFilter.java:53)
	at org.apache.catalina.core.ApplicationFilterChain.doFilter(ApplicationFilterChain.java:107)
	at org.springframework.web.filter.RequestContextFilter.doFilterInternal(RequestContextFilter.java:100)
	at org.springframework.web.filter.OncePerRequestFilter.doFilter(OncePerRequestFilter.java:116)
	at org.apache.catalina.core.ApplicationFilterChain.doFilter(ApplicationFilterChain.java:107)
	at org.springframework.web.filter.FormContentFilter.doFilterInternal(FormContentFilter.java:93)
	at org.springframework.web.filter.OncePerRequestFilter.doFilter(OncePerRequestFilter.java:116)
	at org.apache.catalina.core.ApplicationFilterChain.doFilter(ApplicationFilterChain.java:107)
	at org.springframework.web.filter.CharacterEncodingFilter.doFilterInternal(CharacterEncodingFilter.java:199)
	at org.springframework.web.filter.OncePerRequestFilter.doFilter(OncePerRequestFilter.java:116)
	at org.apache.catalina.core.ApplicationFilterChain.doFilter(ApplicationFilterChain.java:107)
	at org.apache.catalina.core.StandardWrapperValve.invoke(StandardWrapperValve.java:165)
	at org.apache.catalina.core.StandardContextValve.invoke(StandardContextValve.java:77)
	at org.apache.catalina.authenticator.AuthenticatorBase.invoke(AuthenticatorBase.java:492)
	at org.apache.catalina.core.StandardHostValve.invoke(StandardHostValve.java:113)
	at org.apache.catalina.valves.ErrorReportValve.invoke(ErrorReportValve.java:83)
	at org.apache.catalina.core.StandardEngineValve.invoke(StandardEngineValve.java:72)
	at org.apache.catalina.connector.CoyoteAdapter.service(CoyoteAdapter.java:341)
	at org.apache.coyote.http11.Http11Processor.service(Http11Processor.java:397)
	at org.apache.coyote.AbstractProcessorLight.process(AbstractProcessorLight.java:63)
	at org.apache.coyote.AbstractProtocol$ConnectionHandler.process(AbstractProtocol.java:903)
	at org.apache.tomcat.util.net.NioEndpoint$SocketProcessor.doRun(NioEndpoint.java:1779)
	at org.apache.tomcat.util.net.SocketProcessorBase.run(SocketProcessorBase.java:52)
	at org.apache.tomcat.util.threads.ThreadPoolExecutor.runWorker(ThreadPoolExecutor.java:946)
	at org.apache.tomcat.util.threads.ThreadPoolExecutor$Worker.run(ThreadPoolExecutor.java:480)
	at org.apache.tomcat.util.threads.TaskThread$WrappingRunnable.run(TaskThread.java:57)
	at java.base/java.lang.Thread.run(Thread.java:1447)
2026-04-26 17:03:27 [http-nio-9090-exec-6] INFO   - Resource not found exception has occurred: Component with ID [90b04fe2-b931-48ef-af1f-2d5c553c92a8] not found in Category [69ecfc4d77c4f55eb718f706]
2026-04-26 17:03:39 [http-nio-9090-exec-2] ERROR c.d.e.GlobalExceptionHandler - Unexpected exception occurred
org.springframework.web.servlet.resource.NoResourceFoundException: No static resource api/v1/category/69ecfc4d77c4f55eb718f706/component for request '/api/v1/category/69ecfc4d77c4f55eb718f706/component'.
	at org.springframework.web.servlet.resource.ResourceHttpRequestHandler.handleRequest(ResourceHttpRequestHandler.java:527)
	at org.springframework.web.servlet.mvc.HttpRequestHandlerAdapter.handle(HttpRequestHandlerAdapter.java:50)
	at org.springframework.web.servlet.DispatcherServlet.doDispatch(DispatcherServlet.java:963)
	at org.springframework.web.servlet.DispatcherServlet.doService(DispatcherServlet.java:866)
	at org.springframework.web.servlet.FrameworkServlet.processRequest(FrameworkServlet.java:1000)
	at org.springframework.web.servlet.FrameworkServlet.doPost(FrameworkServlet.java:903)
	at jakarta.servlet.http.HttpServlet.service(HttpServlet.java:649)
	at org.springframework.web.servlet.FrameworkServlet.service(FrameworkServlet.java:874)
	at jakarta.servlet.http.HttpServlet.service(HttpServlet.java:710)
	at org.apache.catalina.core.ApplicationFilterChain.doFilter(ApplicationFilterChain.java:128)
	at org.apache.tomcat.websocket.server.WsFilter.doFilter(WsFilter.java:53)
	at org.apache.catalina.core.ApplicationFilterChain.doFilter(ApplicationFilterChain.java:107)
	at org.springframework.web.filter.RequestContextFilter.doFilterInternal(RequestContextFilter.java:100)
	at org.springframework.web.filter.OncePerRequestFilter.doFilter(OncePerRequestFilter.java:116)
	at org.apache.catalina.core.ApplicationFilterChain.doFilter(ApplicationFilterChain.java:107)
	at org.springframework.web.filter.FormContentFilter.doFilterInternal(FormContentFilter.java:93)
	at org.springframework.web.filter.OncePerRequestFilter.doFilter(OncePerRequestFilter.java:116)
	at org.apache.catalina.core.ApplicationFilterChain.doFilter(ApplicationFilterChain.java:107)
	at org.springframework.web.filter.CharacterEncodingFilter.doFilterInternal(CharacterEncodingFilter.java:199)
	at org.springframework.web.filter.OncePerRequestFilter.doFilter(OncePerRequestFilter.java:116)
	at org.apache.catalina.core.ApplicationFilterChain.doFilter(ApplicationFilterChain.java:107)
	at org.apache.catalina.core.StandardWrapperValve.invoke(StandardWrapperValve.java:165)
	at org.apache.catalina.core.StandardContextValve.invoke(StandardContextValve.java:77)
	at org.apache.catalina.authenticator.AuthenticatorBase.invoke(AuthenticatorBase.java:492)
	at org.apache.catalina.core.StandardHostValve.invoke(StandardHostValve.java:113)
	at org.apache.catalina.valves.ErrorReportValve.invoke(ErrorReportValve.java:83)
	at org.apache.catalina.core.StandardEngineValve.invoke(StandardEngineValve.java:72)
	at org.apache.catalina.connector.CoyoteAdapter.service(CoyoteAdapter.java:341)
	at org.apache.coyote.http11.Http11Processor.service(Http11Processor.java:397)
	at org.apache.coyote.AbstractProcessorLight.process(AbstractProcessorLight.java:63)
	at org.apache.coyote.AbstractProtocol$ConnectionHandler.process(AbstractProtocol.java:903)
	at org.apache.tomcat.util.net.NioEndpoint$SocketProcessor.doRun(NioEndpoint.java:1779)
	at org.apache.tomcat.util.net.SocketProcessorBase.run(SocketProcessorBase.java:52)
	at org.apache.tomcat.util.threads.ThreadPoolExecutor.runWorker(ThreadPoolExecutor.java:946)
	at org.apache.tomcat.util.threads.ThreadPoolExecutor$Worker.run(ThreadPoolExecutor.java:480)
	at org.apache.tomcat.util.threads.TaskThread$WrappingRunnable.run(TaskThread.java:57)
	at java.base/java.lang.Thread.run(Thread.java:1447)
2026-04-26 17:04:24 [http-nio-9090-exec-5] ERROR c.d.e.GlobalExceptionHandler - Unexpected exception occurred
org.springframework.web.servlet.resource.NoResourceFoundException: No static resource api/v1/category/69ecfc4d77c4f55eb718f706/component for request '/api/v1/category/69ecfc4d77c4f55eb718f706/component'.
	at org.springframework.web.servlet.resource.ResourceHttpRequestHandler.handleRequest(ResourceHttpRequestHandler.java:527)
	at org.springframework.web.servlet.mvc.HttpRequestHandlerAdapter.handle(HttpRequestHandlerAdapter.java:50)
	at org.springframework.web.servlet.DispatcherServlet.doDispatch(DispatcherServlet.java:963)
	at org.springframework.web.servlet.DispatcherServlet.doService(DispatcherServlet.java:866)
	at org.springframework.web.servlet.FrameworkServlet.processRequest(FrameworkServlet.java:1000)
	at org.springframework.web.servlet.FrameworkServlet.doPost(FrameworkServlet.java:903)
	at jakarta.servlet.http.HttpServlet.service(HttpServlet.java:649)
	at org.springframework.web.servlet.FrameworkServlet.service(FrameworkServlet.java:874)
	at jakarta.servlet.http.HttpServlet.service(HttpServlet.java:710)
	at org.apache.catalina.core.ApplicationFilterChain.doFilter(ApplicationFilterChain.java:128)
	at org.apache.tomcat.websocket.server.WsFilter.doFilter(WsFilter.java:53)
	at org.apache.catalina.core.ApplicationFilterChain.doFilter(ApplicationFilterChain.java:107)
	at org.springframework.web.filter.RequestContextFilter.doFilterInternal(RequestContextFilter.java:100)
	at org.springframework.web.filter.OncePerRequestFilter.doFilter(OncePerRequestFilter.java:116)
	at org.apache.catalina.core.ApplicationFilterChain.doFilter(ApplicationFilterChain.java:107)
	at org.springframework.web.filter.FormContentFilter.doFilterInternal(FormContentFilter.java:93)
	at org.springframework.web.filter.OncePerRequestFilter.doFilter(OncePerRequestFilter.java:116)
	at org.apache.catalina.core.ApplicationFilterChain.doFilter(ApplicationFilterChain.java:107)
	at org.springframework.web.filter.CharacterEncodingFilter.doFilterInternal(CharacterEncodingFilter.java:199)
	at org.springframework.web.filter.OncePerRequestFilter.doFilter(OncePerRequestFilter.java:116)
	at org.apache.catalina.core.ApplicationFilterChain.doFilter(ApplicationFilterChain.java:107)
	at org.apache.catalina.core.StandardWrapperValve.invoke(StandardWrapperValve.java:165)
	at org.apache.catalina.core.StandardContextValve.invoke(StandardContextValve.java:77)
	at org.apache.catalina.authenticator.AuthenticatorBase.invoke(AuthenticatorBase.java:492)
	at org.apache.catalina.core.StandardHostValve.invoke(StandardHostValve.java:113)
	at org.apache.catalina.valves.ErrorReportValve.invoke(ErrorReportValve.java:83)
	at org.apache.catalina.core.StandardEngineValve.invoke(StandardEngineValve.java:72)
	at org.apache.catalina.connector.CoyoteAdapter.service(CoyoteAdapter.java:341)
	at org.apache.coyote.http11.Http11Processor.service(Http11Processor.java:397)
	at org.apache.coyote.AbstractProcessorLight.process(AbstractProcessorLight.java:63)
	at org.apache.coyote.AbstractProtocol$ConnectionHandler.process(AbstractProtocol.java:903)
	at org.apache.tomcat.util.net.NioEndpoint$SocketProcessor.doRun(NioEndpoint.java:1779)
	at org.apache.tomcat.util.net.SocketProcessorBase.run(SocketProcessorBase.java:52)
	at org.apache.tomcat.util.threads.ThreadPoolExecutor.runWorker(ThreadPoolExecutor.java:946)
	at org.apache.tomcat.util.threads.ThreadPoolExecutor$Worker.run(ThreadPoolExecutor.java:480)
	at org.apache.tomcat.util.threads.TaskThread$WrappingRunnable.run(TaskThread.java:57)
	at java.base/java.lang.Thread.run(Thread.java:1447)
2026-04-26 17:04:37 [SpringApplicationShutdownHook] INFO  o.s.boot.tomcat.GracefulShutdown - Commencing graceful shutdown. Waiting for active requests to complete
2026-04-26 17:04:37 [tomcat-shutdown] INFO  o.s.boot.tomcat.GracefulShutdown - Graceful shutdown complete
2026-04-26 17:04:45 [main] INFO  com.design_pattern.MainApplication - Starting MainApplication using Java 24 with PID 12888 (C:\work-space\leetcode_150_interview_questions\design_pattern\target\classes started by ankit in C:\work-space\leetcode_150_interview_questions\design_pattern)
2026-04-26 17:04:45 [main] INFO  com.design_pattern.MainApplication - No active profile set, falling back to 1 default profile: "default"
2026-04-26 17:04:46 [main] INFO  o.s.d.r.c.RepositoryConfigurationDelegate - Bootstrapping Spring Data MongoDB repositories in DEFAULT mode.
2026-04-26 17:04:46 [main] INFO  o.s.d.r.c.RepositoryConfigurationDelegate - Finished Spring Data repository scanning in 83 ms. Found 2 MongoDB repository interfaces.
2026-04-26 17:04:46 [main] INFO  o.s.boot.tomcat.TomcatWebServer - Tomcat initialized with port 9090 (http)
2026-04-26 17:04:47 [main] INFO  o.a.catalina.core.StandardService - Starting service [Tomcat]
2026-04-26 17:04:47 [main] INFO  o.a.catalina.core.StandardEngine - Starting Servlet engine: [Apache Tomcat/11.0.20]
2026-04-26 17:04:47 [main] INFO  o.s.b.w.c.s.WebApplicationContextInitializer - Root WebApplicationContext: initialization completed in 1745 ms
2026-04-26 17:04:47 [main] INFO  org.mongodb.driver.client - MongoClient with metadata {"driver": {"name": "mongo-java-driver|sync", "version": "5.6.4"}, "os": {"type": "Windows", "name": "Windows 11", "architecture": "amd64", "version": "10.0"}, "platform": "Java/Oracle Corporation/24+36-3646"} created with settings MongoClientSettings{readPreference=primary, writeConcern=WriteConcern{w=null, wTimeout=null ms, journal=null}, retryWrites=true, retryReads=true, readConcern=ReadConcern{level=null}, credential=null, transportSettings=null, commandListeners=[], codecRegistry=ProvidersCodecRegistry{codecProviders=[ValueCodecProvider{}, BsonValueCodecProvider{}, DBRefCodecProvider{}, DBObjectCodecProvider{}, DocumentCodecProvider{}, CollectionCodecProvider{}, IterableCodecProvider{}, MapCodecProvider{}, GeoJsonCodecProvider{}, GridFSFileCodecProvider{}, Jsr310CodecProvider{}, JsonObjectCodecProvider{}, BsonCodecProvider{}, com.mongodb.client.model.mql.ExpressionCodecProvider@22d8f4ed, com.mongodb.Jep395RecordCodecProvider@3434a4f0, com.mongodb.KotlinCodecProvider@79afa369, EnumCodecProvider{}]}, loggerSettings=LoggerSettings{maxDocumentLength=1000}, clusterSettings={hosts=[localhost:27017], srvServiceName=mongodb, mode=SINGLE, requiredClusterType=UNKNOWN, requiredReplicaSetName='null', serverSelector='null', clusterListeners='[]', serverSelectionTimeout='30000 ms', localThreshold='15 ms'}, socketSettings=SocketSettings{connectTimeoutMS=10000, readTimeoutMS=0, receiveBufferSize=0, proxySettings=ProxySettings{host=null, port=null, username=null, password=null}}, heartbeatSocketSettings=SocketSettings{connectTimeoutMS=10000, readTimeoutMS=10000, receiveBufferSize=0, proxySettings=ProxySettings{host=null, port=null, username=null, password=null}}, connectionPoolSettings=ConnectionPoolSettings{maxSize=100, minSize=0, maxWaitTimeMS=120000, maxConnectionLifeTimeMS=0, maxConnectionIdleTimeMS=0, maintenanceInitialDelayMS=0, maintenanceFrequencyMS=60000, connectionPoolListeners=[], maxConnecting=2}, serverSettings=ServerSettings{heartbeatFrequencyMS=10000, minHeartbeatFrequencyMS=500, serverMonitoringMode=AUTO, serverListeners='[]', serverMonitorListeners='[]'}, sslSettings=SslSettings{enabled=false, invalidHostNameAllowed=false, context=null}, applicationName='null', compressorList=[], uuidRepresentation=UNSPECIFIED, serverApi=null, autoEncryptionSettings=null, dnsClient=null, inetAddressResolver=null, contextProvider=null, timeoutMS=null}
2026-04-26 17:04:47 [cluster-ClusterId{value='69edf8572d395102db83c667', description='null'}-localhost:27017] INFO  org.mongodb.driver.cluster - Monitor thread successfully connected to server with description ServerDescription{address=localhost:27017, type=STANDALONE, cryptd=false, state=CONNECTED, ok=true, minWireVersion=0, maxWireVersion=27, maxDocumentSize=16777216, logicalSessionTimeoutMinutes=30, roundTripTimeNanos=41459000, minRoundTripTimeNanos=0}
2026-04-26 17:04:49 [main] INFO  o.s.boot.tomcat.TomcatWebServer - Tomcat started on port 9090 (http) with context path '/'
2026-04-26 17:04:49 [main] INFO  com.design_pattern.MainApplication - Started MainApplication in 4.609 seconds (process running for 5.315)
2026-04-26 17:05:08 [SpringApplicationShutdownHook] INFO  o.s.boot.tomcat.GracefulShutdown - Commencing graceful shutdown. Waiting for active requests to complete
2026-04-26 17:05:08 [tomcat-shutdown] INFO  o.s.boot.tomcat.GracefulShutdown - Graceful shutdown complete
2026-04-26 17:05:14 [main] INFO  com.design_pattern.MainApplication - Starting MainApplication using Java 24 with PID 43920 (C:\work-space\leetcode_150_interview_questions\design_pattern\target\classes started by ankit in C:\work-space\leetcode_150_interview_questions\design_pattern)
2026-04-26 17:05:14 [main] INFO  com.design_pattern.MainApplication - No active profile set, falling back to 1 default profile: "default"
2026-04-26 17:05:15 [main] INFO  o.s.d.r.c.RepositoryConfigurationDelegate - Bootstrapping Spring Data MongoDB repositories in DEFAULT mode.
2026-04-26 17:05:15 [main] INFO  o.s.d.r.c.RepositoryConfigurationDelegate - Finished Spring Data repository scanning in 81 ms. Found 2 MongoDB repository interfaces.
2026-04-26 17:05:16 [main] INFO  o.s.boot.tomcat.TomcatWebServer - Tomcat initialized with port 9090 (http)
2026-04-26 17:05:16 [main] INFO  o.a.catalina.core.StandardService - Starting service [Tomcat]
2026-04-26 17:05:16 [main] INFO  o.a.catalina.core.StandardEngine - Starting Servlet engine: [Apache Tomcat/11.0.20]
2026-04-26 17:05:16 [main] INFO  o.s.b.w.c.s.WebApplicationContextInitializer - Root WebApplicationContext: initialization completed in 1994 ms
2026-04-26 17:05:17 [main] INFO  org.mongodb.driver.client - MongoClient with metadata {"driver": {"name": "mongo-java-driver|sync", "version": "5.6.4"}, "os": {"type": "Windows", "name": "Windows 11", "architecture": "amd64", "version": "10.0"}, "platform": "Java/Oracle Corporation/24+36-3646"} created with settings MongoClientSettings{readPreference=primary, writeConcern=WriteConcern{w=null, wTimeout=null ms, journal=null}, retryWrites=true, retryReads=true, readConcern=ReadConcern{level=null}, credential=null, transportSettings=null, commandListeners=[], codecRegistry=ProvidersCodecRegistry{codecProviders=[ValueCodecProvider{}, BsonValueCodecProvider{}, DBRefCodecProvider{}, DBObjectCodecProvider{}, DocumentCodecProvider{}, CollectionCodecProvider{}, IterableCodecProvider{}, MapCodecProvider{}, GeoJsonCodecProvider{}, GridFSFileCodecProvider{}, Jsr310CodecProvider{}, JsonObjectCodecProvider{}, BsonCodecProvider{}, com.mongodb.client.model.mql.ExpressionCodecProvider@7af0affa, com.mongodb.Jep395RecordCodecProvider@71560f51, com.mongodb.KotlinCodecProvider@3e1f1046, EnumCodecProvider{}]}, loggerSettings=LoggerSettings{maxDocumentLength=1000}, clusterSettings={hosts=[localhost:27017], srvServiceName=mongodb, mode=SINGLE, requiredClusterType=UNKNOWN, requiredReplicaSetName='null', serverSelector='null', clusterListeners='[]', serverSelectionTimeout='30000 ms', localThreshold='15 ms'}, socketSettings=SocketSettings{connectTimeoutMS=10000, readTimeoutMS=0, receiveBufferSize=0, proxySettings=ProxySettings{host=null, port=null, username=null, password=null}}, heartbeatSocketSettings=SocketSettings{connectTimeoutMS=10000, readTimeoutMS=10000, receiveBufferSize=0, proxySettings=ProxySettings{host=null, port=null, username=null, password=null}}, connectionPoolSettings=ConnectionPoolSettings{maxSize=100, minSize=0, maxWaitTimeMS=120000, maxConnectionLifeTimeMS=0, maxConnectionIdleTimeMS=0, maintenanceInitialDelayMS=0, maintenanceFrequencyMS=60000, connectionPoolListeners=[], maxConnecting=2}, serverSettings=ServerSettings{heartbeatFrequencyMS=10000, minHeartbeatFrequencyMS=500, serverMonitoringMode=AUTO, serverListeners='[]', serverMonitorListeners='[]'}, sslSettings=SslSettings{enabled=false, invalidHostNameAllowed=false, context=null}, applicationName='null', compressorList=[], uuidRepresentation=UNSPECIFIED, serverApi=null, autoEncryptionSettings=null, dnsClient=null, inetAddressResolver=null, contextProvider=null, timeoutMS=null}
2026-04-26 17:05:17 [cluster-ClusterId{value='69edf875a095b37636c4cd74', description='null'}-localhost:27017] INFO  org.mongodb.driver.cluster - Monitor thread successfully connected to server with description ServerDescription{address=localhost:27017, type=STANDALONE, cryptd=false, state=CONNECTED, ok=true, minWireVersion=0, maxWireVersion=27, maxDocumentSize=16777216, logicalSessionTimeoutMinutes=30, roundTripTimeNanos=44272900, minRoundTripTimeNanos=0}
2026-04-26 17:05:18 [main] INFO  o.s.boot.tomcat.TomcatWebServer - Tomcat started on port 9090 (http) with context path '/'
2026-04-26 17:05:18 [main] INFO  com.design_pattern.MainApplication - Started MainApplication in 4.801 seconds (process running for 5.524)
2026-04-26 17:05:23 [http-nio-9090-exec-1] INFO  o.a.c.c.C.[Tomcat].[localhost].[/] - Initializing Spring DispatcherServlet 'dispatcherServlet'
2026-04-26 17:05:23 [http-nio-9090-exec-1] INFO  o.s.web.servlet.DispatcherServlet - Initializing Servlet 'dispatcherServlet'
2026-04-26 17:05:23 [http-nio-9090-exec-1] INFO  o.s.web.servlet.DispatcherServlet - Completed initialization in 4 ms
2026-04-26 17:05:23 [http-nio-9090-exec-1] ERROR c.d.e.GlobalExceptionHandler - Unexpected exception occurred
org.springframework.web.servlet.resource.NoResourceFoundException: No static resource api/v1/resource for request '/api/v1/resource'.
	at org.springframework.web.servlet.resource.ResourceHttpRequestHandler.handleRequest(ResourceHttpRequestHandler.java:527)
	at org.springframework.web.servlet.mvc.HttpRequestHandlerAdapter.handle(HttpRequestHandlerAdapter.java:50)
	at org.springframework.web.servlet.DispatcherServlet.doDispatch(DispatcherServlet.java:963)
	at org.springframework.web.servlet.DispatcherServlet.doService(DispatcherServlet.java:866)
	at org.springframework.web.servlet.FrameworkServlet.processRequest(FrameworkServlet.java:1000)
	at org.springframework.web.servlet.FrameworkServlet.doGet(FrameworkServlet.java:892)
	at jakarta.servlet.http.HttpServlet.service(HttpServlet.java:622)
	at org.springframework.web.servlet.FrameworkServlet.service(FrameworkServlet.java:874)
	at jakarta.servlet.http.HttpServlet.service(HttpServlet.java:710)
	at org.apache.catalina.core.ApplicationFilterChain.doFilter(ApplicationFilterChain.java:128)
	at org.apache.tomcat.websocket.server.WsFilter.doFilter(WsFilter.java:53)
	at org.apache.catalina.core.ApplicationFilterChain.doFilter(ApplicationFilterChain.java:107)
	at org.springframework.web.filter.RequestContextFilter.doFilterInternal(RequestContextFilter.java:100)
	at org.springframework.web.filter.OncePerRequestFilter.doFilter(OncePerRequestFilter.java:116)
	at org.apache.catalina.core.ApplicationFilterChain.doFilter(ApplicationFilterChain.java:107)
	at org.springframework.web.filter.FormContentFilter.doFilterInternal(FormContentFilter.java:93)
	at org.springframework.web.filter.OncePerRequestFilter.doFilter(OncePerRequestFilter.java:116)
	at org.apache.catalina.core.ApplicationFilterChain.doFilter(ApplicationFilterChain.java:107)
	at org.springframework.web.filter.CharacterEncodingFilter.doFilterInternal(CharacterEncodingFilter.java:199)
	at org.springframework.web.filter.OncePerRequestFilter.doFilter(OncePerRequestFilter.java:116)
	at org.apache.catalina.core.ApplicationFilterChain.doFilter(ApplicationFilterChain.java:107)
	at org.apache.catalina.core.StandardWrapperValve.invoke(StandardWrapperValve.java:165)
	at org.apache.catalina.core.StandardContextValve.invoke(StandardContextValve.java:77)
	at org.apache.catalina.authenticator.AuthenticatorBase.invoke(AuthenticatorBase.java:492)
	at org.apache.catalina.core.StandardHostValve.invoke(StandardHostValve.java:113)
	at org.apache.catalina.valves.ErrorReportValve.invoke(ErrorReportValve.java:83)
	at org.apache.catalina.core.StandardEngineValve.invoke(StandardEngineValve.java:72)
	at org.apache.catalina.connector.CoyoteAdapter.service(CoyoteAdapter.java:341)
	at org.apache.coyote.http11.Http11Processor.service(Http11Processor.java:397)
	at org.apache.coyote.AbstractProcessorLight.process(AbstractProcessorLight.java:63)
	at org.apache.coyote.AbstractProtocol$ConnectionHandler.process(AbstractProtocol.java:903)
	at org.apache.tomcat.util.net.NioEndpoint$SocketProcessor.doRun(NioEndpoint.java:1779)
	at org.apache.tomcat.util.net.SocketProcessorBase.run(SocketProcessorBase.java:52)
	at org.apache.tomcat.util.threads.ThreadPoolExecutor.runWorker(ThreadPoolExecutor.java:946)
	at org.apache.tomcat.util.threads.ThreadPoolExecutor$Worker.run(ThreadPoolExecutor.java:480)
	at org.apache.tomcat.util.threads.TaskThread$WrappingRunnable.run(TaskThread.java:57)
	at java.base/java.lang.Thread.run(Thread.java:1447)
2026-04-26 17:05:23 [http-nio-9090-exec-2] ERROR c.d.e.GlobalExceptionHandler - Unexpected exception occurred
org.springframework.web.servlet.resource.NoResourceFoundException: No static resource api/v1/resource for request '/api/v1/resource'.
	at org.springframework.web.servlet.resource.ResourceHttpRequestHandler.handleRequest(ResourceHttpRequestHandler.java:527)
	at org.springframework.web.servlet.mvc.HttpRequestHandlerAdapter.handle(HttpRequestHandlerAdapter.java:50)
	at org.springframework.web.servlet.DispatcherServlet.doDispatch(DispatcherServlet.java:963)
	at org.springframework.web.servlet.DispatcherServlet.doService(DispatcherServlet.java:866)
	at org.springframework.web.servlet.FrameworkServlet.processRequest(FrameworkServlet.java:1000)
	at org.springframework.web.servlet.FrameworkServlet.doGet(FrameworkServlet.java:892)
	at jakarta.servlet.http.HttpServlet.service(HttpServlet.java:622)
	at org.springframework.web.servlet.FrameworkServlet.service(FrameworkServlet.java:874)
	at jakarta.servlet.http.HttpServlet.service(HttpServlet.java:710)
	at org.apache.catalina.core.ApplicationFilterChain.doFilter(ApplicationFilterChain.java:128)
	at org.apache.tomcat.websocket.server.WsFilter.doFilter(WsFilter.java:53)
	at org.apache.catalina.core.ApplicationFilterChain.doFilter(ApplicationFilterChain.java:107)
	at org.springframework.web.filter.RequestContextFilter.doFilterInternal(RequestContextFilter.java:100)
	at org.springframework.web.filter.OncePerRequestFilter.doFilter(OncePerRequestFilter.java:116)
	at org.apache.catalina.core.ApplicationFilterChain.doFilter(ApplicationFilterChain.java:107)
	at org.springframework.web.filter.FormContentFilter.doFilterInternal(FormContentFilter.java:93)
	at org.springframework.web.filter.OncePerRequestFilter.doFilter(OncePerRequestFilter.java:116)
	at org.apache.catalina.core.ApplicationFilterChain.doFilter(ApplicationFilterChain.java:107)
	at org.springframework.web.filter.CharacterEncodingFilter.doFilterInternal(CharacterEncodingFilter.java:199)
	at org.springframework.web.filter.OncePerRequestFilter.doFilter(OncePerRequestFilter.java:116)
	at org.apache.catalina.core.ApplicationFilterChain.doFilter(ApplicationFilterChain.java:107)
	at org.apache.catalina.core.StandardWrapperValve.invoke(StandardWrapperValve.java:165)
	at org.apache.catalina.core.StandardContextValve.invoke(StandardContextValve.java:77)
	at org.apache.catalina.authenticator.AuthenticatorBase.invoke(AuthenticatorBase.java:492)
	at org.apache.catalina.core.StandardHostValve.invoke(StandardHostValve.java:113)
	at org.apache.catalina.valves.ErrorReportValve.invoke(ErrorReportValve.java:83)
	at org.apache.catalina.core.StandardEngineValve.invoke(StandardEngineValve.java:72)
	at org.apache.catalina.connector.CoyoteAdapter.service(CoyoteAdapter.java:341)
	at org.apache.coyote.http11.Http11Processor.service(Http11Processor.java:397)
	at org.apache.coyote.AbstractProcessorLight.process(AbstractProcessorLight.java:63)
	at org.apache.coyote.AbstractProtocol$ConnectionHandler.process(AbstractProtocol.java:903)
	at org.apache.tomcat.util.net.NioEndpoint$SocketProcessor.doRun(NioEndpoint.java:1779)
	at org.apache.tomcat.util.net.SocketProcessorBase.run(SocketProcessorBase.java:52)
	at org.apache.tomcat.util.threads.ThreadPoolExecutor.runWorker(ThreadPoolExecutor.java:946)
	at org.apache.tomcat.util.threads.ThreadPoolExecutor$Worker.run(ThreadPoolExecutor.java:480)
	at org.apache.tomcat.util.threads.TaskThread$WrappingRunnable.run(TaskThread.java:57)
	at java.base/java.lang.Thread.run(Thread.java:1447)
2026-04-26 17:05:51 [SpringApplicationShutdownHook] INFO  o.s.boot.tomcat.GracefulShutdown - Commencing graceful shutdown. Waiting for active requests to complete
2026-04-26 17:05:51 [tomcat-shutdown] INFO  o.s.boot.tomcat.GracefulShutdown - Graceful shutdown complete
2026-04-26 17:05:54 [main] INFO  com.design_pattern.MainApplication - Starting MainApplication using Java 24 with PID 19220 (C:\work-space\leetcode_150_interview_questions\design_pattern\target\classes started by ankit in C:\work-space\leetcode_150_interview_questions\design_pattern)
2026-04-26 17:05:54 [main] INFO  com.design_pattern.MainApplication - No active profile set, falling back to 1 default profile: "default"
2026-04-26 17:05:55 [main] INFO  o.s.d.r.c.RepositoryConfigurationDelegate - Bootstrapping Spring Data MongoDB repositories in DEFAULT mode.
2026-04-26 17:05:55 [main] INFO  o.s.d.r.c.RepositoryConfigurationDelegate - Finished Spring Data repository scanning in 77 ms. Found 2 MongoDB repository interfaces.
2026-04-26 17:05:56 [main] INFO  o.s.boot.tomcat.TomcatWebServer - Tomcat initialized with port 9090 (http)
2026-04-26 17:05:56 [main] INFO  o.a.catalina.core.StandardService - Starting service [Tomcat]
2026-04-26 17:05:56 [main] INFO  o.a.catalina.core.StandardEngine - Starting Servlet engine: [Apache Tomcat/11.0.20]
2026-04-26 17:05:56 [main] INFO  o.s.b.w.c.s.WebApplicationContextInitializer - Root WebApplicationContext: initialization completed in 1828 ms
2026-04-26 17:05:56 [main] INFO  org.mongodb.driver.client - MongoClient with metadata {"driver": {"name": "mongo-java-driver|sync", "version": "5.6.4"}, "os": {"type": "Windows", "name": "Windows 11", "architecture": "amd64", "version": "10.0"}, "platform": "Java/Oracle Corporation/24+36-3646"} created with settings MongoClientSettings{readPreference=primary, writeConcern=WriteConcern{w=null, wTimeout=null ms, journal=null}, retryWrites=true, retryReads=true, readConcern=ReadConcern{level=null}, credential=null, transportSettings=null, commandListeners=[], codecRegistry=ProvidersCodecRegistry{codecProviders=[ValueCodecProvider{}, BsonValueCodecProvider{}, DBRefCodecProvider{}, DBObjectCodecProvider{}, DocumentCodecProvider{}, CollectionCodecProvider{}, IterableCodecProvider{}, MapCodecProvider{}, GeoJsonCodecProvider{}, GridFSFileCodecProvider{}, Jsr310CodecProvider{}, JsonObjectCodecProvider{}, BsonCodecProvider{}, com.mongodb.client.model.mql.ExpressionCodecProvider@63bfdbcb, com.mongodb.Jep395RecordCodecProvider@7af0affa, com.mongodb.KotlinCodecProvider@71560f51, EnumCodecProvider{}]}, loggerSettings=LoggerSettings{maxDocumentLength=1000}, clusterSettings={hosts=[localhost:27017], srvServiceName=mongodb, mode=SINGLE, requiredClusterType=UNKNOWN, requiredReplicaSetName='null', serverSelector='null', clusterListeners='[]', serverSelectionTimeout='30000 ms', localThreshold='15 ms'}, socketSettings=SocketSettings{connectTimeoutMS=10000, readTimeoutMS=0, receiveBufferSize=0, proxySettings=ProxySettings{host=null, port=null, username=null, password=null}}, heartbeatSocketSettings=SocketSettings{connectTimeoutMS=10000, readTimeoutMS=10000, receiveBufferSize=0, proxySettings=ProxySettings{host=null, port=null, username=null, password=null}}, connectionPoolSettings=ConnectionPoolSettings{maxSize=100, minSize=0, maxWaitTimeMS=120000, maxConnectionLifeTimeMS=0, maxConnectionIdleTimeMS=0, maintenanceInitialDelayMS=0, maintenanceFrequencyMS=60000, connectionPoolListeners=[], maxConnecting=2}, serverSettings=ServerSettings{heartbeatFrequencyMS=10000, minHeartbeatFrequencyMS=500, serverMonitoringMode=AUTO, serverListeners='[]', serverMonitorListeners='[]'}, sslSettings=SslSettings{enabled=false, invalidHostNameAllowed=false, context=null}, applicationName='null', compressorList=[], uuidRepresentation=UNSPECIFIED, serverApi=null, autoEncryptionSettings=null, dnsClient=null, inetAddressResolver=null, contextProvider=null, timeoutMS=null}
2026-04-26 17:05:56 [cluster-ClusterId{value='69edf89c51e77bdfc83a6349', description='null'}-localhost:27017] INFO  org.mongodb.driver.cluster - Monitor thread successfully connected to server with description ServerDescription{address=localhost:27017, type=STANDALONE, cryptd=false, state=CONNECTED, ok=true, minWireVersion=0, maxWireVersion=27, maxDocumentSize=16777216, logicalSessionTimeoutMinutes=30, roundTripTimeNanos=34024100, minRoundTripTimeNanos=0}
2026-04-26 17:05:57 [main] INFO  o.s.boot.tomcat.TomcatWebServer - Tomcat started on port 9090 (http) with context path '/'
2026-04-26 17:05:57 [main] INFO  com.design_pattern.MainApplication - Started MainApplication in 4.052 seconds (process running for 4.774)
2026-04-26 17:06:03 [http-nio-9090-exec-7] INFO  o.a.c.c.C.[Tomcat].[localhost].[/] - Initializing Spring DispatcherServlet 'dispatcherServlet'
2026-04-26 17:06:03 [http-nio-9090-exec-7] INFO  o.s.web.servlet.DispatcherServlet - Initializing Servlet 'dispatcherServlet'
2026-04-26 17:06:03 [http-nio-9090-exec-7] INFO  o.s.web.servlet.DispatcherServlet - Completed initialization in 0 ms
2026-04-26 17:06:03 [http-nio-9090-exec-7] INFO   - Fetch all resources method start 
2026-04-26 17:06:03 [http-nio-9090-exec-7] INFO   - Fetch all resource method end here 
2026-04-26 17:06:03 [http-nio-9090-exec-1] INFO   - Fetch all resources method start 
2026-04-26 17:06:03 [http-nio-9090-exec-1] INFO   - Fetch all resource method end here 
2026-04-26 17:15:35 [http-nio-9090-exec-2] INFO   - Fetch all resources method start 
2026-04-26 17:15:35 [http-nio-9090-exec-2] INFO   - Fetch all resource method end here 
2026-04-26 17:15:36 [http-nio-9090-exec-5] INFO   - Fetch all resources method start 
2026-04-26 17:15:36 [http-nio-9090-exec-5] INFO   - Fetch all resource method end here 
2026-04-26 17:15:40 [http-nio-9090-exec-7] INFO   - Fetch all resources method start 
2026-04-26 17:15:40 [http-nio-9090-exec-7] INFO   - Fetch all resource method end here 
2026-04-26 17:15:40 [http-nio-9090-exec-1] INFO   - Fetch all resources method start 
2026-04-26 17:15:40 [http-nio-9090-exec-1] INFO   - Fetch all resource method end here 
2026-04-26 17:16:38 [http-nio-9090-exec-4] INFO   - Fetch all resources method start 
2026-04-26 17:16:38 [http-nio-9090-exec-4] INFO   - Fetch all resource method end here 
2026-04-26 17:16:38 [http-nio-9090-exec-6] INFO   - Fetch all resources method start 
2026-04-26 17:16:38 [http-nio-9090-exec-6] INFO   - Fetch all resource method end here 
2026-04-26 17:17:16 [http-nio-9090-exec-8] ERROR c.d.e.GlobalExceptionHandler - Unexpected exception occurred
org.springframework.web.servlet.resource.NoResourceFoundException: No static resource api/v1/resource for request '/api/v1/resource'.
	at org.springframework.web.servlet.resource.ResourceHttpRequestHandler.handleRequest(ResourceHttpRequestHandler.java:527)
	at org.springframework.web.servlet.mvc.HttpRequestHandlerAdapter.handle(HttpRequestHandlerAdapter.java:50)
	at org.springframework.web.servlet.DispatcherServlet.doDispatch(DispatcherServlet.java:963)
	at org.springframework.web.servlet.DispatcherServlet.doService(DispatcherServlet.java:866)
	at org.springframework.web.servlet.FrameworkServlet.processRequest(FrameworkServlet.java:1000)
	at org.springframework.web.servlet.FrameworkServlet.doGet(FrameworkServlet.java:892)
	at jakarta.servlet.http.HttpServlet.service(HttpServlet.java:622)
	at org.springframework.web.servlet.FrameworkServlet.service(FrameworkServlet.java:874)
	at jakarta.servlet.http.HttpServlet.service(HttpServlet.java:710)
	at org.apache.catalina.core.ApplicationFilterChain.doFilter(ApplicationFilterChain.java:128)
	at org.apache.tomcat.websocket.server.WsFilter.doFilter(WsFilter.java:53)
	at org.apache.catalina.core.ApplicationFilterChain.doFilter(ApplicationFilterChain.java:107)
	at org.springframework.web.filter.RequestContextFilter.doFilterInternal(RequestContextFilter.java:100)
	at org.springframework.web.filter.OncePerRequestFilter.doFilter(OncePerRequestFilter.java:116)
	at org.apache.catalina.core.ApplicationFilterChain.doFilter(ApplicationFilterChain.java:107)
	at org.springframework.web.filter.FormContentFilter.doFilterInternal(FormContentFilter.java:93)
	at org.springframework.web.filter.OncePerRequestFilter.doFilter(OncePerRequestFilter.java:116)
	at org.apache.catalina.core.ApplicationFilterChain.doFilter(ApplicationFilterChain.java:107)
	at org.springframework.web.filter.CharacterEncodingFilter.doFilterInternal(CharacterEncodingFilter.java:199)
	at org.springframework.web.filter.OncePerRequestFilter.doFilter(OncePerRequestFilter.java:116)
	at org.apache.catalina.core.ApplicationFilterChain.doFilter(ApplicationFilterChain.java:107)
	at org.apache.catalina.core.StandardWrapperValve.invoke(StandardWrapperValve.java:165)
	at org.apache.catalina.core.StandardContextValve.invoke(StandardContextValve.java:77)
	at org.apache.catalina.authenticator.AuthenticatorBase.invoke(AuthenticatorBase.java:492)
	at org.apache.catalina.core.StandardHostValve.invoke(StandardHostValve.java:113)
	at org.apache.catalina.valves.ErrorReportValve.invoke(ErrorReportValve.java:83)
	at org.apache.catalina.core.StandardEngineValve.invoke(StandardEngineValve.java:72)
	at org.apache.catalina.connector.CoyoteAdapter.service(CoyoteAdapter.java:341)
	at org.apache.coyote.http11.Http11Processor.service(Http11Processor.java:397)
	at org.apache.coyote.AbstractProcessorLight.process(AbstractProcessorLight.java:63)
	at org.apache.coyote.AbstractProtocol$ConnectionHandler.process(AbstractProtocol.java:903)
	at org.apache.tomcat.util.net.NioEndpoint$SocketProcessor.doRun(NioEndpoint.java:1779)
	at org.apache.tomcat.util.net.SocketProcessorBase.run(SocketProcessorBase.java:52)
	at org.apache.tomcat.util.threads.ThreadPoolExecutor.runWorker(ThreadPoolExecutor.java:946)
	at org.apache.tomcat.util.threads.ThreadPoolExecutor$Worker.run(ThreadPoolExecutor.java:480)
	at org.apache.tomcat.util.threads.TaskThread$WrappingRunnable.run(TaskThread.java:57)
	at java.base/java.lang.Thread.run(Thread.java:1447)
2026-04-26 17:17:16 [http-nio-9090-exec-9] ERROR c.d.e.GlobalExceptionHandler - Unexpected exception occurred
org.springframework.web.servlet.resource.NoResourceFoundException: No static resource api/v1/resource for request '/api/v1/resource'.
	at org.springframework.web.servlet.resource.ResourceHttpRequestHandler.handleRequest(ResourceHttpRequestHandler.java:527)
	at org.springframework.web.servlet.mvc.HttpRequestHandlerAdapter.handle(HttpRequestHandlerAdapter.java:50)
	at org.springframework.web.servlet.DispatcherServlet.doDispatch(DispatcherServlet.java:963)
	at org.springframework.web.servlet.DispatcherServlet.doService(DispatcherServlet.java:866)
	at org.springframework.web.servlet.FrameworkServlet.processRequest(FrameworkServlet.java:1000)
	at org.springframework.web.servlet.FrameworkServlet.doGet(FrameworkServlet.java:892)
	at jakarta.servlet.http.HttpServlet.service(HttpServlet.java:622)
	at org.springframework.web.servlet.FrameworkServlet.service(FrameworkServlet.java:874)
	at jakarta.servlet.http.HttpServlet.service(HttpServlet.java:710)
	at org.apache.catalina.core.ApplicationFilterChain.doFilter(ApplicationFilterChain.java:128)
	at org.apache.tomcat.websocket.server.WsFilter.doFilter(WsFilter.java:53)
	at org.apache.catalina.core.ApplicationFilterChain.doFilter(ApplicationFilterChain.java:107)
	at org.springframework.web.filter.RequestContextFilter.doFilterInternal(RequestContextFilter.java:100)
	at org.springframework.web.filter.OncePerRequestFilter.doFilter(OncePerRequestFilter.java:116)
	at org.apache.catalina.core.ApplicationFilterChain.doFilter(ApplicationFilterChain.java:107)
	at org.springframework.web.filter.FormContentFilter.doFilterInternal(FormContentFilter.java:93)
	at org.springframework.web.filter.OncePerRequestFilter.doFilter(OncePerRequestFilter.java:116)
	at org.apache.catalina.core.ApplicationFilterChain.doFilter(ApplicationFilterChain.java:107)
	at org.springframework.web.filter.CharacterEncodingFilter.doFilterInternal(CharacterEncodingFilter.java:199)
	at org.springframework.web.filter.OncePerRequestFilter.doFilter(OncePerRequestFilter.java:116)
	at org.apache.catalina.core.ApplicationFilterChain.doFilter(ApplicationFilterChain.java:107)
	at org.apache.catalina.core.StandardWrapperValve.invoke(StandardWrapperValve.java:165)
	at org.apache.catalina.core.StandardContextValve.invoke(StandardContextValve.java:77)
	at org.apache.catalina.authenticator.AuthenticatorBase.invoke(AuthenticatorBase.java:492)
	at org.apache.catalina.core.StandardHostValve.invoke(StandardHostValve.java:113)
	at org.apache.catalina.valves.ErrorReportValve.invoke(ErrorReportValve.java:83)
	at org.apache.catalina.core.StandardEngineValve.invoke(StandardEngineValve.java:72)
	at org.apache.catalina.connector.CoyoteAdapter.service(CoyoteAdapter.java:341)
	at org.apache.coyote.http11.Http11Processor.service(Http11Processor.java:397)
	at org.apache.coyote.AbstractProcessorLight.process(AbstractProcessorLight.java:63)
	at org.apache.coyote.AbstractProtocol$ConnectionHandler.process(AbstractProtocol.java:903)
	at org.apache.tomcat.util.net.NioEndpoint$SocketProcessor.doRun(NioEndpoint.java:1779)
	at org.apache.tomcat.util.net.SocketProcessorBase.run(SocketProcessorBase.java:52)
	at org.apache.tomcat.util.threads.ThreadPoolExecutor.runWorker(ThreadPoolExecutor.java:946)
	at org.apache.tomcat.util.threads.ThreadPoolExecutor$Worker.run(ThreadPoolExecutor.java:480)
	at org.apache.tomcat.util.threads.TaskThread$WrappingRunnable.run(TaskThread.java:57)
	at java.base/java.lang.Thread.run(Thread.java:1447)
2026-04-26 17:17:41 [SpringApplicationShutdownHook] INFO  o.s.boot.tomcat.GracefulShutdown - Commencing graceful shutdown. Waiting for active requests to complete
2026-04-26 17:17:41 [tomcat-shutdown] INFO  o.s.boot.tomcat.GracefulShutdown - Graceful shutdown complete
2026-04-26 17:17:45 [main] INFO  com.design_pattern.MainApplication - Starting MainApplication using Java 24 with PID 46572 (C:\work-space\leetcode_150_interview_questions\design_pattern\target\classes started by ankit in C:\work-space\leetcode_150_interview_questions\design_pattern)
2026-04-26 17:17:45 [main] INFO  com.design_pattern.MainApplication - No active profile set, falling back to 1 default profile: "default"
2026-04-26 17:17:45 [main] INFO  o.s.d.r.c.RepositoryConfigurationDelegate - Bootstrapping Spring Data MongoDB repositories in DEFAULT mode.
2026-04-26 17:17:45 [main] INFO  o.s.d.r.c.RepositoryConfigurationDelegate - Finished Spring Data repository scanning in 33 ms. Found 2 MongoDB repository interfaces.
2026-04-26 17:17:45 [main] INFO  o.s.boot.tomcat.TomcatWebServer - Tomcat initialized with port 9090 (http)
2026-04-26 17:17:45 [main] INFO  o.a.catalina.core.StandardService - Starting service [Tomcat]
2026-04-26 17:17:45 [main] INFO  o.a.catalina.core.StandardEngine - Starting Servlet engine: [Apache Tomcat/11.0.20]
2026-04-26 17:17:45 [main] INFO  o.s.b.w.c.s.WebApplicationContextInitializer - Root WebApplicationContext: initialization completed in 792 ms
2026-04-26 17:17:45 [main] INFO  org.mongodb.driver.client - MongoClient with metadata {"driver": {"name": "mongo-java-driver|sync", "version": "5.6.4"}, "os": {"type": "Windows", "name": "Windows 11", "architecture": "amd64", "version": "10.0"}, "platform": "Java/Oracle Corporation/24+36-3646"} created with settings MongoClientSettings{readPreference=primary, writeConcern=WriteConcern{w=null, wTimeout=null ms, journal=null}, retryWrites=true, retryReads=true, readConcern=ReadConcern{level=null}, credential=null, transportSettings=null, commandListeners=[], codecRegistry=ProvidersCodecRegistry{codecProviders=[ValueCodecProvider{}, BsonValueCodecProvider{}, DBRefCodecProvider{}, DBObjectCodecProvider{}, DocumentCodecProvider{}, CollectionCodecProvider{}, IterableCodecProvider{}, MapCodecProvider{}, GeoJsonCodecProvider{}, GridFSFileCodecProvider{}, Jsr310CodecProvider{}, JsonObjectCodecProvider{}, BsonCodecProvider{}, com.mongodb.client.model.mql.ExpressionCodecProvider@7af0affa, com.mongodb.Jep395RecordCodecProvider@71560f51, com.mongodb.KotlinCodecProvider@3e1f1046, EnumCodecProvider{}]}, loggerSettings=LoggerSettings{maxDocumentLength=1000}, clusterSettings={hosts=[localhost:27017], srvServiceName=mongodb, mode=SINGLE, requiredClusterType=UNKNOWN, requiredReplicaSetName='null', serverSelector='null', clusterListeners='[]', serverSelectionTimeout='30000 ms', localThreshold='15 ms'}, socketSettings=SocketSettings{connectTimeoutMS=10000, readTimeoutMS=0, receiveBufferSize=0, proxySettings=ProxySettings{host=null, port=null, username=null, password=null}}, heartbeatSocketSettings=SocketSettings{connectTimeoutMS=10000, readTimeoutMS=10000, receiveBufferSize=0, proxySettings=ProxySettings{host=null, port=null, username=null, password=null}}, connectionPoolSettings=ConnectionPoolSettings{maxSize=100, minSize=0, maxWaitTimeMS=120000, maxConnectionLifeTimeMS=0, maxConnectionIdleTimeMS=0, maintenanceInitialDelayMS=0, maintenanceFrequencyMS=60000, connectionPoolListeners=[], maxConnecting=2}, serverSettings=ServerSettings{heartbeatFrequencyMS=10000, minHeartbeatFrequencyMS=500, serverMonitoringMode=AUTO, serverListeners='[]', serverMonitorListeners='[]'}, sslSettings=SslSettings{enabled=false, invalidHostNameAllowed=false, context=null}, applicationName='null', compressorList=[], uuidRepresentation=UNSPECIFIED, serverApi=null, autoEncryptionSettings=null, dnsClient=null, inetAddressResolver=null, contextProvider=null, timeoutMS=null}
2026-04-26 17:17:46 [cluster-ClusterId{value='69edfb613b23cd4ea31f601c', description='null'}-localhost:27017] INFO  org.mongodb.driver.cluster - Monitor thread successfully connected to server with description ServerDescription{address=localhost:27017, type=STANDALONE, cryptd=false, state=CONNECTED, ok=true, minWireVersion=0, maxWireVersion=27, maxDocumentSize=16777216, logicalSessionTimeoutMinutes=30, roundTripTimeNanos=14744400, minRoundTripTimeNanos=0}
2026-04-26 17:17:46 [main] INFO  o.s.boot.tomcat.TomcatWebServer - Tomcat started on port 9090 (http) with context path '/'
2026-04-26 17:17:46 [main] INFO  com.design_pattern.MainApplication - Started MainApplication in 1.835 seconds (process running for 2.177)
2026-04-26 17:17:57 [http-nio-9090-exec-2] INFO  o.a.c.c.C.[Tomcat].[localhost].[/] - Initializing Spring DispatcherServlet 'dispatcherServlet'
2026-04-26 17:17:57 [http-nio-9090-exec-2] INFO  o.s.web.servlet.DispatcherServlet - Initializing Servlet 'dispatcherServlet'
2026-04-26 17:17:57 [http-nio-9090-exec-2] INFO  o.s.web.servlet.DispatcherServlet - Completed initialization in 2 ms
2026-04-26 17:17:57 [http-nio-9090-exec-2] ERROR c.d.e.GlobalExceptionHandler - Unexpected exception occurred
org.springframework.web.servlet.resource.NoResourceFoundException: No static resource api/v1/resource for request '/api/v1/resource'.
	at org.springframework.web.servlet.resource.ResourceHttpRequestHandler.handleRequest(ResourceHttpRequestHandler.java:527)
	at org.springframework.web.servlet.mvc.HttpRequestHandlerAdapter.handle(HttpRequestHandlerAdapter.java:50)
	at org.springframework.web.servlet.DispatcherServlet.doDispatch(DispatcherServlet.java:963)
	at org.springframework.web.servlet.DispatcherServlet.doService(DispatcherServlet.java:866)
	at org.springframework.web.servlet.FrameworkServlet.processRequest(FrameworkServlet.java:1000)
	at org.springframework.web.servlet.FrameworkServlet.doGet(FrameworkServlet.java:892)
	at jakarta.servlet.http.HttpServlet.service(HttpServlet.java:622)
	at org.springframework.web.servlet.FrameworkServlet.service(FrameworkServlet.java:874)
	at jakarta.servlet.http.HttpServlet.service(HttpServlet.java:710)
	at org.apache.catalina.core.ApplicationFilterChain.doFilter(ApplicationFilterChain.java:128)
	at org.apache.tomcat.websocket.server.WsFilter.doFilter(WsFilter.java:53)
	at org.apache.catalina.core.ApplicationFilterChain.doFilter(ApplicationFilterChain.java:107)
	at org.springframework.web.filter.RequestContextFilter.doFilterInternal(RequestContextFilter.java:100)
	at org.springframework.web.filter.OncePerRequestFilter.doFilter(OncePerRequestFilter.java:116)
	at org.apache.catalina.core.ApplicationFilterChain.doFilter(ApplicationFilterChain.java:107)
	at org.springframework.web.filter.FormContentFilter.doFilterInternal(FormContentFilter.java:93)
	at org.springframework.web.filter.OncePerRequestFilter.doFilter(OncePerRequestFilter.java:116)
	at org.apache.catalina.core.ApplicationFilterChain.doFilter(ApplicationFilterChain.java:107)
	at org.springframework.web.filter.CharacterEncodingFilter.doFilterInternal(CharacterEncodingFilter.java:199)
	at org.springframework.web.filter.OncePerRequestFilter.doFilter(OncePerRequestFilter.java:116)
	at org.apache.catalina.core.ApplicationFilterChain.doFilter(ApplicationFilterChain.java:107)
	at org.apache.catalina.core.StandardWrapperValve.invoke(StandardWrapperValve.java:165)
	at org.apache.catalina.core.StandardContextValve.invoke(StandardContextValve.java:77)
	at org.apache.catalina.authenticator.AuthenticatorBase.invoke(AuthenticatorBase.java:492)
	at org.apache.catalina.core.StandardHostValve.invoke(StandardHostValve.java:113)
	at org.apache.catalina.valves.ErrorReportValve.invoke(ErrorReportValve.java:83)
	at org.apache.catalina.core.StandardEngineValve.invoke(StandardEngineValve.java:72)
	at org.apache.catalina.connector.CoyoteAdapter.service(CoyoteAdapter.java:341)
	at org.apache.coyote.http11.Http11Processor.service(Http11Processor.java:397)
	at org.apache.coyote.AbstractProcessorLight.process(AbstractProcessorLight.java:63)
	at org.apache.coyote.AbstractProtocol$ConnectionHandler.process(AbstractProtocol.java:903)
	at org.apache.tomcat.util.net.NioEndpoint$SocketProcessor.doRun(NioEndpoint.java:1779)
	at org.apache.tomcat.util.net.SocketProcessorBase.run(SocketProcessorBase.java:52)
	at org.apache.tomcat.util.threads.ThreadPoolExecutor.runWorker(ThreadPoolExecutor.java:946)
	at org.apache.tomcat.util.threads.ThreadPoolExecutor$Worker.run(ThreadPoolExecutor.java:480)
	at org.apache.tomcat.util.threads.TaskThread$WrappingRunnable.run(TaskThread.java:57)
	at java.base/java.lang.Thread.run(Thread.java:1447)
2026-04-26 17:17:57 [http-nio-9090-exec-1] ERROR c.d.e.GlobalExceptionHandler - Unexpected exception occurred
org.springframework.web.servlet.resource.NoResourceFoundException: No static resource api/v1/resource for request '/api/v1/resource'.
	at org.springframework.web.servlet.resource.ResourceHttpRequestHandler.handleRequest(ResourceHttpRequestHandler.java:527)
	at org.springframework.web.servlet.mvc.HttpRequestHandlerAdapter.handle(HttpRequestHandlerAdapter.java:50)
	at org.springframework.web.servlet.DispatcherServlet.doDispatch(DispatcherServlet.java:963)
	at org.springframework.web.servlet.DispatcherServlet.doService(DispatcherServlet.java:866)
	at org.springframework.web.servlet.FrameworkServlet.processRequest(FrameworkServlet.java:1000)
	at org.springframework.web.servlet.FrameworkServlet.doGet(FrameworkServlet.java:892)
	at jakarta.servlet.http.HttpServlet.service(HttpServlet.java:622)
	at org.springframework.web.servlet.FrameworkServlet.service(FrameworkServlet.java:874)
	at jakarta.servlet.http.HttpServlet.service(HttpServlet.java:710)
	at org.apache.catalina.core.ApplicationFilterChain.doFilter(ApplicationFilterChain.java:128)
	at org.apache.tomcat.websocket.server.WsFilter.doFilter(WsFilter.java:53)
	at org.apache.catalina.core.ApplicationFilterChain.doFilter(ApplicationFilterChain.java:107)
	at org.springframework.web.filter.RequestContextFilter.doFilterInternal(RequestContextFilter.java:100)
	at org.springframework.web.filter.OncePerRequestFilter.doFilter(OncePerRequestFilter.java:116)
	at org.apache.catalina.core.ApplicationFilterChain.doFilter(ApplicationFilterChain.java:107)
	at org.springframework.web.filter.FormContentFilter.doFilterInternal(FormContentFilter.java:93)
	at org.springframework.web.filter.OncePerRequestFilter.doFilter(OncePerRequestFilter.java:116)
	at org.apache.catalina.core.ApplicationFilterChain.doFilter(ApplicationFilterChain.java:107)
	at org.springframework.web.filter.CharacterEncodingFilter.doFilterInternal(CharacterEncodingFilter.java:199)
	at org.springframework.web.filter.OncePerRequestFilter.doFilter(OncePerRequestFilter.java:116)
	at org.apache.catalina.core.ApplicationFilterChain.doFilter(ApplicationFilterChain.java:107)
	at org.apache.catalina.core.StandardWrapperValve.invoke(StandardWrapperValve.java:165)
	at org.apache.catalina.core.StandardContextValve.invoke(StandardContextValve.java:77)
	at org.apache.catalina.authenticator.AuthenticatorBase.invoke(AuthenticatorBase.java:492)
	at org.apache.catalina.core.StandardHostValve.invoke(StandardHostValve.java:113)
	at org.apache.catalina.valves.ErrorReportValve.invoke(ErrorReportValve.java:83)
	at org.apache.catalina.core.StandardEngineValve.invoke(StandardEngineValve.java:72)
	at org.apache.catalina.connector.CoyoteAdapter.service(CoyoteAdapter.java:341)
	at org.apache.coyote.http11.Http11Processor.service(Http11Processor.java:397)
	at org.apache.coyote.AbstractProcessorLight.process(AbstractProcessorLight.java:63)
	at org.apache.coyote.AbstractProtocol$ConnectionHandler.process(AbstractProtocol.java:903)
	at org.apache.tomcat.util.net.NioEndpoint$SocketProcessor.doRun(NioEndpoint.java:1779)
	at org.apache.tomcat.util.net.SocketProcessorBase.run(SocketProcessorBase.java:52)
	at org.apache.tomcat.util.threads.ThreadPoolExecutor.runWorker(ThreadPoolExecutor.java:946)
	at org.apache.tomcat.util.threads.ThreadPoolExecutor$Worker.run(ThreadPoolExecutor.java:480)
	at org.apache.tomcat.util.threads.TaskThread$WrappingRunnable.run(TaskThread.java:57)
	at java.base/java.lang.Thread.run(Thread.java:1447)
2026-04-26 17:18:23 [SpringApplicationShutdownHook] INFO  o.s.boot.tomcat.GracefulShutdown - Commencing graceful shutdown. Waiting for active requests to complete
2026-04-26 17:18:23 [tomcat-shutdown] INFO  o.s.boot.tomcat.GracefulShutdown - Graceful shutdown complete
2026-04-26 17:18:26 [main] INFO  com.design_pattern.MainApplication - Starting MainApplication using Java 24 with PID 20256 (C:\work-space\leetcode_150_interview_questions\design_pattern\target\classes started by ankit in C:\work-space\leetcode_150_interview_questions\design_pattern)
2026-04-26 17:18:26 [main] INFO  com.design_pattern.MainApplication - No active profile set, falling back to 1 default profile: "default"
2026-04-26 17:18:27 [main] INFO  o.s.d.r.c.RepositoryConfigurationDelegate - Bootstrapping Spring Data MongoDB repositories in DEFAULT mode.
2026-04-26 17:18:27 [main] INFO  o.s.d.r.c.RepositoryConfigurationDelegate - Finished Spring Data repository scanning in 34 ms. Found 2 MongoDB repository interfaces.
2026-04-26 17:18:27 [main] INFO  o.s.boot.tomcat.TomcatWebServer - Tomcat initialized with port 9090 (http)
2026-04-26 17:18:27 [main] INFO  o.a.catalina.core.StandardService - Starting service [Tomcat]
2026-04-26 17:18:27 [main] INFO  o.a.catalina.core.StandardEngine - Starting Servlet engine: [Apache Tomcat/11.0.20]
2026-04-26 17:18:27 [main] INFO  o.s.b.w.c.s.WebApplicationContextInitializer - Root WebApplicationContext: initialization completed in 776 ms
2026-04-26 17:18:27 [main] INFO  org.mongodb.driver.client - MongoClient with metadata {"driver": {"name": "mongo-java-driver|sync", "version": "5.6.4"}, "os": {"type": "Windows", "name": "Windows 11", "architecture": "amd64", "version": "10.0"}, "platform": "Java/Oracle Corporation/24+36-3646"} created with settings MongoClientSettings{readPreference=primary, writeConcern=WriteConcern{w=null, wTimeout=null ms, journal=null}, retryWrites=true, retryReads=true, readConcern=ReadConcern{level=null}, credential=null, transportSettings=null, commandListeners=[], codecRegistry=ProvidersCodecRegistry{codecProviders=[ValueCodecProvider{}, BsonValueCodecProvider{}, DBRefCodecProvider{}, DBObjectCodecProvider{}, DocumentCodecProvider{}, CollectionCodecProvider{}, IterableCodecProvider{}, MapCodecProvider{}, GeoJsonCodecProvider{}, GridFSFileCodecProvider{}, Jsr310CodecProvider{}, JsonObjectCodecProvider{}, BsonCodecProvider{}, com.mongodb.client.model.mql.ExpressionCodecProvider@63bfdbcb, com.mongodb.Jep395RecordCodecProvider@7af0affa, com.mongodb.KotlinCodecProvider@71560f51, EnumCodecProvider{}]}, loggerSettings=LoggerSettings{maxDocumentLength=1000}, clusterSettings={hosts=[localhost:27017], srvServiceName=mongodb, mode=SINGLE, requiredClusterType=UNKNOWN, requiredReplicaSetName='null', serverSelector='null', clusterListeners='[]', serverSelectionTimeout='30000 ms', localThreshold='15 ms'}, socketSettings=SocketSettings{connectTimeoutMS=10000, readTimeoutMS=0, receiveBufferSize=0, proxySettings=ProxySettings{host=null, port=null, username=null, password=null}}, heartbeatSocketSettings=SocketSettings{connectTimeoutMS=10000, readTimeoutMS=10000, receiveBufferSize=0, proxySettings=ProxySettings{host=null, port=null, username=null, password=null}}, connectionPoolSettings=ConnectionPoolSettings{maxSize=100, minSize=0, maxWaitTimeMS=120000, maxConnectionLifeTimeMS=0, maxConnectionIdleTimeMS=0, maintenanceInitialDelayMS=0, maintenanceFrequencyMS=60000, connectionPoolListeners=[], maxConnecting=2}, serverSettings=ServerSettings{heartbeatFrequencyMS=10000, minHeartbeatFrequencyMS=500, serverMonitoringMode=AUTO, serverListeners='[]', serverMonitorListeners='[]'}, sslSettings=SslSettings{enabled=false, invalidHostNameAllowed=false, context=null}, applicationName='null', compressorList=[], uuidRepresentation=UNSPECIFIED, serverApi=null, autoEncryptionSettings=null, dnsClient=null, inetAddressResolver=null, contextProvider=null, timeoutMS=null}
2026-04-26 17:18:27 [cluster-ClusterId{value='69edfb8b5896628e6d6eaf3b', description='null'}-localhost:27017] INFO  org.mongodb.driver.cluster - Monitor thread successfully connected to server with description ServerDescription{address=localhost:27017, type=STANDALONE, cryptd=false, state=CONNECTED, ok=true, minWireVersion=0, maxWireVersion=27, maxDocumentSize=16777216, logicalSessionTimeoutMinutes=30, roundTripTimeNanos=13402500, minRoundTripTimeNanos=0}
2026-04-26 17:18:28 [main] INFO  o.s.boot.tomcat.TomcatWebServer - Tomcat started on port 9090 (http) with context path '/'
2026-04-26 17:18:28 [main] INFO  com.design_pattern.MainApplication - Started MainApplication in 1.78 seconds (process running for 2.131)
2026-04-26 17:18:36 [http-nio-9090-exec-5] INFO  o.a.c.c.C.[Tomcat].[localhost].[/] - Initializing Spring DispatcherServlet 'dispatcherServlet'
2026-04-26 17:18:36 [http-nio-9090-exec-5] INFO  o.s.web.servlet.DispatcherServlet - Initializing Servlet 'dispatcherServlet'
2026-04-26 17:18:36 [http-nio-9090-exec-5] INFO  o.s.web.servlet.DispatcherServlet - Completed initialization in 1 ms
2026-04-26 17:18:36 [http-nio-9090-exec-5] INFO   - Fetch all resources method start 
2026-04-26 17:18:36 [http-nio-9090-exec-5] INFO   - Fetch all resource method end here 
2026-04-26 17:18:36 [http-nio-9090-exec-2] INFO   - Fetch all resources method start 
2026-04-26 17:18:36 [http-nio-9090-exec-2] INFO   - Fetch all resource method end here 
2026-04-26 17:20:17 [http-nio-9090-exec-4] ERROR c.d.e.GlobalExceptionHandler - Unexpected exception occurred
org.springframework.web.servlet.resource.NoResourceFoundException: No static resource api/v1/resource for request '/api/v1/resource'.
	at org.springframework.web.servlet.resource.ResourceHttpRequestHandler.handleRequest(ResourceHttpRequestHandler.java:527)
	at org.springframework.web.servlet.mvc.HttpRequestHandlerAdapter.handle(HttpRequestHandlerAdapter.java:50)
	at org.springframework.web.servlet.DispatcherServlet.doDispatch(DispatcherServlet.java:963)
	at org.springframework.web.servlet.DispatcherServlet.doService(DispatcherServlet.java:866)
	at org.springframework.web.servlet.FrameworkServlet.processRequest(FrameworkServlet.java:1000)
	at org.springframework.web.servlet.FrameworkServlet.doGet(FrameworkServlet.java:892)
	at jakarta.servlet.http.HttpServlet.service(HttpServlet.java:622)
	at org.springframework.web.servlet.FrameworkServlet.service(FrameworkServlet.java:874)
	at jakarta.servlet.http.HttpServlet.service(HttpServlet.java:710)
	at org.apache.catalina.core.ApplicationFilterChain.doFilter(ApplicationFilterChain.java:128)
	at org.apache.tomcat.websocket.server.WsFilter.doFilter(WsFilter.java:53)
	at org.apache.catalina.core.ApplicationFilterChain.doFilter(ApplicationFilterChain.java:107)
	at org.springframework.web.filter.RequestContextFilter.doFilterInternal(RequestContextFilter.java:100)
	at org.springframework.web.filter.OncePerRequestFilter.doFilter(OncePerRequestFilter.java:116)
	at org.apache.catalina.core.ApplicationFilterChain.doFilter(ApplicationFilterChain.java:107)
	at org.springframework.web.filter.FormContentFilter.doFilterInternal(FormContentFilter.java:93)
	at org.springframework.web.filter.OncePerRequestFilter.doFilter(OncePerRequestFilter.java:116)
	at org.apache.catalina.core.ApplicationFilterChain.doFilter(ApplicationFilterChain.java:107)
	at org.springframework.web.filter.CharacterEncodingFilter.doFilterInternal(CharacterEncodingFilter.java:199)
	at org.springframework.web.filter.OncePerRequestFilter.doFilter(OncePerRequestFilter.java:116)
	at org.apache.catalina.core.ApplicationFilterChain.doFilter(ApplicationFilterChain.java:107)
	at org.apache.catalina.core.StandardWrapperValve.invoke(StandardWrapperValve.java:165)
	at org.apache.catalina.core.StandardContextValve.invoke(StandardContextValve.java:77)
	at org.apache.catalina.authenticator.AuthenticatorBase.invoke(AuthenticatorBase.java:492)
	at org.apache.catalina.core.StandardHostValve.invoke(StandardHostValve.java:113)
	at org.apache.catalina.valves.ErrorReportValve.invoke(ErrorReportValve.java:83)
	at org.apache.catalina.core.StandardEngineValve.invoke(StandardEngineValve.java:72)
	at org.apache.catalina.connector.CoyoteAdapter.service(CoyoteAdapter.java:341)
	at org.apache.coyote.http11.Http11Processor.service(Http11Processor.java:397)
	at org.apache.coyote.AbstractProcessorLight.process(AbstractProcessorLight.java:63)
	at org.apache.coyote.AbstractProtocol$ConnectionHandler.process(AbstractProtocol.java:903)
	at org.apache.tomcat.util.net.NioEndpoint$SocketProcessor.doRun(NioEndpoint.java:1779)
	at org.apache.tomcat.util.net.SocketProcessorBase.run(SocketProcessorBase.java:52)
	at org.apache.tomcat.util.threads.ThreadPoolExecutor.runWorker(ThreadPoolExecutor.java:946)
	at org.apache.tomcat.util.threads.ThreadPoolExecutor$Worker.run(ThreadPoolExecutor.java:480)
	at org.apache.tomcat.util.threads.TaskThread$WrappingRunnable.run(TaskThread.java:57)
	at java.base/java.lang.Thread.run(Thread.java:1447)
2026-04-26 17:20:17 [http-nio-9090-exec-6] ERROR c.d.e.GlobalExceptionHandler - Unexpected exception occurred
org.springframework.web.servlet.resource.NoResourceFoundException: No static resource api/v1/resource for request '/api/v1/resource'.
	at org.springframework.web.servlet.resource.ResourceHttpRequestHandler.handleRequest(ResourceHttpRequestHandler.java:527)
	at org.springframework.web.servlet.mvc.HttpRequestHandlerAdapter.handle(HttpRequestHandlerAdapter.java:50)
	at org.springframework.web.servlet.DispatcherServlet.doDispatch(DispatcherServlet.java:963)
	at org.springframework.web.servlet.DispatcherServlet.doService(DispatcherServlet.java:866)
	at org.springframework.web.servlet.FrameworkServlet.processRequest(FrameworkServlet.java:1000)
	at org.springframework.web.servlet.FrameworkServlet.doGet(FrameworkServlet.java:892)
	at jakarta.servlet.http.HttpServlet.service(HttpServlet.java:622)
	at org.springframework.web.servlet.FrameworkServlet.service(FrameworkServlet.java:874)
	at jakarta.servlet.http.HttpServlet.service(HttpServlet.java:710)
	at org.apache.catalina.core.ApplicationFilterChain.doFilter(ApplicationFilterChain.java:128)
	at org.apache.tomcat.websocket.server.WsFilter.doFilter(WsFilter.java:53)
	at org.apache.catalina.core.ApplicationFilterChain.doFilter(ApplicationFilterChain.java:107)
	at org.springframework.web.filter.RequestContextFilter.doFilterInternal(RequestContextFilter.java:100)
	at org.springframework.web.filter.OncePerRequestFilter.doFilter(OncePerRequestFilter.java:116)
	at org.apache.catalina.core.ApplicationFilterChain.doFilter(ApplicationFilterChain.java:107)
	at org.springframework.web.filter.FormContentFilter.doFilterInternal(FormContentFilter.java:93)
	at org.springframework.web.filter.OncePerRequestFilter.doFilter(OncePerRequestFilter.java:116)
	at org.apache.catalina.core.ApplicationFilterChain.doFilter(ApplicationFilterChain.java:107)
	at org.springframework.web.filter.CharacterEncodingFilter.doFilterInternal(CharacterEncodingFilter.java:199)
	at org.springframework.web.filter.OncePerRequestFilter.doFilter(OncePerRequestFilter.java:116)
	at org.apache.catalina.core.ApplicationFilterChain.doFilter(ApplicationFilterChain.java:107)
	at org.apache.catalina.core.StandardWrapperValve.invoke(StandardWrapperValve.java:165)
	at org.apache.catalina.core.StandardContextValve.invoke(StandardContextValve.java:77)
	at org.apache.catalina.authenticator.AuthenticatorBase.invoke(AuthenticatorBase.java:492)
	at org.apache.catalina.core.StandardHostValve.invoke(StandardHostValve.java:113)
	at org.apache.catalina.valves.ErrorReportValve.invoke(ErrorReportValve.java:83)
	at org.apache.catalina.core.StandardEngineValve.invoke(StandardEngineValve.java:72)
	at org.apache.catalina.connector.CoyoteAdapter.service(CoyoteAdapter.java:341)
	at org.apache.coyote.http11.Http11Processor.service(Http11Processor.java:397)
	at org.apache.coyote.AbstractProcessorLight.process(AbstractProcessorLight.java:63)
	at org.apache.coyote.AbstractProtocol$ConnectionHandler.process(AbstractProtocol.java:903)
	at org.apache.tomcat.util.net.NioEndpoint$SocketProcessor.doRun(NioEndpoint.java:1779)
	at org.apache.tomcat.util.net.SocketProcessorBase.run(SocketProcessorBase.java:52)
	at org.apache.tomcat.util.threads.ThreadPoolExecutor.runWorker(ThreadPoolExecutor.java:946)
	at org.apache.tomcat.util.threads.ThreadPoolExecutor$Worker.run(ThreadPoolExecutor.java:480)
	at org.apache.tomcat.util.threads.TaskThread$WrappingRunnable.run(TaskThread.java:57)
	at java.base/java.lang.Thread.run(Thread.java:1447)
2026-04-26 17:20:23 [http-nio-9090-exec-10] ERROR c.d.e.GlobalExceptionHandler - Unexpected exception occurred
org.springframework.web.servlet.resource.NoResourceFoundException: No static resource api/v1/resource for request '/api/v1/resource'.
	at org.springframework.web.servlet.resource.ResourceHttpRequestHandler.handleRequest(ResourceHttpRequestHandler.java:527)
	at org.springframework.web.servlet.mvc.HttpRequestHandlerAdapter.handle(HttpRequestHandlerAdapter.java:50)
	at org.springframework.web.servlet.DispatcherServlet.doDispatch(DispatcherServlet.java:963)
	at org.springframework.web.servlet.DispatcherServlet.doService(DispatcherServlet.java:866)
	at org.springframework.web.servlet.FrameworkServlet.processRequest(FrameworkServlet.java:1000)
	at org.springframework.web.servlet.FrameworkServlet.doGet(FrameworkServlet.java:892)
	at jakarta.servlet.http.HttpServlet.service(HttpServlet.java:622)
	at org.springframework.web.servlet.FrameworkServlet.service(FrameworkServlet.java:874)
	at jakarta.servlet.http.HttpServlet.service(HttpServlet.java:710)
	at org.apache.catalina.core.ApplicationFilterChain.doFilter(ApplicationFilterChain.java:128)
	at org.apache.tomcat.websocket.server.WsFilter.doFilter(WsFilter.java:53)
	at org.apache.catalina.core.ApplicationFilterChain.doFilter(ApplicationFilterChain.java:107)
	at org.springframework.web.filter.RequestContextFilter.doFilterInternal(RequestContextFilter.java:100)
	at org.springframework.web.filter.OncePerRequestFilter.doFilter(OncePerRequestFilter.java:116)
	at org.apache.catalina.core.ApplicationFilterChain.doFilter(ApplicationFilterChain.java:107)
	at org.springframework.web.filter.FormContentFilter.doFilterInternal(FormContentFilter.java:93)
	at org.springframework.web.filter.OncePerRequestFilter.doFilter(OncePerRequestFilter.java:116)
	at org.apache.catalina.core.ApplicationFilterChain.doFilter(ApplicationFilterChain.java:107)
	at org.springframework.web.filter.CharacterEncodingFilter.doFilterInternal(CharacterEncodingFilter.java:199)
	at org.springframework.web.filter.OncePerRequestFilter.doFilter(OncePerRequestFilter.java:116)
	at org.apache.catalina.core.ApplicationFilterChain.doFilter(ApplicationFilterChain.java:107)
	at org.apache.catalina.core.StandardWrapperValve.invoke(StandardWrapperValve.java:165)
	at org.apache.catalina.core.StandardContextValve.invoke(StandardContextValve.java:77)
	at org.apache.catalina.authenticator.AuthenticatorBase.invoke(AuthenticatorBase.java:492)
	at org.apache.catalina.core.StandardHostValve.invoke(StandardHostValve.java:113)
	at org.apache.catalina.valves.ErrorReportValve.invoke(ErrorReportValve.java:83)
	at org.apache.catalina.core.StandardEngineValve.invoke(StandardEngineValve.java:72)
	at org.apache.catalina.connector.CoyoteAdapter.service(CoyoteAdapter.java:341)
	at org.apache.coyote.http11.Http11Processor.service(Http11Processor.java:397)
	at org.apache.coyote.AbstractProcessorLight.process(AbstractProcessorLight.java:63)
	at org.apache.coyote.AbstractProtocol$ConnectionHandler.process(AbstractProtocol.java:903)
	at org.apache.tomcat.util.net.NioEndpoint$SocketProcessor.doRun(NioEndpoint.java:1779)
	at org.apache.tomcat.util.net.SocketProcessorBase.run(SocketProcessorBase.java:52)
	at org.apache.tomcat.util.threads.ThreadPoolExecutor.runWorker(ThreadPoolExecutor.java:946)
	at org.apache.tomcat.util.threads.ThreadPoolExecutor$Worker.run(ThreadPoolExecutor.java:480)
	at org.apache.tomcat.util.threads.TaskThread$WrappingRunnable.run(TaskThread.java:57)
	at java.base/java.lang.Thread.run(Thread.java:1447)
2026-04-26 17:20:23 [http-nio-9090-exec-9] ERROR c.d.e.GlobalExceptionHandler - Unexpected exception occurred
org.springframework.web.servlet.resource.NoResourceFoundException: No static resource api/v1/resource for request '/api/v1/resource'.
	at org.springframework.web.servlet.resource.ResourceHttpRequestHandler.handleRequest(ResourceHttpRequestHandler.java:527)
	at org.springframework.web.servlet.mvc.HttpRequestHandlerAdapter.handle(HttpRequestHandlerAdapter.java:50)
	at org.springframework.web.servlet.DispatcherServlet.doDispatch(DispatcherServlet.java:963)
	at org.springframework.web.servlet.DispatcherServlet.doService(DispatcherServlet.java:866)
	at org.springframework.web.servlet.FrameworkServlet.processRequest(FrameworkServlet.java:1000)
	at org.springframework.web.servlet.FrameworkServlet.doGet(FrameworkServlet.java:892)
	at jakarta.servlet.http.HttpServlet.service(HttpServlet.java:622)
	at org.springframework.web.servlet.FrameworkServlet.service(FrameworkServlet.java:874)
	at jakarta.servlet.http.HttpServlet.service(HttpServlet.java:710)
	at org.apache.catalina.core.ApplicationFilterChain.doFilter(ApplicationFilterChain.java:128)
	at org.apache.tomcat.websocket.server.WsFilter.doFilter(WsFilter.java:53)
	at org.apache.catalina.core.ApplicationFilterChain.doFilter(ApplicationFilterChain.java:107)
	at org.springframework.web.filter.RequestContextFilter.doFilterInternal(RequestContextFilter.java:100)
	at org.springframework.web.filter.OncePerRequestFilter.doFilter(OncePerRequestFilter.java:116)
	at org.apache.catalina.core.ApplicationFilterChain.doFilter(ApplicationFilterChain.java:107)
	at org.springframework.web.filter.FormContentFilter.doFilterInternal(FormContentFilter.java:93)
	at org.springframework.web.filter.OncePerRequestFilter.doFilter(OncePerRequestFilter.java:116)
	at org.apache.catalina.core.ApplicationFilterChain.doFilter(ApplicationFilterChain.java:107)
	at org.springframework.web.filter.CharacterEncodingFilter.doFilterInternal(CharacterEncodingFilter.java:199)
	at org.springframework.web.filter.OncePerRequestFilter.doFilter(OncePerRequestFilter.java:116)
	at org.apache.catalina.core.ApplicationFilterChain.doFilter(ApplicationFilterChain.java:107)
	at org.apache.catalina.core.StandardWrapperValve.invoke(StandardWrapperValve.java:165)
	at org.apache.catalina.core.StandardContextValve.invoke(StandardContextValve.java:77)
	at org.apache.catalina.authenticator.AuthenticatorBase.invoke(AuthenticatorBase.java:492)
	at org.apache.catalina.core.StandardHostValve.invoke(StandardHostValve.java:113)
	at org.apache.catalina.valves.ErrorReportValve.invoke(ErrorReportValve.java:83)
	at org.apache.catalina.core.StandardEngineValve.invoke(StandardEngineValve.java:72)
	at org.apache.catalina.connector.CoyoteAdapter.service(CoyoteAdapter.java:341)
	at org.apache.coyote.http11.Http11Processor.service(Http11Processor.java:397)
	at org.apache.coyote.AbstractProcessorLight.process(AbstractProcessorLight.java:63)
	at org.apache.coyote.AbstractProtocol$ConnectionHandler.process(AbstractProtocol.java:903)
	at org.apache.tomcat.util.net.NioEndpoint$SocketProcessor.doRun(NioEndpoint.java:1779)
	at org.apache.tomcat.util.net.SocketProcessorBase.run(SocketProcessorBase.java:52)
	at org.apache.tomcat.util.threads.ThreadPoolExecutor.runWorker(ThreadPoolExecutor.java:946)
	at org.apache.tomcat.util.threads.ThreadPoolExecutor$Worker.run(ThreadPoolExecutor.java:480)
	at org.apache.tomcat.util.threads.TaskThread$WrappingRunnable.run(TaskThread.java:57)
	at java.base/java.lang.Thread.run(Thread.java:1447)
2026-04-26 17:20:53 [http-nio-9090-exec-8] INFO   - Fetch all resources method start 
2026-04-26 17:20:53 [http-nio-9090-exec-8] INFO   - Fetch all resource method end here 
2026-04-26 17:20:53 [http-nio-9090-exec-7] INFO   - Fetch all resources method start 
2026-04-26 17:20:53 [http-nio-9090-exec-7] INFO   - Fetch all resource method end here 
2026-04-26 17:22:42 [http-nio-9090-exec-1] ERROR c.d.e.GlobalExceptionHandler - Unexpected exception occurred
org.springframework.web.servlet.resource.NoResourceFoundException: No static resource api/v1/resource for request '/api/v1/resource'.
	at org.springframework.web.servlet.resource.ResourceHttpRequestHandler.handleRequest(ResourceHttpRequestHandler.java:527)
	at org.springframework.web.servlet.mvc.HttpRequestHandlerAdapter.handle(HttpRequestHandlerAdapter.java:50)
	at org.springframework.web.servlet.DispatcherServlet.doDispatch(DispatcherServlet.java:963)
	at org.springframework.web.servlet.DispatcherServlet.doService(DispatcherServlet.java:866)
	at org.springframework.web.servlet.FrameworkServlet.processRequest(FrameworkServlet.java:1000)
	at org.springframework.web.servlet.FrameworkServlet.doGet(FrameworkServlet.java:892)
	at jakarta.servlet.http.HttpServlet.service(HttpServlet.java:622)
	at org.springframework.web.servlet.FrameworkServlet.service(FrameworkServlet.java:874)
	at jakarta.servlet.http.HttpServlet.service(HttpServlet.java:710)
	at org.apache.catalina.core.ApplicationFilterChain.doFilter(ApplicationFilterChain.java:128)
	at org.apache.tomcat.websocket.server.WsFilter.doFilter(WsFilter.java:53)
	at org.apache.catalina.core.ApplicationFilterChain.doFilter(ApplicationFilterChain.java:107)
	at org.springframework.web.filter.RequestContextFilter.doFilterInternal(RequestContextFilter.java:100)
	at org.springframework.web.filter.OncePerRequestFilter.doFilter(OncePerRequestFilter.java:116)
	at org.apache.catalina.core.ApplicationFilterChain.doFilter(ApplicationFilterChain.java:107)
	at org.springframework.web.filter.FormContentFilter.doFilterInternal(FormContentFilter.java:93)
	at org.springframework.web.filter.OncePerRequestFilter.doFilter(OncePerRequestFilter.java:116)
	at org.apache.catalina.core.ApplicationFilterChain.doFilter(ApplicationFilterChain.java:107)
	at org.springframework.web.filter.CharacterEncodingFilter.doFilterInternal(CharacterEncodingFilter.java:199)
	at org.springframework.web.filter.OncePerRequestFilter.doFilter(OncePerRequestFilter.java:116)
	at org.apache.catalina.core.ApplicationFilterChain.doFilter(ApplicationFilterChain.java:107)
	at org.apache.catalina.core.StandardWrapperValve.invoke(StandardWrapperValve.java:165)
	at org.apache.catalina.core.StandardContextValve.invoke(StandardContextValve.java:77)
	at org.apache.catalina.authenticator.AuthenticatorBase.invoke(AuthenticatorBase.java:492)
	at org.apache.catalina.core.StandardHostValve.invoke(StandardHostValve.java:113)
	at org.apache.catalina.valves.ErrorReportValve.invoke(ErrorReportValve.java:83)
	at org.apache.catalina.core.StandardEngineValve.invoke(StandardEngineValve.java:72)
	at org.apache.catalina.connector.CoyoteAdapter.service(CoyoteAdapter.java:341)
	at org.apache.coyote.http11.Http11Processor.service(Http11Processor.java:397)
	at org.apache.coyote.AbstractProcessorLight.process(AbstractProcessorLight.java:63)
	at org.apache.coyote.AbstractProtocol$ConnectionHandler.process(AbstractProtocol.java:903)
	at org.apache.tomcat.util.net.NioEndpoint$SocketProcessor.doRun(NioEndpoint.java:1779)
	at org.apache.tomcat.util.net.SocketProcessorBase.run(SocketProcessorBase.java:52)
	at org.apache.tomcat.util.threads.ThreadPoolExecutor.runWorker(ThreadPoolExecutor.java:946)
	at org.apache.tomcat.util.threads.ThreadPoolExecutor$Worker.run(ThreadPoolExecutor.java:480)
	at org.apache.tomcat.util.threads.TaskThread$WrappingRunnable.run(TaskThread.java:57)
	at java.base/java.lang.Thread.run(Thread.java:1447)
2026-04-26 17:22:42 [http-nio-9090-exec-3] ERROR c.d.e.GlobalExceptionHandler - Unexpected exception occurred
org.springframework.web.servlet.resource.NoResourceFoundException: No static resource api/v1/resource for request '/api/v1/resource'.
	at org.springframework.web.servlet.resource.ResourceHttpRequestHandler.handleRequest(ResourceHttpRequestHandler.java:527)
	at org.springframework.web.servlet.mvc.HttpRequestHandlerAdapter.handle(HttpRequestHandlerAdapter.java:50)
	at org.springframework.web.servlet.DispatcherServlet.doDispatch(DispatcherServlet.java:963)
	at org.springframework.web.servlet.DispatcherServlet.doService(DispatcherServlet.java:866)
	at org.springframework.web.servlet.FrameworkServlet.processRequest(FrameworkServlet.java:1000)
	at org.springframework.web.servlet.FrameworkServlet.doGet(FrameworkServlet.java:892)
	at jakarta.servlet.http.HttpServlet.service(HttpServlet.java:622)
	at org.springframework.web.servlet.FrameworkServlet.service(FrameworkServlet.java:874)
	at jakarta.servlet.http.HttpServlet.service(HttpServlet.java:710)
	at org.apache.catalina.core.ApplicationFilterChain.doFilter(ApplicationFilterChain.java:128)
	at org.apache.tomcat.websocket.server.WsFilter.doFilter(WsFilter.java:53)
	at org.apache.catalina.core.ApplicationFilterChain.doFilter(ApplicationFilterChain.java:107)
	at org.springframework.web.filter.RequestContextFilter.doFilterInternal(RequestContextFilter.java:100)
	at org.springframework.web.filter.OncePerRequestFilter.doFilter(OncePerRequestFilter.java:116)
	at org.apache.catalina.core.ApplicationFilterChain.doFilter(ApplicationFilterChain.java:107)
	at org.springframework.web.filter.FormContentFilter.doFilterInternal(FormContentFilter.java:93)
	at org.springframework.web.filter.OncePerRequestFilter.doFilter(OncePerRequestFilter.java:116)
	at org.apache.catalina.core.ApplicationFilterChain.doFilter(ApplicationFilterChain.java:107)
	at org.springframework.web.filter.CharacterEncodingFilter.doFilterInternal(CharacterEncodingFilter.java:199)
	at org.springframework.web.filter.OncePerRequestFilter.doFilter(OncePerRequestFilter.java:116)
	at org.apache.catalina.core.ApplicationFilterChain.doFilter(ApplicationFilterChain.java:107)
	at org.apache.catalina.core.StandardWrapperValve.invoke(StandardWrapperValve.java:165)
	at org.apache.catalina.core.StandardContextValve.invoke(StandardContextValve.java:77)
	at org.apache.catalina.authenticator.AuthenticatorBase.invoke(AuthenticatorBase.java:492)
	at org.apache.catalina.core.StandardHostValve.invoke(StandardHostValve.java:113)
	at org.apache.catalina.valves.ErrorReportValve.invoke(ErrorReportValve.java:83)
	at org.apache.catalina.core.StandardEngineValve.invoke(StandardEngineValve.java:72)
	at org.apache.catalina.connector.CoyoteAdapter.service(CoyoteAdapter.java:341)
	at org.apache.coyote.http11.Http11Processor.service(Http11Processor.java:397)
	at org.apache.coyote.AbstractProcessorLight.process(AbstractProcessorLight.java:63)
	at org.apache.coyote.AbstractProtocol$ConnectionHandler.process(AbstractProtocol.java:903)
	at org.apache.tomcat.util.net.NioEndpoint$SocketProcessor.doRun(NioEndpoint.java:1779)
	at org.apache.tomcat.util.net.SocketProcessorBase.run(SocketProcessorBase.java:52)
	at org.apache.tomcat.util.threads.ThreadPoolExecutor.runWorker(ThreadPoolExecutor.java:946)
	at org.apache.tomcat.util.threads.ThreadPoolExecutor$Worker.run(ThreadPoolExecutor.java:480)
	at org.apache.tomcat.util.threads.TaskThread$WrappingRunnable.run(TaskThread.java:57)
	at java.base/java.lang.Thread.run(Thread.java:1447)
2026-04-26 17:23:03 [http-nio-9090-exec-4] ERROR c.d.e.GlobalExceptionHandler - Unexpected exception occurred
org.springframework.web.servlet.resource.NoResourceFoundException: No static resource api/v1/cateory for request '/api/v1/cateory'.
	at org.springframework.web.servlet.resource.ResourceHttpRequestHandler.handleRequest(ResourceHttpRequestHandler.java:527)
	at org.springframework.web.servlet.mvc.HttpRequestHandlerAdapter.handle(HttpRequestHandlerAdapter.java:50)
	at org.springframework.web.servlet.DispatcherServlet.doDispatch(DispatcherServlet.java:963)
	at org.springframework.web.servlet.DispatcherServlet.doService(DispatcherServlet.java:866)
	at org.springframework.web.servlet.FrameworkServlet.processRequest(FrameworkServlet.java:1000)
	at org.springframework.web.servlet.FrameworkServlet.doGet(FrameworkServlet.java:892)
	at jakarta.servlet.http.HttpServlet.service(HttpServlet.java:622)
	at org.springframework.web.servlet.FrameworkServlet.service(FrameworkServlet.java:874)
	at jakarta.servlet.http.HttpServlet.service(HttpServlet.java:710)
	at org.apache.catalina.core.ApplicationFilterChain.doFilter(ApplicationFilterChain.java:128)
	at org.apache.tomcat.websocket.server.WsFilter.doFilter(WsFilter.java:53)
	at org.apache.catalina.core.ApplicationFilterChain.doFilter(ApplicationFilterChain.java:107)
	at org.springframework.web.filter.RequestContextFilter.doFilterInternal(RequestContextFilter.java:100)
	at org.springframework.web.filter.OncePerRequestFilter.doFilter(OncePerRequestFilter.java:116)
	at org.apache.catalina.core.ApplicationFilterChain.doFilter(ApplicationFilterChain.java:107)
	at org.springframework.web.filter.FormContentFilter.doFilterInternal(FormContentFilter.java:93)
	at org.springframework.web.filter.OncePerRequestFilter.doFilter(OncePerRequestFilter.java:116)
	at org.apache.catalina.core.ApplicationFilterChain.doFilter(ApplicationFilterChain.java:107)
	at org.springframework.web.filter.CharacterEncodingFilter.doFilterInternal(CharacterEncodingFilter.java:199)
	at org.springframework.web.filter.OncePerRequestFilter.doFilter(OncePerRequestFilter.java:116)
	at org.apache.catalina.core.ApplicationFilterChain.doFilter(ApplicationFilterChain.java:107)
	at org.apache.catalina.core.StandardWrapperValve.invoke(StandardWrapperValve.java:165)
	at org.apache.catalina.core.StandardContextValve.invoke(StandardContextValve.java:77)
	at org.apache.catalina.authenticator.AuthenticatorBase.invoke(AuthenticatorBase.java:492)
	at org.apache.catalina.core.StandardHostValve.invoke(StandardHostValve.java:113)
	at org.apache.catalina.valves.ErrorReportValve.invoke(ErrorReportValve.java:83)
	at org.apache.catalina.core.StandardEngineValve.invoke(StandardEngineValve.java:72)
	at org.apache.catalina.connector.CoyoteAdapter.service(CoyoteAdapter.java:341)
	at org.apache.coyote.http11.Http11Processor.service(Http11Processor.java:397)
	at org.apache.coyote.AbstractProcessorLight.process(AbstractProcessorLight.java:63)
	at org.apache.coyote.AbstractProtocol$ConnectionHandler.process(AbstractProtocol.java:903)
	at org.apache.tomcat.util.net.NioEndpoint$SocketProcessor.doRun(NioEndpoint.java:1779)
	at org.apache.tomcat.util.net.SocketProcessorBase.run(SocketProcessorBase.java:52)
	at org.apache.tomcat.util.threads.ThreadPoolExecutor.runWorker(ThreadPoolExecutor.java:946)
	at org.apache.tomcat.util.threads.ThreadPoolExecutor$Worker.run(ThreadPoolExecutor.java:480)
	at org.apache.tomcat.util.threads.TaskThread$WrappingRunnable.run(TaskThread.java:57)
	at java.base/java.lang.Thread.run(Thread.java:1447)
2026-04-26 17:23:03 [http-nio-9090-exec-6] ERROR c.d.e.GlobalExceptionHandler - Unexpected exception occurred
org.springframework.web.servlet.resource.NoResourceFoundException: No static resource api/v1/cateory for request '/api/v1/cateory'.
	at org.springframework.web.servlet.resource.ResourceHttpRequestHandler.handleRequest(ResourceHttpRequestHandler.java:527)
	at org.springframework.web.servlet.mvc.HttpRequestHandlerAdapter.handle(HttpRequestHandlerAdapter.java:50)
	at org.springframework.web.servlet.DispatcherServlet.doDispatch(DispatcherServlet.java:963)
	at org.springframework.web.servlet.DispatcherServlet.doService(DispatcherServlet.java:866)
	at org.springframework.web.servlet.FrameworkServlet.processRequest(FrameworkServlet.java:1000)
	at org.springframework.web.servlet.FrameworkServlet.doGet(FrameworkServlet.java:892)
	at jakarta.servlet.http.HttpServlet.service(HttpServlet.java:622)
	at org.springframework.web.servlet.FrameworkServlet.service(FrameworkServlet.java:874)
	at jakarta.servlet.http.HttpServlet.service(HttpServlet.java:710)
	at org.apache.catalina.core.ApplicationFilterChain.doFilter(ApplicationFilterChain.java:128)
	at org.apache.tomcat.websocket.server.WsFilter.doFilter(WsFilter.java:53)
	at org.apache.catalina.core.ApplicationFilterChain.doFilter(ApplicationFilterChain.java:107)
	at org.springframework.web.filter.RequestContextFilter.doFilterInternal(RequestContextFilter.java:100)
	at org.springframework.web.filter.OncePerRequestFilter.doFilter(OncePerRequestFilter.java:116)
	at org.apache.catalina.core.ApplicationFilterChain.doFilter(ApplicationFilterChain.java:107)
	at org.springframework.web.filter.FormContentFilter.doFilterInternal(FormContentFilter.java:93)
	at org.springframework.web.filter.OncePerRequestFilter.doFilter(OncePerRequestFilter.java:116)
	at org.apache.catalina.core.ApplicationFilterChain.doFilter(ApplicationFilterChain.java:107)
	at org.springframework.web.filter.CharacterEncodingFilter.doFilterInternal(CharacterEncodingFilter.java:199)
	at org.springframework.web.filter.OncePerRequestFilter.doFilter(OncePerRequestFilter.java:116)
	at org.apache.catalina.core.ApplicationFilterChain.doFilter(ApplicationFilterChain.java:107)
	at org.apache.catalina.core.StandardWrapperValve.invoke(StandardWrapperValve.java:165)
	at org.apache.catalina.core.StandardContextValve.invoke(StandardContextValve.java:77)
	at org.apache.catalina.authenticator.AuthenticatorBase.invoke(AuthenticatorBase.java:492)
	at org.apache.catalina.core.StandardHostValve.invoke(StandardHostValve.java:113)
	at org.apache.catalina.valves.ErrorReportValve.invoke(ErrorReportValve.java:83)
	at org.apache.catalina.core.StandardEngineValve.invoke(StandardEngineValve.java:72)
	at org.apache.catalina.connector.CoyoteAdapter.service(CoyoteAdapter.java:341)
	at org.apache.coyote.http11.Http11Processor.service(Http11Processor.java:397)
	at org.apache.coyote.AbstractProcessorLight.process(AbstractProcessorLight.java:63)
	at org.apache.coyote.AbstractProtocol$ConnectionHandler.process(AbstractProtocol.java:903)
	at org.apache.tomcat.util.net.NioEndpoint$SocketProcessor.doRun(NioEndpoint.java:1779)
	at org.apache.tomcat.util.net.SocketProcessorBase.run(SocketProcessorBase.java:52)
	at org.apache.tomcat.util.threads.ThreadPoolExecutor.runWorker(ThreadPoolExecutor.java:946)
	at org.apache.tomcat.util.threads.ThreadPoolExecutor$Worker.run(ThreadPoolExecutor.java:480)
	at org.apache.tomcat.util.threads.TaskThread$WrappingRunnable.run(TaskThread.java:57)
	at java.base/java.lang.Thread.run(Thread.java:1447)
2026-04-26 17:23:18 [http-nio-9090-exec-10] INFO   - Fetch all resources method start 
2026-04-26 17:23:18 [http-nio-9090-exec-10] INFO   - Fetch all resource method end here 
2026-04-26 17:23:18 [http-nio-9090-exec-9] INFO   - Fetch all resources method start 
2026-04-26 17:23:18 [http-nio-9090-exec-9] INFO   - Fetch all resource method end here 
2026-04-26 17:24:32 [http-nio-9090-exec-2] INFO   - Fetch all resources method start 
2026-04-26 17:24:32 [http-nio-9090-exec-2] INFO   - Fetch all resource method end here 
2026-04-26 17:24:32 [http-nio-9090-exec-5] INFO   - Fetch all resources method start 
2026-04-26 17:24:32 [http-nio-9090-exec-5] INFO   - Fetch all resource method end here 
2026-04-26 17:24:50 [http-nio-9090-exec-1] ERROR c.d.e.GlobalExceptionHandler - Unexpected exception occurred
org.springframework.web.servlet.resource.NoResourceFoundException: No static resource api/v1/resource for request '/api/v1/resource'.
	at org.springframework.web.servlet.resource.ResourceHttpRequestHandler.handleRequest(ResourceHttpRequestHandler.java:527)
	at org.springframework.web.servlet.mvc.HttpRequestHandlerAdapter.handle(HttpRequestHandlerAdapter.java:50)
	at org.springframework.web.servlet.DispatcherServlet.doDispatch(DispatcherServlet.java:963)
	at org.springframework.web.servlet.DispatcherServlet.doService(DispatcherServlet.java:866)
	at org.springframework.web.servlet.FrameworkServlet.processRequest(FrameworkServlet.java:1000)
	at org.springframework.web.servlet.FrameworkServlet.doGet(FrameworkServlet.java:892)
	at jakarta.servlet.http.HttpServlet.service(HttpServlet.java:622)
	at org.springframework.web.servlet.FrameworkServlet.service(FrameworkServlet.java:874)
	at jakarta.servlet.http.HttpServlet.service(HttpServlet.java:710)
	at org.apache.catalina.core.ApplicationFilterChain.doFilter(ApplicationFilterChain.java:128)
	at org.apache.tomcat.websocket.server.WsFilter.doFilter(WsFilter.java:53)
	at org.apache.catalina.core.ApplicationFilterChain.doFilter(ApplicationFilterChain.java:107)
	at org.springframework.web.filter.RequestContextFilter.doFilterInternal(RequestContextFilter.java:100)
	at org.springframework.web.filter.OncePerRequestFilter.doFilter(OncePerRequestFilter.java:116)
	at org.apache.catalina.core.ApplicationFilterChain.doFilter(ApplicationFilterChain.java:107)
	at org.springframework.web.filter.FormContentFilter.doFilterInternal(FormContentFilter.java:93)
	at org.springframework.web.filter.OncePerRequestFilter.doFilter(OncePerRequestFilter.java:116)
	at org.apache.catalina.core.ApplicationFilterChain.doFilter(ApplicationFilterChain.java:107)
	at org.springframework.web.filter.CharacterEncodingFilter.doFilterInternal(CharacterEncodingFilter.java:199)
	at org.springframework.web.filter.OncePerRequestFilter.doFilter(OncePerRequestFilter.java:116)
	at org.apache.catalina.core.ApplicationFilterChain.doFilter(ApplicationFilterChain.java:107)
	at org.apache.catalina.core.StandardWrapperValve.invoke(StandardWrapperValve.java:165)
	at org.apache.catalina.core.StandardContextValve.invoke(StandardContextValve.java:77)
	at org.apache.catalina.authenticator.AuthenticatorBase.invoke(AuthenticatorBase.java:492)
	at org.apache.catalina.core.StandardHostValve.invoke(StandardHostValve.java:113)
	at org.apache.catalina.valves.ErrorReportValve.invoke(ErrorReportValve.java:83)
	at org.apache.catalina.core.StandardEngineValve.invoke(StandardEngineValve.java:72)
	at org.apache.catalina.connector.CoyoteAdapter.service(CoyoteAdapter.java:341)
	at org.apache.coyote.http11.Http11Processor.service(Http11Processor.java:397)
	at org.apache.coyote.AbstractProcessorLight.process(AbstractProcessorLight.java:63)
	at org.apache.coyote.AbstractProtocol$ConnectionHandler.process(AbstractProtocol.java:903)
	at org.apache.tomcat.util.net.NioEndpoint$SocketProcessor.doRun(NioEndpoint.java:1779)
	at org.apache.tomcat.util.net.SocketProcessorBase.run(SocketProcessorBase.java:52)
	at org.apache.tomcat.util.threads.ThreadPoolExecutor.runWorker(ThreadPoolExecutor.java:946)
	at org.apache.tomcat.util.threads.ThreadPoolExecutor$Worker.run(ThreadPoolExecutor.java:480)
	at org.apache.tomcat.util.threads.TaskThread$WrappingRunnable.run(TaskThread.java:57)
	at java.base/java.lang.Thread.run(Thread.java:1447)
2026-04-26 17:24:50 [http-nio-9090-exec-3] ERROR c.d.e.GlobalExceptionHandler - Unexpected exception occurred
org.springframework.web.servlet.resource.NoResourceFoundException: No static resource api/v1/resource for request '/api/v1/resource'.
	at org.springframework.web.servlet.resource.ResourceHttpRequestHandler.handleRequest(ResourceHttpRequestHandler.java:527)
	at org.springframework.web.servlet.mvc.HttpRequestHandlerAdapter.handle(HttpRequestHandlerAdapter.java:50)
	at org.springframework.web.servlet.DispatcherServlet.doDispatch(DispatcherServlet.java:963)
	at org.springframework.web.servlet.DispatcherServlet.doService(DispatcherServlet.java:866)
	at org.springframework.web.servlet.FrameworkServlet.processRequest(FrameworkServlet.java:1000)
	at org.springframework.web.servlet.FrameworkServlet.doGet(FrameworkServlet.java:892)
	at jakarta.servlet.http.HttpServlet.service(HttpServlet.java:622)
	at org.springframework.web.servlet.FrameworkServlet.service(FrameworkServlet.java:874)
	at jakarta.servlet.http.HttpServlet.service(HttpServlet.java:710)
	at org.apache.catalina.core.ApplicationFilterChain.doFilter(ApplicationFilterChain.java:128)
	at org.apache.tomcat.websocket.server.WsFilter.doFilter(WsFilter.java:53)
	at org.apache.catalina.core.ApplicationFilterChain.doFilter(ApplicationFilterChain.java:107)
	at org.springframework.web.filter.RequestContextFilter.doFilterInternal(RequestContextFilter.java:100)
	at org.springframework.web.filter.OncePerRequestFilter.doFilter(OncePerRequestFilter.java:116)
	at org.apache.catalina.core.ApplicationFilterChain.doFilter(ApplicationFilterChain.java:107)
	at org.springframework.web.filter.FormContentFilter.doFilterInternal(FormContentFilter.java:93)
	at org.springframework.web.filter.OncePerRequestFilter.doFilter(OncePerRequestFilter.java:116)
	at org.apache.catalina.core.ApplicationFilterChain.doFilter(ApplicationFilterChain.java:107)
	at org.springframework.web.filter.CharacterEncodingFilter.doFilterInternal(CharacterEncodingFilter.java:199)
	at org.springframework.web.filter.OncePerRequestFilter.doFilter(OncePerRequestFilter.java:116)
	at org.apache.catalina.core.ApplicationFilterChain.doFilter(ApplicationFilterChain.java:107)
	at org.apache.catalina.core.StandardWrapperValve.invoke(StandardWrapperValve.java:165)
	at org.apache.catalina.core.StandardContextValve.invoke(StandardContextValve.java:77)
	at org.apache.catalina.authenticator.AuthenticatorBase.invoke(AuthenticatorBase.java:492)
	at org.apache.catalina.core.StandardHostValve.invoke(StandardHostValve.java:113)
	at org.apache.catalina.valves.ErrorReportValve.invoke(ErrorReportValve.java:83)
	at org.apache.catalina.core.StandardEngineValve.invoke(StandardEngineValve.java:72)
	at org.apache.catalina.connector.CoyoteAdapter.service(CoyoteAdapter.java:341)
	at org.apache.coyote.http11.Http11Processor.service(Http11Processor.java:397)
	at org.apache.coyote.AbstractProcessorLight.process(AbstractProcessorLight.java:63)
	at org.apache.coyote.AbstractProtocol$ConnectionHandler.process(AbstractProtocol.java:903)
	at org.apache.tomcat.util.net.NioEndpoint$SocketProcessor.doRun(NioEndpoint.java:1779)
	at org.apache.tomcat.util.net.SocketProcessorBase.run(SocketProcessorBase.java:52)
	at org.apache.tomcat.util.threads.ThreadPoolExecutor.runWorker(ThreadPoolExecutor.java:946)
	at org.apache.tomcat.util.threads.ThreadPoolExecutor$Worker.run(ThreadPoolExecutor.java:480)
	at org.apache.tomcat.util.threads.TaskThread$WrappingRunnable.run(TaskThread.java:57)
	at java.base/java.lang.Thread.run(Thread.java:1447)
2026-04-26 17:25:29 [http-nio-9090-exec-4] INFO   - Fetch all resources method start 
2026-04-26 17:25:29 [http-nio-9090-exec-4] INFO   - Fetch all resource method end here 
2026-04-26 17:25:29 [http-nio-9090-exec-6] INFO   - Fetch all resources method start 
2026-04-26 17:25:29 [http-nio-9090-exec-6] INFO   - Fetch all resource method end here 
2026-04-26 17:25:37 [http-nio-9090-exec-9] ERROR c.d.e.GlobalExceptionHandler - Unexpected exception occurred
org.springframework.web.servlet.resource.NoResourceFoundException: No static resource api/v1/category/69ecfc4d77c4f55eb718f706/component/c4f1fbed-bd48-44b2-89d7-be2e84098856 for request '/api/v1/category/69ecfc4d77c4f55eb718f706/component/c4f1fbed-bd48-44b2-89d7-be2e84098856'.
	at org.springframework.web.servlet.resource.ResourceHttpRequestHandler.handleRequest(ResourceHttpRequestHandler.java:527)
	at org.springframework.web.servlet.mvc.HttpRequestHandlerAdapter.handle(HttpRequestHandlerAdapter.java:50)
	at org.springframework.web.servlet.DispatcherServlet.doDispatch(DispatcherServlet.java:963)
	at org.springframework.web.servlet.DispatcherServlet.doService(DispatcherServlet.java:866)
	at org.springframework.web.servlet.FrameworkServlet.processRequest(FrameworkServlet.java:1000)
	at org.springframework.web.servlet.FrameworkServlet.doDelete(FrameworkServlet.java:925)
	at jakarta.servlet.http.HttpServlet.service(HttpServlet.java:651)
	at org.springframework.web.servlet.FrameworkServlet.service(FrameworkServlet.java:874)
	at jakarta.servlet.http.HttpServlet.service(HttpServlet.java:710)
	at org.apache.catalina.core.ApplicationFilterChain.doFilter(ApplicationFilterChain.java:128)
	at org.apache.tomcat.websocket.server.WsFilter.doFilter(WsFilter.java:53)
	at org.apache.catalina.core.ApplicationFilterChain.doFilter(ApplicationFilterChain.java:107)
	at org.springframework.web.filter.RequestContextFilter.doFilterInternal(RequestContextFilter.java:100)
	at org.springframework.web.filter.OncePerRequestFilter.doFilter(OncePerRequestFilter.java:116)
	at org.apache.catalina.core.ApplicationFilterChain.doFilter(ApplicationFilterChain.java:107)
	at org.springframework.web.filter.FormContentFilter.doFilterInternal(FormContentFilter.java:93)
	at org.springframework.web.filter.OncePerRequestFilter.doFilter(OncePerRequestFilter.java:116)
	at org.apache.catalina.core.ApplicationFilterChain.doFilter(ApplicationFilterChain.java:107)
	at org.springframework.web.filter.CharacterEncodingFilter.doFilterInternal(CharacterEncodingFilter.java:199)
	at org.springframework.web.filter.OncePerRequestFilter.doFilter(OncePerRequestFilter.java:116)
	at org.apache.catalina.core.ApplicationFilterChain.doFilter(ApplicationFilterChain.java:107)
	at org.apache.catalina.core.StandardWrapperValve.invoke(StandardWrapperValve.java:165)
	at org.apache.catalina.core.StandardContextValve.invoke(StandardContextValve.java:77)
	at org.apache.catalina.authenticator.AuthenticatorBase.invoke(AuthenticatorBase.java:492)
	at org.apache.catalina.core.StandardHostValve.invoke(StandardHostValve.java:113)
	at org.apache.catalina.valves.ErrorReportValve.invoke(ErrorReportValve.java:83)
	at org.apache.catalina.core.StandardEngineValve.invoke(StandardEngineValve.java:72)
	at org.apache.catalina.connector.CoyoteAdapter.service(CoyoteAdapter.java:341)
	at org.apache.coyote.http11.Http11Processor.service(Http11Processor.java:397)
	at org.apache.coyote.AbstractProcessorLight.process(AbstractProcessorLight.java:63)
	at org.apache.coyote.AbstractProtocol$ConnectionHandler.process(AbstractProtocol.java:903)
	at org.apache.tomcat.util.net.NioEndpoint$SocketProcessor.doRun(NioEndpoint.java:1779)
	at org.apache.tomcat.util.net.SocketProcessorBase.run(SocketProcessorBase.java:52)
	at org.apache.tomcat.util.threads.ThreadPoolExecutor.runWorker(ThreadPoolExecutor.java:946)
	at org.apache.tomcat.util.threads.ThreadPoolExecutor$Worker.run(ThreadPoolExecutor.java:480)
	at org.apache.tomcat.util.threads.TaskThread$WrappingRunnable.run(TaskThread.java:57)
	at java.base/java.lang.Thread.run(Thread.java:1447)
2026-04-26 17:25:40 [http-nio-9090-exec-8] INFO   - Fetch all resources method start 
2026-04-26 17:25:40 [http-nio-9090-exec-8] INFO   - Fetch all resource method end here 
2026-04-26 17:25:40 [http-nio-9090-exec-7] INFO   - Fetch all resources method start 
2026-04-26 17:25:40 [http-nio-9090-exec-7] INFO   - Fetch all resource method end here 
2026-04-26 17:26:30 [http-nio-9090-exec-5] ERROR c.d.e.GlobalExceptionHandler - Unexpected exception occurred
org.springframework.web.servlet.resource.NoResourceFoundException: No static resource api/v1/category/69ecfc4d77c4f55eb718f706/component/17a35a24-69e0-40ee-bfaf-ff22ee962d92 for request '/api/v1/category/69ecfc4d77c4f55eb718f706/component/17a35a24-69e0-40ee-bfaf-ff22ee962d92'.
	at org.springframework.web.servlet.resource.ResourceHttpRequestHandler.handleRequest(ResourceHttpRequestHandler.java:527)
	at org.springframework.web.servlet.mvc.HttpRequestHandlerAdapter.handle(HttpRequestHandlerAdapter.java:50)
	at org.springframework.web.servlet.DispatcherServlet.doDispatch(DispatcherServlet.java:963)
	at org.springframework.web.servlet.DispatcherServlet.doService(DispatcherServlet.java:866)
	at org.springframework.web.servlet.FrameworkServlet.processRequest(FrameworkServlet.java:1000)
	at org.springframework.web.servlet.FrameworkServlet.doDelete(FrameworkServlet.java:925)
	at jakarta.servlet.http.HttpServlet.service(HttpServlet.java:651)
	at org.springframework.web.servlet.FrameworkServlet.service(FrameworkServlet.java:874)
	at jakarta.servlet.http.HttpServlet.service(HttpServlet.java:710)
	at org.apache.catalina.core.ApplicationFilterChain.doFilter(ApplicationFilterChain.java:128)
	at org.apache.tomcat.websocket.server.WsFilter.doFilter(WsFilter.java:53)
	at org.apache.catalina.core.ApplicationFilterChain.doFilter(ApplicationFilterChain.java:107)
	at org.springframework.web.filter.RequestContextFilter.doFilterInternal(RequestContextFilter.java:100)
	at org.springframework.web.filter.OncePerRequestFilter.doFilter(OncePerRequestFilter.java:116)
	at org.apache.catalina.core.ApplicationFilterChain.doFilter(ApplicationFilterChain.java:107)
	at org.springframework.web.filter.FormContentFilter.doFilterInternal(FormContentFilter.java:93)
	at org.springframework.web.filter.OncePerRequestFilter.doFilter(OncePerRequestFilter.java:116)
	at org.apache.catalina.core.ApplicationFilterChain.doFilter(ApplicationFilterChain.java:107)
	at org.springframework.web.filter.CharacterEncodingFilter.doFilterInternal(CharacterEncodingFilter.java:199)
	at org.springframework.web.filter.OncePerRequestFilter.doFilter(OncePerRequestFilter.java:116)
	at org.apache.catalina.core.ApplicationFilterChain.doFilter(ApplicationFilterChain.java:107)
	at org.apache.catalina.core.StandardWrapperValve.invoke(StandardWrapperValve.java:165)
	at org.apache.catalina.core.StandardContextValve.invoke(StandardContextValve.java:77)
	at org.apache.catalina.authenticator.AuthenticatorBase.invoke(AuthenticatorBase.java:492)
	at org.apache.catalina.core.StandardHostValve.invoke(StandardHostValve.java:113)
	at org.apache.catalina.valves.ErrorReportValve.invoke(ErrorReportValve.java:83)
	at org.apache.catalina.core.StandardEngineValve.invoke(StandardEngineValve.java:72)
	at org.apache.catalina.connector.CoyoteAdapter.service(CoyoteAdapter.java:341)
	at org.apache.coyote.http11.Http11Processor.service(Http11Processor.java:397)
	at org.apache.coyote.AbstractProcessorLight.process(AbstractProcessorLight.java:63)
	at org.apache.coyote.AbstractProtocol$ConnectionHandler.process(AbstractProtocol.java:903)
	at org.apache.tomcat.util.net.NioEndpoint$SocketProcessor.doRun(NioEndpoint.java:1779)
	at org.apache.tomcat.util.net.SocketProcessorBase.run(SocketProcessorBase.java:52)
	at org.apache.tomcat.util.threads.ThreadPoolExecutor.runWorker(ThreadPoolExecutor.java:946)
	at org.apache.tomcat.util.threads.ThreadPoolExecutor$Worker.run(ThreadPoolExecutor.java:480)
	at org.apache.tomcat.util.threads.TaskThread$WrappingRunnable.run(TaskThread.java:57)
	at java.base/java.lang.Thread.run(Thread.java:1447)
2026-04-26 17:26:33 [http-nio-9090-exec-1] ERROR c.d.e.GlobalExceptionHandler - Unexpected exception occurred
org.springframework.web.servlet.resource.NoResourceFoundException: No static resource api/v1/category/69ecfc4d77c4f55eb718f706/component/c4f1fbed-bd48-44b2-89d7-be2e84098856 for request '/api/v1/category/69ecfc4d77c4f55eb718f706/component/c4f1fbed-bd48-44b2-89d7-be2e84098856'.
	at org.springframework.web.servlet.resource.ResourceHttpRequestHandler.handleRequest(ResourceHttpRequestHandler.java:527)
	at org.springframework.web.servlet.mvc.HttpRequestHandlerAdapter.handle(HttpRequestHandlerAdapter.java:50)
	at org.springframework.web.servlet.DispatcherServlet.doDispatch(DispatcherServlet.java:963)
	at org.springframework.web.servlet.DispatcherServlet.doService(DispatcherServlet.java:866)
	at org.springframework.web.servlet.FrameworkServlet.processRequest(FrameworkServlet.java:1000)
	at org.springframework.web.servlet.FrameworkServlet.doDelete(FrameworkServlet.java:925)
	at jakarta.servlet.http.HttpServlet.service(HttpServlet.java:651)
	at org.springframework.web.servlet.FrameworkServlet.service(FrameworkServlet.java:874)
	at jakarta.servlet.http.HttpServlet.service(HttpServlet.java:710)
	at org.apache.catalina.core.ApplicationFilterChain.doFilter(ApplicationFilterChain.java:128)
	at org.apache.tomcat.websocket.server.WsFilter.doFilter(WsFilter.java:53)
	at org.apache.catalina.core.ApplicationFilterChain.doFilter(ApplicationFilterChain.java:107)
	at org.springframework.web.filter.RequestContextFilter.doFilterInternal(RequestContextFilter.java:100)
	at org.springframework.web.filter.OncePerRequestFilter.doFilter(OncePerRequestFilter.java:116)
	at org.apache.catalina.core.ApplicationFilterChain.doFilter(ApplicationFilterChain.java:107)
	at org.springframework.web.filter.FormContentFilter.doFilterInternal(FormContentFilter.java:93)
	at org.springframework.web.filter.OncePerRequestFilter.doFilter(OncePerRequestFilter.java:116)
	at org.apache.catalina.core.ApplicationFilterChain.doFilter(ApplicationFilterChain.java:107)
	at org.springframework.web.filter.CharacterEncodingFilter.doFilterInternal(CharacterEncodingFilter.java:199)
	at org.springframework.web.filter.OncePerRequestFilter.doFilter(OncePerRequestFilter.java:116)
	at org.apache.catalina.core.ApplicationFilterChain.doFilter(ApplicationFilterChain.java:107)
	at org.apache.catalina.core.StandardWrapperValve.invoke(StandardWrapperValve.java:165)
	at org.apache.catalina.core.StandardContextValve.invoke(StandardContextValve.java:77)
	at org.apache.catalina.authenticator.AuthenticatorBase.invoke(AuthenticatorBase.java:492)
	at org.apache.catalina.core.StandardHostValve.invoke(StandardHostValve.java:113)
	at org.apache.catalina.valves.ErrorReportValve.invoke(ErrorReportValve.java:83)
	at org.apache.catalina.core.StandardEngineValve.invoke(StandardEngineValve.java:72)
	at org.apache.catalina.connector.CoyoteAdapter.service(CoyoteAdapter.java:341)
	at org.apache.coyote.http11.Http11Processor.service(Http11Processor.java:397)
	at org.apache.coyote.AbstractProcessorLight.process(AbstractProcessorLight.java:63)
	at org.apache.coyote.AbstractProtocol$ConnectionHandler.process(AbstractProtocol.java:903)
	at org.apache.tomcat.util.net.NioEndpoint$SocketProcessor.doRun(NioEndpoint.java:1779)
	at org.apache.tomcat.util.net.SocketProcessorBase.run(SocketProcessorBase.java:52)
	at org.apache.tomcat.util.threads.ThreadPoolExecutor.runWorker(ThreadPoolExecutor.java:946)
	at org.apache.tomcat.util.threads.ThreadPoolExecutor$Worker.run(ThreadPoolExecutor.java:480)
	at org.apache.tomcat.util.threads.TaskThread$WrappingRunnable.run(TaskThread.java:57)
	at java.base/java.lang.Thread.run(Thread.java:1447)
2026-04-26 17:26:56 [http-nio-9090-exec-3] INFO   - Fetch all resources method start 
2026-04-26 17:26:56 [http-nio-9090-exec-3] INFO   - Fetch all resource method end here 
2026-04-26 17:26:56 [http-nio-9090-exec-4] INFO   - Fetch all resources method start 
2026-04-26 17:26:56 [http-nio-9090-exec-4] INFO   - Fetch all resource method end here 
2026-04-26 17:27:04 [http-nio-9090-exec-6] ERROR c.d.e.GlobalExceptionHandler - Unexpected exception occurred
org.springframework.web.servlet.resource.NoResourceFoundException: No static resource api/v1/category/69ecfc4d77c4f55eb718f706/component/17a35a24-69e0-40ee-bfaf-ff22ee962d92 for request '/api/v1/category/69ecfc4d77c4f55eb718f706/component/17a35a24-69e0-40ee-bfaf-ff22ee962d92'.
	at org.springframework.web.servlet.resource.ResourceHttpRequestHandler.handleRequest(ResourceHttpRequestHandler.java:527)
	at org.springframework.web.servlet.mvc.HttpRequestHandlerAdapter.handle(HttpRequestHandlerAdapter.java:50)
	at org.springframework.web.servlet.DispatcherServlet.doDispatch(DispatcherServlet.java:963)
	at org.springframework.web.servlet.DispatcherServlet.doService(DispatcherServlet.java:866)
	at org.springframework.web.servlet.FrameworkServlet.processRequest(FrameworkServlet.java:1000)
	at org.springframework.web.servlet.FrameworkServlet.doDelete(FrameworkServlet.java:925)
	at jakarta.servlet.http.HttpServlet.service(HttpServlet.java:651)
	at org.springframework.web.servlet.FrameworkServlet.service(FrameworkServlet.java:874)
	at jakarta.servlet.http.HttpServlet.service(HttpServlet.java:710)
	at org.apache.catalina.core.ApplicationFilterChain.doFilter(ApplicationFilterChain.java:128)
	at org.apache.tomcat.websocket.server.WsFilter.doFilter(WsFilter.java:53)
	at org.apache.catalina.core.ApplicationFilterChain.doFilter(ApplicationFilterChain.java:107)
	at org.springframework.web.filter.RequestContextFilter.doFilterInternal(RequestContextFilter.java:100)
	at org.springframework.web.filter.OncePerRequestFilter.doFilter(OncePerRequestFilter.java:116)
	at org.apache.catalina.core.ApplicationFilterChain.doFilter(ApplicationFilterChain.java:107)
	at org.springframework.web.filter.FormContentFilter.doFilterInternal(FormContentFilter.java:93)
	at org.springframework.web.filter.OncePerRequestFilter.doFilter(OncePerRequestFilter.java:116)
	at org.apache.catalina.core.ApplicationFilterChain.doFilter(ApplicationFilterChain.java:107)
	at org.springframework.web.filter.CharacterEncodingFilter.doFilterInternal(CharacterEncodingFilter.java:199)
	at org.springframework.web.filter.OncePerRequestFilter.doFilter(OncePerRequestFilter.java:116)
	at org.apache.catalina.core.ApplicationFilterChain.doFilter(ApplicationFilterChain.java:107)
	at org.apache.catalina.core.StandardWrapperValve.invoke(StandardWrapperValve.java:165)
	at org.apache.catalina.core.StandardContextValve.invoke(StandardContextValve.java:77)
	at org.apache.catalina.authenticator.AuthenticatorBase.invoke(AuthenticatorBase.java:492)
	at org.apache.catalina.core.StandardHostValve.invoke(StandardHostValve.java:113)
	at org.apache.catalina.valves.ErrorReportValve.invoke(ErrorReportValve.java:83)
	at org.apache.catalina.core.StandardEngineValve.invoke(StandardEngineValve.java:72)
	at org.apache.catalina.connector.CoyoteAdapter.service(CoyoteAdapter.java:341)
	at org.apache.coyote.http11.Http11Processor.service(Http11Processor.java:397)
	at org.apache.coyote.AbstractProcessorLight.process(AbstractProcessorLight.java:63)
	at org.apache.coyote.AbstractProtocol$ConnectionHandler.process(AbstractProtocol.java:903)
	at org.apache.tomcat.util.net.NioEndpoint$SocketProcessor.doRun(NioEndpoint.java:1779)
	at org.apache.tomcat.util.net.SocketProcessorBase.run(SocketProcessorBase.java:52)
	at org.apache.tomcat.util.threads.ThreadPoolExecutor.runWorker(ThreadPoolExecutor.java:946)
	at org.apache.tomcat.util.threads.ThreadPoolExecutor$Worker.run(ThreadPoolExecutor.java:480)
	at org.apache.tomcat.util.threads.TaskThread$WrappingRunnable.run(TaskThread.java:57)
	at java.base/java.lang.Thread.run(Thread.java:1447)
2026-04-26 17:28:03 [SpringApplicationShutdownHook] INFO  o.s.boot.tomcat.GracefulShutdown - Commencing graceful shutdown. Waiting for active requests to complete
2026-04-26 17:28:03 [tomcat-shutdown] INFO  o.s.boot.tomcat.GracefulShutdown - Graceful shutdown complete
2026-04-26 17:28:06 [main] INFO  com.design_pattern.MainApplication - Starting MainApplication using Java 24 with PID 39220 (C:\work-space\leetcode_150_interview_questions\design_pattern\target\classes started by ankit in C:\work-space\leetcode_150_interview_questions\design_pattern)
2026-04-26 17:28:06 [main] INFO  com.design_pattern.MainApplication - No active profile set, falling back to 1 default profile: "default"
2026-04-26 17:28:06 [main] INFO  o.s.d.r.c.RepositoryConfigurationDelegate - Bootstrapping Spring Data MongoDB repositories in DEFAULT mode.
2026-04-26 17:28:06 [main] INFO  o.s.d.r.c.RepositoryConfigurationDelegate - Finished Spring Data repository scanning in 31 ms. Found 2 MongoDB repository interfaces.
2026-04-26 17:28:06 [main] INFO  o.s.boot.tomcat.TomcatWebServer - Tomcat initialized with port 9090 (http)
2026-04-26 17:28:06 [main] INFO  o.a.catalina.core.StandardService - Starting service [Tomcat]
2026-04-26 17:28:06 [main] INFO  o.a.catalina.core.StandardEngine - Starting Servlet engine: [Apache Tomcat/11.0.20]
2026-04-26 17:28:06 [main] INFO  o.s.b.w.c.s.WebApplicationContextInitializer - Root WebApplicationContext: initialization completed in 753 ms
2026-04-26 17:28:07 [main] INFO  org.mongodb.driver.client - MongoClient with metadata {"driver": {"name": "mongo-java-driver|sync", "version": "5.6.4"}, "os": {"type": "Windows", "name": "Windows 11", "architecture": "amd64", "version": "10.0"}, "platform": "Java/Oracle Corporation/24+36-3646"} created with settings MongoClientSettings{readPreference=primary, writeConcern=WriteConcern{w=null, wTimeout=null ms, journal=null}, retryWrites=true, retryReads=true, readConcern=ReadConcern{level=null}, credential=null, transportSettings=null, commandListeners=[], codecRegistry=ProvidersCodecRegistry{codecProviders=[ValueCodecProvider{}, BsonValueCodecProvider{}, DBRefCodecProvider{}, DBObjectCodecProvider{}, DocumentCodecProvider{}, CollectionCodecProvider{}, IterableCodecProvider{}, MapCodecProvider{}, GeoJsonCodecProvider{}, GridFSFileCodecProvider{}, Jsr310CodecProvider{}, JsonObjectCodecProvider{}, BsonCodecProvider{}, com.mongodb.client.model.mql.ExpressionCodecProvider@22d8f4ed, com.mongodb.Jep395RecordCodecProvider@3434a4f0, com.mongodb.KotlinCodecProvider@79afa369, EnumCodecProvider{}]}, loggerSettings=LoggerSettings{maxDocumentLength=1000}, clusterSettings={hosts=[localhost:27017], srvServiceName=mongodb, mode=SINGLE, requiredClusterType=UNKNOWN, requiredReplicaSetName='null', serverSelector='null', clusterListeners='[]', serverSelectionTimeout='30000 ms', localThreshold='15 ms'}, socketSettings=SocketSettings{connectTimeoutMS=10000, readTimeoutMS=0, receiveBufferSize=0, proxySettings=ProxySettings{host=null, port=null, username=null, password=null}}, heartbeatSocketSettings=SocketSettings{connectTimeoutMS=10000, readTimeoutMS=10000, receiveBufferSize=0, proxySettings=ProxySettings{host=null, port=null, username=null, password=null}}, connectionPoolSettings=ConnectionPoolSettings{maxSize=100, minSize=0, maxWaitTimeMS=120000, maxConnectionLifeTimeMS=0, maxConnectionIdleTimeMS=0, maintenanceInitialDelayMS=0, maintenanceFrequencyMS=60000, connectionPoolListeners=[], maxConnecting=2}, serverSettings=ServerSettings{heartbeatFrequencyMS=10000, minHeartbeatFrequencyMS=500, serverMonitoringMode=AUTO, serverListeners='[]', serverMonitorListeners='[]'}, sslSettings=SslSettings{enabled=false, invalidHostNameAllowed=false, context=null}, applicationName='null', compressorList=[], uuidRepresentation=UNSPECIFIED, serverApi=null, autoEncryptionSettings=null, dnsClient=null, inetAddressResolver=null, contextProvider=null, timeoutMS=null}
2026-04-26 17:28:07 [cluster-ClusterId{value='69edfdcf58ca4eb176a13bbe', description='null'}-localhost:27017] INFO  org.mongodb.driver.cluster - Monitor thread successfully connected to server with description ServerDescription{address=localhost:27017, type=STANDALONE, cryptd=false, state=CONNECTED, ok=true, minWireVersion=0, maxWireVersion=27, maxDocumentSize=16777216, logicalSessionTimeoutMinutes=30, roundTripTimeNanos=13498800, minRoundTripTimeNanos=0}
2026-04-26 17:28:07 [main] INFO  o.s.boot.tomcat.TomcatWebServer - Tomcat started on port 9090 (http) with context path '/'
2026-04-26 17:28:07 [main] INFO  com.design_pattern.MainApplication - Started MainApplication in 1.679 seconds (process running for 2.041)
2026-04-26 17:28:23 [http-nio-9090-exec-1] INFO  o.a.c.c.C.[Tomcat].[localhost].[/] - Initializing Spring DispatcherServlet 'dispatcherServlet'
2026-04-26 17:28:23 [http-nio-9090-exec-1] INFO  o.s.web.servlet.DispatcherServlet - Initializing Servlet 'dispatcherServlet'
2026-04-26 17:28:23 [http-nio-9090-exec-1] INFO  o.s.web.servlet.DispatcherServlet - Completed initialization in 1 ms
2026-04-26 17:28:23 [http-nio-9090-exec-1] INFO   - Fetch all resources method start 
2026-04-26 17:28:23 [http-nio-9090-exec-1] INFO   - Fetch all resource method end here 
2026-04-26 17:28:23 [http-nio-9090-exec-2] INFO   - Fetch all resources method start 
2026-04-26 17:28:23 [http-nio-9090-exec-2] INFO   - Fetch all resource method end here 
2026-04-26 17:28:31 [http-nio-9090-exec-7] INFO   - Fetch all resources method start 
2026-04-26 17:28:31 [http-nio-9090-exec-7] INFO   - Fetch all resource method end here 
2026-04-26 17:28:31 [http-nio-9090-exec-5] INFO   - Fetch all resources method start 
2026-04-26 17:28:31 [http-nio-9090-exec-5] INFO   - Fetch all resource method end here 
2026-04-26 17:29:30 [http-nio-9090-exec-4] INFO   - Fetch all resources method start 
2026-04-26 17:29:30 [http-nio-9090-exec-4] INFO   - Fetch all resource method end here 
2026-04-26 17:29:30 [http-nio-9090-exec-9] INFO   - Fetch all resources method start 
2026-04-26 17:29:30 [http-nio-9090-exec-9] INFO   - Fetch all resource method end here 
2026-04-26 17:29:35 [http-nio-9090-exec-1] INFO   - Fetch all resources method start 
2026-04-26 17:29:35 [http-nio-9090-exec-1] INFO   - Fetch all resource method end here 
2026-04-26 17:29:35 [http-nio-9090-exec-2] INFO   - Fetch all resources method start 
2026-04-26 17:29:35 [http-nio-9090-exec-2] INFO   - Fetch all resource method end here 
2026-04-26 17:31:10 [http-nio-9090-exec-5] INFO   - Fetch all resources method start 
2026-04-26 17:31:10 [http-nio-9090-exec-5] INFO   - Fetch all resource method end here 
2026-04-26 17:31:10 [http-nio-9090-exec-6] INFO   - Fetch all resources method start 
2026-04-26 17:31:10 [http-nio-9090-exec-6] INFO   - Fetch all resource method end here 
2026-04-26 17:31:45 [http-nio-9090-exec-9] INFO   - Fetch all resources method start 
2026-04-26 17:31:45 [http-nio-9090-exec-9] INFO   - Fetch all resource method end here 
2026-04-26 17:31:45 [http-nio-9090-exec-8] INFO   - Fetch all resources method start 
2026-04-26 17:31:45 [http-nio-9090-exec-8] INFO   - Fetch all resource method end here 
2026-04-26 17:35:14 [http-nio-9090-exec-7] INFO   - Fetch all resources method start 
2026-04-26 17:35:14 [http-nio-9090-exec-7] INFO   - Fetch all resource method end here 
2026-04-26 17:35:14 [http-nio-9090-exec-5] INFO   - Fetch all resources method start 
2026-04-26 17:35:14 [http-nio-9090-exec-5] INFO   - Fetch all resource method end here 
2026-04-26 17:35:46 [http-nio-9090-exec-9] INFO   - Fetch all resources method start 
2026-04-26 17:35:46 [http-nio-9090-exec-9] INFO   - Fetch all resource method end here 
2026-04-26 17:35:46 [http-nio-9090-exec-8] INFO   - Fetch all resources method start 
2026-04-26 17:35:46 [http-nio-9090-exec-8] INFO   - Fetch all resource method end here 
2026-04-26 17:35:56 [http-nio-9090-exec-3] INFO   - Fetch all resources method start 
2026-04-26 17:35:56 [http-nio-9090-exec-3] INFO   - Fetch all resource method end here 
2026-04-26 17:35:56 [http-nio-9090-exec-7] INFO   - Fetch all resources method start 
2026-04-26 17:35:56 [http-nio-9090-exec-7] INFO   - Fetch all resource method end here 
2026-04-26 17:41:16 [http-nio-9090-exec-8] INFO   - Fetch all resources method start 
2026-04-26 17:41:16 [http-nio-9090-exec-8] INFO   - Fetch all resource method end here 
2026-04-26 17:41:16 [http-nio-9090-exec-10] INFO   - Fetch all resources method start 
2026-04-26 17:41:16 [http-nio-9090-exec-10] INFO   - Fetch all resource method end here 
2026-04-26 17:45:40 [http-nio-9090-exec-7] INFO   - Fetch all resources method start 
2026-04-26 17:45:40 [http-nio-9090-exec-7] INFO   - Fetch all resource method end here 
2026-04-26 17:45:40 [http-nio-9090-exec-5] INFO   - Fetch all resources method start 
2026-04-26 17:45:40 [http-nio-9090-exec-5] INFO   - Fetch all resource method end here 
2026-04-26 17:45:53 [http-nio-9090-exec-2] INFO   - Fetch all resources method start 
2026-04-26 17:45:53 [http-nio-9090-exec-2] INFO   - Fetch all resource method end here 
2026-04-26 17:45:53 [http-nio-9090-exec-3] INFO   - Fetch all resources method start 
2026-04-26 17:45:53 [http-nio-9090-exec-3] INFO   - Fetch all resource method end here 
2026-04-26 18:10:17 [SpringApplicationShutdownHook] INFO  o.s.boot.tomcat.GracefulShutdown - Commencing graceful shutdown. Waiting for active requests to complete
2026-04-26 18:10:17 [tomcat-shutdown] INFO  o.s.boot.tomcat.GracefulShutdown - Graceful shutdown complete
2026-04-26 18:12:07 [main] INFO  com.design_pattern.MainApplication - Starting MainApplication using Java 24 with PID 18088 (C:\work-space\leetcode_150_interview_questions\design_pattern\target\classes started by ankit in C:\work-space\leetcode_150_interview_questions\design_pattern)
2026-04-26 18:12:07 [main] INFO  com.design_pattern.MainApplication - No active profile set, falling back to 1 default profile: "default"
2026-04-26 18:12:08 [main] INFO  o.s.d.r.c.RepositoryConfigurationDelegate - Bootstrapping Spring Data MongoDB repositories in DEFAULT mode.
2026-04-26 18:12:08 [main] INFO  o.s.d.r.c.RepositoryConfigurationDelegate - Finished Spring Data repository scanning in 50 ms. Found 2 MongoDB repository interfaces.
2026-04-26 18:12:08 [main] INFO  o.s.boot.tomcat.TomcatWebServer - Tomcat initialized with port 9090 (http)
2026-04-26 18:12:08 [main] INFO  o.a.catalina.core.StandardService - Starting service [Tomcat]
2026-04-26 18:12:08 [main] INFO  o.a.catalina.core.StandardEngine - Starting Servlet engine: [Apache Tomcat/11.0.20]
2026-04-26 18:12:08 [main] INFO  o.s.b.w.c.s.WebApplicationContextInitializer - Root WebApplicationContext: initialization completed in 1203 ms
2026-04-26 18:12:08 [main] INFO  org.mongodb.driver.client - MongoClient with metadata {"driver": {"name": "mongo-java-driver|sync", "version": "5.6.4"}, "os": {"type": "Windows", "name": "Windows 11", "architecture": "amd64", "version": "10.0"}, "platform": "Java/Oracle Corporation/24+36-3646"} created with settings MongoClientSettings{readPreference=primary, writeConcern=WriteConcern{w=null, wTimeout=null ms, journal=null}, retryWrites=true, retryReads=true, readConcern=ReadConcern{level=null}, credential=null, transportSettings=null, commandListeners=[], codecRegistry=ProvidersCodecRegistry{codecProviders=[ValueCodecProvider{}, BsonValueCodecProvider{}, DBRefCodecProvider{}, DBObjectCodecProvider{}, DocumentCodecProvider{}, CollectionCodecProvider{}, IterableCodecProvider{}, MapCodecProvider{}, GeoJsonCodecProvider{}, GridFSFileCodecProvider{}, Jsr310CodecProvider{}, JsonObjectCodecProvider{}, BsonCodecProvider{}, com.mongodb.client.model.mql.ExpressionCodecProvider@261de205, com.mongodb.Jep395RecordCodecProvider@7f3fc42f, com.mongodb.KotlinCodecProvider@25a1a012, EnumCodecProvider{}]}, loggerSettings=LoggerSettings{maxDocumentLength=1000}, clusterSettings={hosts=[localhost:27017], srvServiceName=mongodb, mode=SINGLE, requiredClusterType=UNKNOWN, requiredReplicaSetName='null', serverSelector='null', clusterListeners='[]', serverSelectionTimeout='30000 ms', localThreshold='15 ms'}, socketSettings=SocketSettings{connectTimeoutMS=10000, readTimeoutMS=0, receiveBufferSize=0, proxySettings=ProxySettings{host=null, port=null, username=null, password=null}}, heartbeatSocketSettings=SocketSettings{connectTimeoutMS=10000, readTimeoutMS=10000, receiveBufferSize=0, proxySettings=ProxySettings{host=null, port=null, username=null, password=null}}, connectionPoolSettings=ConnectionPoolSettings{maxSize=100, minSize=0, maxWaitTimeMS=120000, maxConnectionLifeTimeMS=0, maxConnectionIdleTimeMS=0, maintenanceInitialDelayMS=0, maintenanceFrequencyMS=60000, connectionPoolListeners=[], maxConnecting=2}, serverSettings=ServerSettings{heartbeatFrequencyMS=10000, minHeartbeatFrequencyMS=500, serverMonitoringMode=AUTO, serverListeners='[]', serverMonitorListeners='[]'}, sslSettings=SslSettings{enabled=false, invalidHostNameAllowed=false, context=null}, applicationName='null', compressorList=[], uuidRepresentation=UNSPECIFIED, serverApi=null, autoEncryptionSettings=null, dnsClient=null, inetAddressResolver=null, contextProvider=null, timeoutMS=null}
2026-04-26 18:12:08 [cluster-ClusterId{value='69ee0820de0569c8de0b5f34', description='null'}-localhost:27017] INFO  org.mongodb.driver.cluster - Monitor thread successfully connected to server with description ServerDescription{address=localhost:27017, type=STANDALONE, cryptd=false, state=CONNECTED, ok=true, minWireVersion=0, maxWireVersion=27, maxDocumentSize=16777216, logicalSessionTimeoutMinutes=30, roundTripTimeNanos=20188400, minRoundTripTimeNanos=0}
2026-04-26 18:12:09 [main] INFO  o.s.boot.tomcat.TomcatWebServer - Tomcat started on port 9090 (http) with context path '/'
2026-04-26 18:12:09 [main] INFO  com.design_pattern.MainApplication - Started MainApplication in 2.603 seconds (process running for 3.048)
2026-04-26 18:12:29 [http-nio-9090-exec-1] INFO  o.a.c.c.C.[Tomcat].[localhost].[/] - Initializing Spring DispatcherServlet 'dispatcherServlet'
2026-04-26 18:12:29 [http-nio-9090-exec-1] INFO  o.s.web.servlet.DispatcherServlet - Initializing Servlet 'dispatcherServlet'
2026-04-26 18:12:29 [http-nio-9090-exec-1] INFO  o.s.web.servlet.DispatcherServlet - Completed initialization in 0 ms
2026-04-26 18:12:45 [SpringApplicationShutdownHook] INFO  o.s.boot.tomcat.GracefulShutdown - Commencing graceful shutdown. Waiting for active requests to complete
2026-04-26 18:12:45 [tomcat-shutdown] INFO  o.s.boot.tomcat.GracefulShutdown - Graceful shutdown complete
2026-04-26 18:13:39 [main] INFO  com.design_pattern.MainApplication - Starting MainApplication using Java 24 with PID 27956 (C:\work-space\leetcode_150_interview_questions\design_pattern\target\classes started by ankit in C:\work-space\leetcode_150_interview_questions\design_pattern)
2026-04-26 18:13:39 [main] INFO  com.design_pattern.MainApplication - No active profile set, falling back to 1 default profile: "default"
2026-04-26 18:13:39 [main] INFO  o.s.d.r.c.RepositoryConfigurationDelegate - Bootstrapping Spring Data MongoDB repositories in DEFAULT mode.
2026-04-26 18:13:39 [main] INFO  o.s.d.r.c.RepositoryConfigurationDelegate - Finished Spring Data repository scanning in 49 ms. Found 2 MongoDB repository interfaces.
2026-04-26 18:13:40 [main] INFO  o.s.boot.tomcat.TomcatWebServer - Tomcat initialized with port 9090 (http)
2026-04-26 18:13:40 [main] INFO  o.a.catalina.core.StandardService - Starting service [Tomcat]
2026-04-26 18:13:40 [main] INFO  o.a.catalina.core.StandardEngine - Starting Servlet engine: [Apache Tomcat/11.0.20]
2026-04-26 18:13:40 [main] INFO  o.s.b.w.c.s.WebApplicationContextInitializer - Root WebApplicationContext: initialization completed in 989 ms
2026-04-26 18:13:40 [main] INFO  org.mongodb.driver.client - MongoClient with metadata {"driver": {"name": "mongo-java-driver|sync", "version": "5.6.4"}, "os": {"type": "Windows", "name": "Windows 11", "architecture": "amd64", "version": "10.0"}, "platform": "Java/Oracle Corporation/24+36-3646"} created with settings MongoClientSettings{readPreference=primary, writeConcern=WriteConcern{w=null, wTimeout=null ms, journal=null}, retryWrites=true, retryReads=true, readConcern=ReadConcern{level=null}, credential=null, transportSettings=null, commandListeners=[], codecRegistry=ProvidersCodecRegistry{codecProviders=[ValueCodecProvider{}, BsonValueCodecProvider{}, DBRefCodecProvider{}, DBObjectCodecProvider{}, DocumentCodecProvider{}, CollectionCodecProvider{}, IterableCodecProvider{}, MapCodecProvider{}, GeoJsonCodecProvider{}, GridFSFileCodecProvider{}, Jsr310CodecProvider{}, JsonObjectCodecProvider{}, BsonCodecProvider{}, com.mongodb.client.model.mql.ExpressionCodecProvider@678a9516, com.mongodb.Jep395RecordCodecProvider@5bf9ea6b, com.mongodb.KotlinCodecProvider@b950f82, EnumCodecProvider{}]}, loggerSettings=LoggerSettings{maxDocumentLength=1000}, clusterSettings={hosts=[localhost:27017], srvServiceName=mongodb, mode=SINGLE, requiredClusterType=UNKNOWN, requiredReplicaSetName='null', serverSelector='null', clusterListeners='[]', serverSelectionTimeout='30000 ms', localThreshold='15 ms'}, socketSettings=SocketSettings{connectTimeoutMS=10000, readTimeoutMS=0, receiveBufferSize=0, proxySettings=ProxySettings{host=null, port=null, username=null, password=null}}, heartbeatSocketSettings=SocketSettings{connectTimeoutMS=10000, readTimeoutMS=10000, receiveBufferSize=0, proxySettings=ProxySettings{host=null, port=null, username=null, password=null}}, connectionPoolSettings=ConnectionPoolSettings{maxSize=100, minSize=0, maxWaitTimeMS=120000, maxConnectionLifeTimeMS=0, maxConnectionIdleTimeMS=0, maintenanceInitialDelayMS=0, maintenanceFrequencyMS=60000, connectionPoolListeners=[], maxConnecting=2}, serverSettings=ServerSettings{heartbeatFrequencyMS=10000, minHeartbeatFrequencyMS=500, serverMonitoringMode=AUTO, serverListeners='[]', serverMonitorListeners='[]'}, sslSettings=SslSettings{enabled=false, invalidHostNameAllowed=false, context=null}, applicationName='null', compressorList=[], uuidRepresentation=UNSPECIFIED, serverApi=null, autoEncryptionSettings=null, dnsClient=null, inetAddressResolver=null, contextProvider=null, timeoutMS=null}
2026-04-26 18:13:40 [cluster-ClusterId{value='69ee087cb9f2d4dc28572998', description='null'}-localhost:27017] INFO  org.mongodb.driver.cluster - Monitor thread successfully connected to server with description ServerDescription{address=localhost:27017, type=STANDALONE, cryptd=false, state=CONNECTED, ok=true, minWireVersion=0, maxWireVersion=27, maxDocumentSize=16777216, logicalSessionTimeoutMinutes=30, roundTripTimeNanos=17054600, minRoundTripTimeNanos=0}
2026-04-26 18:13:41 [main] INFO  o.s.boot.tomcat.TomcatWebServer - Tomcat started on port 9090 (http) with context path '/'
2026-04-26 18:13:41 [main] INFO  com.design_pattern.MainApplication - Started MainApplication in 2.25 seconds (process running for 2.656)
2026-04-26 18:13:43 [http-nio-9090-exec-6] INFO  o.a.c.c.C.[Tomcat].[localhost].[/] - Initializing Spring DispatcherServlet 'dispatcherServlet'
2026-04-26 18:13:43 [http-nio-9090-exec-6] INFO  o.s.web.servlet.DispatcherServlet - Initializing Servlet 'dispatcherServlet'
2026-04-26 18:13:43 [http-nio-9090-exec-6] INFO  o.s.web.servlet.DispatcherServlet - Completed initialization in 0 ms
2026-04-26 18:13:43 [http-nio-9090-exec-6] INFO   - Fetch all resources method start 
2026-04-26 18:13:43 [http-nio-9090-exec-6] INFO   - Fetch all resource method end here 
2026-04-26 18:13:43 [http-nio-9090-exec-4] INFO   - Fetch all resources method start 
2026-04-26 18:13:43 [http-nio-9090-exec-4] INFO   - Fetch all resource method end here 
2026-04-26 18:15:11 [http-nio-9090-exec-2] INFO   - Fetch all resources method start 
2026-04-26 18:15:11 [http-nio-9090-exec-2] INFO   - Fetch all resource method end here 
2026-04-26 18:15:11 [http-nio-9090-exec-7] INFO   - Fetch all resources method start 
2026-04-26 18:15:11 [http-nio-9090-exec-7] INFO   - Fetch all resource method end here 
2026-04-26 18:16:56 [SpringApplicationShutdownHook] INFO  o.s.boot.tomcat.GracefulShutdown - Commencing graceful shutdown. Waiting for active requests to complete
2026-04-26 18:16:56 [tomcat-shutdown] INFO  o.s.boot.tomcat.GracefulShutdown - Graceful shutdown complete
2026-04-26 18:18:59 [main] INFO  com.design_pattern.MainApplication - Starting MainApplication using Java 24 with PID 45816 (C:\work-space\leetcode_150_interview_questions\design_pattern\target\classes started by ankit in C:\work-space\leetcode_150_interview_questions\design_pattern)
2026-04-26 18:18:59 [main] INFO  com.design_pattern.MainApplication - No active profile set, falling back to 1 default profile: "default"
2026-04-26 18:18:59 [main] INFO  o.s.d.r.c.RepositoryConfigurationDelegate - Bootstrapping Spring Data MongoDB repositories in DEFAULT mode.
2026-04-26 18:18:59 [main] INFO  o.s.d.r.c.RepositoryConfigurationDelegate - Finished Spring Data repository scanning in 37 ms. Found 2 MongoDB repository interfaces.
2026-04-26 18:19:00 [main] INFO  o.s.boot.tomcat.TomcatWebServer - Tomcat initialized with port 9090 (http)
2026-04-26 18:19:00 [main] INFO  o.a.catalina.core.StandardService - Starting service [Tomcat]
2026-04-26 18:19:00 [main] INFO  o.a.catalina.core.StandardEngine - Starting Servlet engine: [Apache Tomcat/11.0.20]
2026-04-26 18:19:00 [main] INFO  o.s.b.w.c.s.WebApplicationContextInitializer - Root WebApplicationContext: initialization completed in 837 ms
2026-04-26 18:19:00 [main] INFO  org.mongodb.driver.client - MongoClient with metadata {"driver": {"name": "mongo-java-driver|sync", "version": "5.6.4"}, "os": {"type": "Windows", "name": "Windows 11", "architecture": "amd64", "version": "10.0"}, "platform": "Java/Oracle Corporation/24+36-3646"} created with settings MongoClientSettings{readPreference=primary, writeConcern=WriteConcern{w=null, wTimeout=null ms, journal=null}, retryWrites=true, retryReads=true, readConcern=ReadConcern{level=null}, credential=null, transportSettings=null, commandListeners=[], codecRegistry=ProvidersCodecRegistry{codecProviders=[ValueCodecProvider{}, BsonValueCodecProvider{}, DBRefCodecProvider{}, DBObjectCodecProvider{}, DocumentCodecProvider{}, CollectionCodecProvider{}, IterableCodecProvider{}, MapCodecProvider{}, GeoJsonCodecProvider{}, GridFSFileCodecProvider{}, Jsr310CodecProvider{}, JsonObjectCodecProvider{}, BsonCodecProvider{}, com.mongodb.client.model.mql.ExpressionCodecProvider@5bf9ea6b, com.mongodb.Jep395RecordCodecProvider@b950f82, com.mongodb.KotlinCodecProvider@5d352de0, EnumCodecProvider{}]}, loggerSettings=LoggerSettings{maxDocumentLength=1000}, clusterSettings={hosts=[localhost:27017], srvServiceName=mongodb, mode=SINGLE, requiredClusterType=UNKNOWN, requiredReplicaSetName='null', serverSelector='null', clusterListeners='[]', serverSelectionTimeout='30000 ms', localThreshold='15 ms'}, socketSettings=SocketSettings{connectTimeoutMS=10000, readTimeoutMS=0, receiveBufferSize=0, proxySettings=ProxySettings{host=null, port=null, username=null, password=null}}, heartbeatSocketSettings=SocketSettings{connectTimeoutMS=10000, readTimeoutMS=10000, receiveBufferSize=0, proxySettings=ProxySettings{host=null, port=null, username=null, password=null}}, connectionPoolSettings=ConnectionPoolSettings{maxSize=100, minSize=0, maxWaitTimeMS=120000, maxConnectionLifeTimeMS=0, maxConnectionIdleTimeMS=0, maintenanceInitialDelayMS=0, maintenanceFrequencyMS=60000, connectionPoolListeners=[], maxConnecting=2}, serverSettings=ServerSettings{heartbeatFrequencyMS=10000, minHeartbeatFrequencyMS=500, serverMonitoringMode=AUTO, serverListeners='[]', serverMonitorListeners='[]'}, sslSettings=SslSettings{enabled=false, invalidHostNameAllowed=false, context=null}, applicationName='null', compressorList=[], uuidRepresentation=UNSPECIFIED, serverApi=null, autoEncryptionSettings=null, dnsClient=null, inetAddressResolver=null, contextProvider=null, timeoutMS=null}
2026-04-26 18:19:00 [cluster-ClusterId{value='69ee09bc25249954ed325331', description='null'}-localhost:27017] INFO  org.mongodb.driver.cluster - Monitor thread successfully connected to server with description ServerDescription{address=localhost:27017, type=STANDALONE, cryptd=false, state=CONNECTED, ok=true, minWireVersion=0, maxWireVersion=27, maxDocumentSize=16777216, logicalSessionTimeoutMinutes=30, roundTripTimeNanos=14536500, minRoundTripTimeNanos=0}
2026-04-26 18:19:00 [main] INFO  o.s.boot.tomcat.TomcatWebServer - Tomcat started on port 9090 (http) with context path '/'
2026-04-26 18:19:00 [main] INFO  com.design_pattern.MainApplication - Started MainApplication in 1.967 seconds (process running for 2.32)
2026-04-26 18:19:16 [http-nio-9090-exec-1] INFO  o.a.c.c.C.[Tomcat].[localhost].[/] - Initializing Spring DispatcherServlet 'dispatcherServlet'
2026-04-26 18:19:16 [http-nio-9090-exec-1] INFO  o.s.web.servlet.DispatcherServlet - Initializing Servlet 'dispatcherServlet'
2026-04-26 18:19:16 [http-nio-9090-exec-1] INFO  o.s.web.servlet.DispatcherServlet - Completed initialization in 2 ms
2026-04-26 18:20:55 [SpringApplicationShutdownHook] INFO  o.s.boot.tomcat.GracefulShutdown - Commencing graceful shutdown. Waiting for active requests to complete
2026-04-26 18:20:55 [tomcat-shutdown] INFO  o.s.boot.tomcat.GracefulShutdown - Graceful shutdown complete
2026-04-26 18:20:57 [main] INFO  com.design_pattern.MainApplication - Starting MainApplication using Java 24 with PID 35324 (C:\work-space\leetcode_150_interview_questions\design_pattern\target\classes started by ankit in C:\work-space\leetcode_150_interview_questions\design_pattern)
2026-04-26 18:20:57 [main] INFO  com.design_pattern.MainApplication - No active profile set, falling back to 1 default profile: "default"
2026-04-26 18:20:58 [main] INFO  o.s.d.r.c.RepositoryConfigurationDelegate - Bootstrapping Spring Data MongoDB repositories in DEFAULT mode.
2026-04-26 18:20:58 [main] INFO  o.s.d.r.c.RepositoryConfigurationDelegate - Finished Spring Data repository scanning in 38 ms. Found 2 MongoDB repository interfaces.
2026-04-26 18:20:58 [main] INFO  o.s.boot.tomcat.TomcatWebServer - Tomcat initialized with port 9090 (http)
2026-04-26 18:20:58 [main] INFO  o.a.catalina.core.StandardService - Starting service [Tomcat]
2026-04-26 18:20:58 [main] INFO  o.a.catalina.core.StandardEngine - Starting Servlet engine: [Apache Tomcat/11.0.20]
2026-04-26 18:20:59 [main] INFO  o.s.b.w.c.s.WebApplicationContextInitializer - Root WebApplicationContext: initialization completed in 1033 ms
2026-04-26 18:20:59 [main] INFO  org.mongodb.driver.client - MongoClient with metadata {"driver": {"name": "mongo-java-driver|sync", "version": "5.6.4"}, "os": {"type": "Windows", "name": "Windows 11", "architecture": "amd64", "version": "10.0"}, "platform": "Java/Oracle Corporation/24+36-3646"} created with settings MongoClientSettings{readPreference=primary, writeConcern=WriteConcern{w=null, wTimeout=null ms, journal=null}, retryWrites=true, retryReads=true, readConcern=ReadConcern{level=null}, credential=null, transportSettings=null, commandListeners=[], codecRegistry=ProvidersCodecRegistry{codecProviders=[ValueCodecProvider{}, BsonValueCodecProvider{}, DBRefCodecProvider{}, DBObjectCodecProvider{}, DocumentCodecProvider{}, CollectionCodecProvider{}, IterableCodecProvider{}, MapCodecProvider{}, GeoJsonCodecProvider{}, GridFSFileCodecProvider{}, Jsr310CodecProvider{}, JsonObjectCodecProvider{}, BsonCodecProvider{}, com.mongodb.client.model.mql.ExpressionCodecProvider@678a9516, com.mongodb.Jep395RecordCodecProvider@5bf9ea6b, com.mongodb.KotlinCodecProvider@b950f82, EnumCodecProvider{}]}, loggerSettings=LoggerSettings{maxDocumentLength=1000}, clusterSettings={hosts=[localhost:27017], srvServiceName=mongodb, mode=SINGLE, requiredClusterType=UNKNOWN, requiredReplicaSetName='null', serverSelector='null', clusterListeners='[]', serverSelectionTimeout='30000 ms', localThreshold='15 ms'}, socketSettings=SocketSettings{connectTimeoutMS=10000, readTimeoutMS=0, receiveBufferSize=0, proxySettings=ProxySettings{host=null, port=null, username=null, password=null}}, heartbeatSocketSettings=SocketSettings{connectTimeoutMS=10000, readTimeoutMS=10000, receiveBufferSize=0, proxySettings=ProxySettings{host=null, port=null, username=null, password=null}}, connectionPoolSettings=ConnectionPoolSettings{maxSize=100, minSize=0, maxWaitTimeMS=120000, maxConnectionLifeTimeMS=0, maxConnectionIdleTimeMS=0, maintenanceInitialDelayMS=0, maintenanceFrequencyMS=60000, connectionPoolListeners=[], maxConnecting=2}, serverSettings=ServerSettings{heartbeatFrequencyMS=10000, minHeartbeatFrequencyMS=500, serverMonitoringMode=AUTO, serverListeners='[]', serverMonitorListeners='[]'}, sslSettings=SslSettings{enabled=false, invalidHostNameAllowed=false, context=null}, applicationName='null', compressorList=[], uuidRepresentation=UNSPECIFIED, serverApi=null, autoEncryptionSettings=null, dnsClient=null, inetAddressResolver=null, contextProvider=null, timeoutMS=null}
2026-04-26 18:20:59 [cluster-ClusterId{value='69ee0a3374eb989779a6bcff', description='null'}-localhost:27017] INFO  org.mongodb.driver.cluster - Monitor thread successfully connected to server with description ServerDescription{address=localhost:27017, type=STANDALONE, cryptd=false, state=CONNECTED, ok=true, minWireVersion=0, maxWireVersion=27, maxDocumentSize=16777216, logicalSessionTimeoutMinutes=30, roundTripTimeNanos=16610000, minRoundTripTimeNanos=0}
2026-04-26 18:20:59 [main] INFO  o.s.boot.tomcat.TomcatWebServer - Tomcat started on port 9090 (http) with context path '/'
2026-04-26 18:20:59 [main] INFO  com.design_pattern.MainApplication - Started MainApplication in 2.241 seconds (process running for 2.679)
2026-04-26 18:21:04 [http-nio-9090-exec-1] INFO  o.a.c.c.C.[Tomcat].[localhost].[/] - Initializing Spring DispatcherServlet 'dispatcherServlet'
2026-04-26 18:21:04 [http-nio-9090-exec-1] INFO  o.s.web.servlet.DispatcherServlet - Initializing Servlet 'dispatcherServlet'
2026-04-26 18:21:04 [http-nio-9090-exec-1] INFO  o.s.web.servlet.DispatcherServlet - Completed initialization in 2 ms
2026-04-26 18:21:04 [http-nio-9090-exec-1] INFO   - Fetch all resources method start 
2026-04-26 18:21:05 [http-nio-9090-exec-1] INFO   - Fetch all resource method end here 
2026-04-26 18:21:05 [http-nio-9090-exec-2] INFO   - Fetch all resources method start 
2026-04-26 18:21:05 [http-nio-9090-exec-2] INFO   - Fetch all resource method end here 
2026-04-26 18:22:02 [http-nio-9090-exec-3] INFO   - Fetch all resources method start 
2026-04-26 18:22:02 [http-nio-9090-exec-3] INFO   - Fetch all resource method end here 
2026-04-26 18:22:02 [http-nio-9090-exec-4] INFO   - Fetch all resources method start 
2026-04-26 18:22:02 [http-nio-9090-exec-4] INFO   - Fetch all resource method end here 
2026-04-26 18:22:12 [http-nio-9090-exec-5] INFO   - Fetch all resources method start 
2026-04-26 18:22:12 [http-nio-9090-exec-5] INFO   - Fetch all resource method end here 
2026-04-26 18:22:12 [http-nio-9090-exec-6] INFO   - Fetch all resources method start 
2026-04-26 18:22:12 [http-nio-9090-exec-6] INFO   - Fetch all resource method end here 
2026-04-26 18:25:31 [SpringApplicationShutdownHook] INFO  o.s.boot.tomcat.GracefulShutdown - Commencing graceful shutdown. Waiting for active requests to complete
2026-04-26 18:25:31 [tomcat-shutdown] INFO  o.s.boot.tomcat.GracefulShutdown - Graceful shutdown complete
2026-04-26 18:25:34 [main] INFO  com.design_pattern.MainApplication - Starting MainApplication using Java 24 with PID 10752 (C:\work-space\leetcode_150_interview_questions\design_pattern\target\classes started by ankit in C:\work-space\leetcode_150_interview_questions\design_pattern)
2026-04-26 18:25:34 [main] INFO  com.design_pattern.MainApplication - No active profile set, falling back to 1 default profile: "default"
2026-04-26 18:25:35 [main] INFO  o.s.d.r.c.RepositoryConfigurationDelegate - Bootstrapping Spring Data MongoDB repositories in DEFAULT mode.
2026-04-26 18:25:35 [main] INFO  o.s.d.r.c.RepositoryConfigurationDelegate - Finished Spring Data repository scanning in 44 ms. Found 2 MongoDB repository interfaces.
2026-04-26 18:25:35 [main] INFO  o.s.boot.tomcat.TomcatWebServer - Tomcat initialized with port 9090 (http)
2026-04-26 18:25:35 [main] INFO  o.a.catalina.core.StandardService - Starting service [Tomcat]
2026-04-26 18:25:35 [main] INFO  o.a.catalina.core.StandardEngine - Starting Servlet engine: [Apache Tomcat/11.0.20]
2026-04-26 18:25:35 [main] INFO  o.s.b.w.c.s.WebApplicationContextInitializer - Root WebApplicationContext: initialization completed in 863 ms
2026-04-26 18:25:35 [main] INFO  org.mongodb.driver.client - MongoClient with metadata {"driver": {"name": "mongo-java-driver|sync", "version": "5.6.4"}, "os": {"type": "Windows", "name": "Windows 11", "architecture": "amd64", "version": "10.0"}, "platform": "Java/Oracle Corporation/24+36-3646"} created with settings MongoClientSettings{readPreference=primary, writeConcern=WriteConcern{w=null, wTimeout=null ms, journal=null}, retryWrites=true, retryReads=true, readConcern=ReadConcern{level=null}, credential=null, transportSettings=null, commandListeners=[], codecRegistry=ProvidersCodecRegistry{codecProviders=[ValueCodecProvider{}, BsonValueCodecProvider{}, DBRefCodecProvider{}, DBObjectCodecProvider{}, DocumentCodecProvider{}, CollectionCodecProvider{}, IterableCodecProvider{}, MapCodecProvider{}, GeoJsonCodecProvider{}, GridFSFileCodecProvider{}, Jsr310CodecProvider{}, JsonObjectCodecProvider{}, BsonCodecProvider{}, com.mongodb.client.model.mql.ExpressionCodecProvider@383cb5ce, com.mongodb.Jep395RecordCodecProvider@798deee8, com.mongodb.KotlinCodecProvider@96897c8, EnumCodecProvider{}]}, loggerSettings=LoggerSettings{maxDocumentLength=1000}, clusterSettings={hosts=[localhost:27017], srvServiceName=mongodb, mode=SINGLE, requiredClusterType=UNKNOWN, requiredReplicaSetName='null', serverSelector='null', clusterListeners='[]', serverSelectionTimeout='30000 ms', localThreshold='15 ms'}, socketSettings=SocketSettings{connectTimeoutMS=10000, readTimeoutMS=0, receiveBufferSize=0, proxySettings=ProxySettings{host=null, port=null, username=null, password=null}}, heartbeatSocketSettings=SocketSettings{connectTimeoutMS=10000, readTimeoutMS=10000, receiveBufferSize=0, proxySettings=ProxySettings{host=null, port=null, username=null, password=null}}, connectionPoolSettings=ConnectionPoolSettings{maxSize=100, minSize=0, maxWaitTimeMS=120000, maxConnectionLifeTimeMS=0, maxConnectionIdleTimeMS=0, maintenanceInitialDelayMS=0, maintenanceFrequencyMS=60000, connectionPoolListeners=[], maxConnecting=2}, serverSettings=ServerSettings{heartbeatFrequencyMS=10000, minHeartbeatFrequencyMS=500, serverMonitoringMode=AUTO, serverListeners='[]', serverMonitorListeners='[]'}, sslSettings=SslSettings{enabled=false, invalidHostNameAllowed=false, context=null}, applicationName='null', compressorList=[], uuidRepresentation=UNSPECIFIED, serverApi=null, autoEncryptionSettings=null, dnsClient=null, inetAddressResolver=null, contextProvider=null, timeoutMS=null}
2026-04-26 18:25:35 [cluster-ClusterId{value='69ee0b4708c40cca52f3ad43', description='null'}-localhost:27017] INFO  org.mongodb.driver.cluster - Monitor thread successfully connected to server with description ServerDescription{address=localhost:27017, type=STANDALONE, cryptd=false, state=CONNECTED, ok=true, minWireVersion=0, maxWireVersion=27, maxDocumentSize=16777216, logicalSessionTimeoutMinutes=30, roundTripTimeNanos=14232500, minRoundTripTimeNanos=0}
2026-04-26 18:25:36 [main] INFO  o.s.boot.tomcat.TomcatWebServer - Tomcat started on port 9090 (http) with context path '/'
2026-04-26 18:25:36 [main] INFO  com.design_pattern.MainApplication - Started MainApplication in 1.959 seconds (process running for 2.325)
2026-04-26 18:26:28 [http-nio-9090-exec-1] INFO  o.a.c.c.C.[Tomcat].[localhost].[/] - Initializing Spring DispatcherServlet 'dispatcherServlet'
2026-04-26 18:26:28 [http-nio-9090-exec-1] INFO  o.s.web.servlet.DispatcherServlet - Initializing Servlet 'dispatcherServlet'
2026-04-26 18:26:28 [http-nio-9090-exec-1] INFO  o.s.web.servlet.DispatcherServlet - Completed initialization in 2 ms
2026-04-26 18:26:39 [http-nio-9090-exec-2] ERROR c.d.e.GlobalExceptionHandler - Unexpected exception occurred
org.springframework.data.mongodb.UncategorizedMongoDbException: Command execution failed on MongoDB server with error 40228 (Location40228): 'Executor error during aggregate command on namespace: test.category :: caused by :: 'newRoot' expression  must evaluate to an object, but resulting value was: MISSING. Type of resulting value: 'missing'. Input document: {_id: 69ecfc4d77c4f55eb718f706}' on server localhost:27017. The full response is {"ok": 0.0, "errmsg": "Executor error during aggregate command on namespace: test.category :: caused by :: 'newRoot' expression  must evaluate to an object, but resulting value was: MISSING. Type of resulting value: 'missing'. Input document: {_id: 69ecfc4d77c4f55eb718f706}", "code": 40228, "codeName": "Location40228"}
	at org.springframework.data.mongodb.core.MongoExceptionTranslator.doTranslateException(MongoExceptionTranslator.java:150)
	at org.springframework.data.mongodb.core.MongoExceptionTranslator.translateExceptionIfPossible(MongoExceptionTranslator.java:72)
	at org.springframework.data.mongodb.core.MongoTemplate.potentiallyConvertRuntimeException(MongoTemplate.java:3170)
	at org.springframework.data.mongodb.core.MongoTemplate.execute(MongoTemplate.java:628)
	at org.springframework.data.mongodb.core.MongoTemplate.doAggregate(MongoTemplate.java:2305)
	at org.springframework.data.mongodb.core.MongoTemplate.doAggregate(MongoTemplate.java:2257)
	at org.springframework.data.mongodb.core.MongoTemplate.aggregate(MongoTemplate.java:2102)
	at com.design_pattern.service.ApiServiceImpl.updateComponent(ApiServiceImpl.java:167)
	at com.design_pattern.controller.ApiController.updateComponent(ApiController.java:70)
	at java.base/jdk.internal.reflect.DirectMethodHandleAccessor.invoke(DirectMethodHandleAccessor.java:104)
	at java.base/java.lang.reflect.Method.invoke(Method.java:565)
	at org.springframework.web.method.support.InvocableHandlerMethod.doInvoke(InvocableHandlerMethod.java:252)
	at org.springframework.web.method.support.InvocableHandlerMethod.invokeForRequest(InvocableHandlerMethod.java:184)
	at org.springframework.web.servlet.mvc.method.annotation.ServletInvocableHandlerMethod.invokeAndHandle(ServletInvocableHandlerMethod.java:117)
	at org.springframework.web.servlet.mvc.method.annotation.RequestMappingHandlerAdapter.invokeHandlerMethod(RequestMappingHandlerAdapter.java:934)
	at org.springframework.web.servlet.mvc.method.annotation.RequestMappingHandlerAdapter.handleInternal(RequestMappingHandlerAdapter.java:853)
	at org.springframework.web.servlet.mvc.method.AbstractHandlerMethodAdapter.handle(AbstractHandlerMethodAdapter.java:86)
	at org.springframework.web.servlet.DispatcherServlet.doDispatch(DispatcherServlet.java:963)
	at org.springframework.web.servlet.DispatcherServlet.doService(DispatcherServlet.java:866)
	at org.springframework.web.servlet.FrameworkServlet.processRequest(FrameworkServlet.java:1000)
	at org.springframework.web.servlet.FrameworkServlet.doPut(FrameworkServlet.java:914)
	at jakarta.servlet.http.HttpServlet.service(HttpServlet.java:650)
	at org.springframework.web.servlet.FrameworkServlet.service(FrameworkServlet.java:874)
	at jakarta.servlet.http.HttpServlet.service(HttpServlet.java:710)
	at org.apache.catalina.core.ApplicationFilterChain.doFilter(ApplicationFilterChain.java:128)
	at org.apache.tomcat.websocket.server.WsFilter.doFilter(WsFilter.java:53)
	at org.apache.catalina.core.ApplicationFilterChain.doFilter(ApplicationFilterChain.java:107)
	at org.springframework.web.filter.RequestContextFilter.doFilterInternal(RequestContextFilter.java:100)
	at org.springframework.web.filter.OncePerRequestFilter.doFilter(OncePerRequestFilter.java:116)
	at org.apache.catalina.core.ApplicationFilterChain.doFilter(ApplicationFilterChain.java:107)
	at org.springframework.web.filter.FormContentFilter.doFilterInternal(FormContentFilter.java:93)
	at org.springframework.web.filter.OncePerRequestFilter.doFilter(OncePerRequestFilter.java:116)
	at org.apache.catalina.core.ApplicationFilterChain.doFilter(ApplicationFilterChain.java:107)
	at org.springframework.web.filter.CharacterEncodingFilter.doFilterInternal(CharacterEncodingFilter.java:199)
	at org.springframework.web.filter.OncePerRequestFilter.doFilter(OncePerRequestFilter.java:116)
	at org.apache.catalina.core.ApplicationFilterChain.doFilter(ApplicationFilterChain.java:107)
	at org.apache.catalina.core.StandardWrapperValve.invoke(StandardWrapperValve.java:165)
	at org.apache.catalina.core.StandardContextValve.invoke(StandardContextValve.java:77)
	at org.apache.catalina.authenticator.AuthenticatorBase.invoke(AuthenticatorBase.java:492)
	at org.apache.catalina.core.StandardHostValve.invoke(StandardHostValve.java:113)
	at org.apache.catalina.valves.ErrorReportValve.invoke(ErrorReportValve.java:83)
	at org.apache.catalina.core.StandardEngineValve.invoke(StandardEngineValve.java:72)
	at org.apache.catalina.connector.CoyoteAdapter.service(CoyoteAdapter.java:341)
	at org.apache.coyote.http11.Http11Processor.service(Http11Processor.java:397)
	at org.apache.coyote.AbstractProcessorLight.process(AbstractProcessorLight.java:63)
	at org.apache.coyote.AbstractProtocol$ConnectionHandler.process(AbstractProtocol.java:903)
	at org.apache.tomcat.util.net.NioEndpoint$SocketProcessor.doRun(NioEndpoint.java:1779)
	at org.apache.tomcat.util.net.SocketProcessorBase.run(SocketProcessorBase.java:52)
	at org.apache.tomcat.util.threads.ThreadPoolExecutor.runWorker(ThreadPoolExecutor.java:946)
	at org.apache.tomcat.util.threads.ThreadPoolExecutor$Worker.run(ThreadPoolExecutor.java:480)
	at org.apache.tomcat.util.threads.TaskThread$WrappingRunnable.run(TaskThread.java:57)
	at java.base/java.lang.Thread.run(Thread.java:1447)
Caused by: com.mongodb.MongoCommandException: Command execution failed on MongoDB server with error 40228 (Location40228): 'Executor error during aggregate command on namespace: test.category :: caused by :: 'newRoot' expression  must evaluate to an object, but resulting value was: MISSING. Type of resulting value: 'missing'. Input document: {_id: 69ecfc4d77c4f55eb718f706}' on server localhost:27017. The full response is {"ok": 0.0, "errmsg": "Executor error during aggregate command on namespace: test.category :: caused by :: 'newRoot' expression  must evaluate to an object, but resulting value was: MISSING. Type of resulting value: 'missing'. Input document: {_id: 69ecfc4d77c4f55eb718f706}", "code": 40228, "codeName": "Location40228"}
	at com.mongodb.internal.connection.ProtocolHelper.getCommandFailureException(ProtocolHelper.java:210)
	at com.mongodb.internal.connection.InternalStreamConnection.receiveCommandMessageResponse(InternalStreamConnection.java:520)
	at com.mongodb.internal.connection.InternalStreamConnection.sendAndReceiveInternal(InternalStreamConnection.java:448)
	at com.mongodb.internal.connection.InternalStreamConnection.lambda$sendAndReceive$0(InternalStreamConnection.java:375)
	at com.mongodb.internal.connection.InternalStreamConnection.sendAndReceive(InternalStreamConnection.java:378)
	at com.mongodb.internal.connection.UsageTrackingInternalConnection.sendAndReceive(UsageTrackingInternalConnection.java:111)
	at com.mongodb.internal.connection.DefaultConnectionPool$PooledConnection.sendAndReceive(DefaultConnectionPool.java:757)
	at com.mongodb.internal.connection.CommandProtocolImpl.execute(CommandProtocolImpl.java:60)
	at com.mongodb.internal.connection.DefaultServer$DefaultServerProtocolExecutor.execute(DefaultServer.java:207)
	at com.mongodb.internal.connection.DefaultServerConnection.executeProtocol(DefaultServerConnection.java:112)
	at com.mongodb.internal.connection.DefaultServerConnection.command(DefaultServerConnection.java:82)
	at com.mongodb.internal.connection.DefaultServerConnection.command(DefaultServerConnection.java:74)
	at com.mongodb.internal.connection.DefaultServer$OperationCountTrackingConnection.command(DefaultServer.java:297)
	at com.mongodb.internal.operation.SyncOperationHelper.createReadCommandAndExecute(SyncOperationHelper.java:298)
	at com.mongodb.internal.operation.SyncOperationHelper.lambda$executeRetryableRead$3(SyncOperationHelper.java:197)
	at com.mongodb.internal.operation.SyncOperationHelper.lambda$withSourceAndConnection$0(SyncOperationHelper.java:131)
	at com.mongodb.internal.operation.SyncOperationHelper.withSuppliedResource(SyncOperationHelper.java:156)
	at com.mongodb.internal.operation.SyncOperationHelper.lambda$withSourceAndConnection$1(SyncOperationHelper.java:130)
	at com.mongodb.internal.operation.SyncOperationHelper.withSuppliedResource(SyncOperationHelper.java:156)
	at com.mongodb.internal.operation.SyncOperationHelper.withSourceAndConnection(SyncOperationHelper.java:129)
	at com.mongodb.internal.operation.SyncOperationHelper.lambda$executeRetryableRead$4(SyncOperationHelper.java:195)
	at com.mongodb.internal.operation.SyncOperationHelper.lambda$decorateReadWithRetries$13(SyncOperationHelper.java:317)
	at com.mongodb.internal.async.function.RetryingSyncSupplier.get(RetryingSyncSupplier.java:67)
	at com.mongodb.internal.operation.SyncOperationHelper.executeRetryableRead(SyncOperationHelper.java:201)
	at com.mongodb.internal.operation.SyncOperationHelper.executeRetryableRead(SyncOperationHelper.java:180)
	at com.mongodb.internal.operation.AggregateOperationImpl.execute(AggregateOperationImpl.java:196)
	at com.mongodb.internal.operation.AggregateOperation.execute(AggregateOperation.java:145)
	at com.mongodb.internal.operation.AggregateOperation.execute(AggregateOperation.java:44)
	at com.mongodb.client.internal.MongoClusterImpl$OperationExecutorImpl.execute(MongoClusterImpl.java:426)
	at com.mongodb.client.internal.MongoIterableImpl.execute(MongoIterableImpl.java:156)
	at com.mongodb.client.internal.MongoIterableImpl.iterator(MongoIterableImpl.java:116)
	at com.mongodb.client.internal.MongoIterableImpl.forEach(MongoIterableImpl.java:142)
	at com.mongodb.client.internal.MappingIterable.forEach(MappingIterable.java:62)
	at com.mongodb.client.internal.MappingIterable.into(MappingIterable.java:67)
	at org.springframework.data.mongodb.core.MongoTemplate.lambda$doAggregate$0(MongoTemplate.java:2354)
	at org.springframework.data.mongodb.core.MongoTemplate.execute(MongoTemplate.java:626)
	... 48 common frames omitted
2026-04-26 18:29:22 [SpringApplicationShutdownHook] INFO  o.s.boot.tomcat.GracefulShutdown - Commencing graceful shutdown. Waiting for active requests to complete
2026-04-26 18:29:22 [tomcat-shutdown] INFO  o.s.boot.tomcat.GracefulShutdown - Graceful shutdown complete
2026-04-26 18:29:25 [main] INFO  com.design_pattern.MainApplication - Starting MainApplication using Java 24 with PID 52976 (C:\work-space\leetcode_150_interview_questions\design_pattern\target\classes started by ankit in C:\work-space\leetcode_150_interview_questions\design_pattern)
2026-04-26 18:29:25 [main] INFO  com.design_pattern.MainApplication - No active profile set, falling back to 1 default profile: "default"
2026-04-26 18:29:26 [main] INFO  o.s.d.r.c.RepositoryConfigurationDelegate - Bootstrapping Spring Data MongoDB repositories in DEFAULT mode.
2026-04-26 18:29:26 [main] INFO  o.s.d.r.c.RepositoryConfigurationDelegate - Finished Spring Data repository scanning in 38 ms. Found 2 MongoDB repository interfaces.
2026-04-26 18:29:26 [main] INFO  o.s.boot.tomcat.TomcatWebServer - Tomcat initialized with port 9090 (http)
2026-04-26 18:29:26 [main] INFO  o.a.catalina.core.StandardService - Starting service [Tomcat]
2026-04-26 18:29:26 [main] INFO  o.a.catalina.core.StandardEngine - Starting Servlet engine: [Apache Tomcat/11.0.20]
2026-04-26 18:29:26 [main] INFO  o.s.b.w.c.s.WebApplicationContextInitializer - Root WebApplicationContext: initialization completed in 946 ms
2026-04-26 18:29:26 [main] INFO  org.mongodb.driver.client - MongoClient with metadata {"driver": {"name": "mongo-java-driver|sync", "version": "5.6.4"}, "os": {"type": "Windows", "name": "Windows 11", "architecture": "amd64", "version": "10.0"}, "platform": "Java/Oracle Corporation/24+36-3646"} created with settings MongoClientSettings{readPreference=primary, writeConcern=WriteConcern{w=null, wTimeout=null ms, journal=null}, retryWrites=true, retryReads=true, readConcern=ReadConcern{level=null}, credential=null, transportSettings=null, commandListeners=[], codecRegistry=ProvidersCodecRegistry{codecProviders=[ValueCodecProvider{}, BsonValueCodecProvider{}, DBRefCodecProvider{}, DBObjectCodecProvider{}, DocumentCodecProvider{}, CollectionCodecProvider{}, IterableCodecProvider{}, MapCodecProvider{}, GeoJsonCodecProvider{}, GridFSFileCodecProvider{}, Jsr310CodecProvider{}, JsonObjectCodecProvider{}, BsonCodecProvider{}, com.mongodb.client.model.mql.ExpressionCodecProvider@4b97b3d2, com.mongodb.Jep395RecordCodecProvider@383cb5ce, com.mongodb.KotlinCodecProvider@798deee8, EnumCodecProvider{}]}, loggerSettings=LoggerSettings{maxDocumentLength=1000}, clusterSettings={hosts=[localhost:27017], srvServiceName=mongodb, mode=SINGLE, requiredClusterType=UNKNOWN, requiredReplicaSetName='null', serverSelector='null', clusterListeners='[]', serverSelectionTimeout='30000 ms', localThreshold='15 ms'}, socketSettings=SocketSettings{connectTimeoutMS=10000, readTimeoutMS=0, receiveBufferSize=0, proxySettings=ProxySettings{host=null, port=null, username=null, password=null}}, heartbeatSocketSettings=SocketSettings{connectTimeoutMS=10000, readTimeoutMS=10000, receiveBufferSize=0, proxySettings=ProxySettings{host=null, port=null, username=null, password=null}}, connectionPoolSettings=ConnectionPoolSettings{maxSize=100, minSize=0, maxWaitTimeMS=120000, maxConnectionLifeTimeMS=0, maxConnectionIdleTimeMS=0, maintenanceInitialDelayMS=0, maintenanceFrequencyMS=60000, connectionPoolListeners=[], maxConnecting=2}, serverSettings=ServerSettings{heartbeatFrequencyMS=10000, minHeartbeatFrequencyMS=500, serverMonitoringMode=AUTO, serverListeners='[]', serverMonitorListeners='[]'}, sslSettings=SslSettings{enabled=false, invalidHostNameAllowed=false, context=null}, applicationName='null', compressorList=[], uuidRepresentation=UNSPECIFIED, serverApi=null, autoEncryptionSettings=null, dnsClient=null, inetAddressResolver=null, contextProvider=null, timeoutMS=null}
2026-04-26 18:29:26 [cluster-ClusterId{value='69ee0c2e7d91a15525150bdd', description='null'}-localhost:27017] INFO  org.mongodb.driver.cluster - Monitor thread successfully connected to server with description ServerDescription{address=localhost:27017, type=STANDALONE, cryptd=false, state=CONNECTED, ok=true, minWireVersion=0, maxWireVersion=27, maxDocumentSize=16777216, logicalSessionTimeoutMinutes=30, roundTripTimeNanos=17656700, minRoundTripTimeNanos=0}
2026-04-26 18:29:27 [main] INFO  o.s.boot.tomcat.TomcatWebServer - Tomcat started on port 9090 (http) with context path '/'
2026-04-26 18:29:27 [main] INFO  com.design_pattern.MainApplication - Started MainApplication in 2.124 seconds (process running for 2.57)
2026-04-26 18:29:49 [http-nio-9090-exec-2] INFO  o.a.c.c.C.[Tomcat].[localhost].[/] - Initializing Spring DispatcherServlet 'dispatcherServlet'
2026-04-26 18:29:49 [http-nio-9090-exec-2] INFO  o.s.web.servlet.DispatcherServlet - Initializing Servlet 'dispatcherServlet'
2026-04-26 18:29:49 [http-nio-9090-exec-2] INFO  o.s.web.servlet.DispatcherServlet - Completed initialization in 6 ms
2026-04-26 18:29:49 [http-nio-9090-exec-2] ERROR c.d.e.GlobalExceptionHandler - Unexpected exception occurred
java.lang.IllegalArgumentException: state should be: hexString has 24 characters
	at org.bson.assertions.Assertions.isTrueArgument(Assertions.java:64)
	at org.bson.types.ObjectId.parseHexString(ObjectId.java:384)
	at org.bson.types.ObjectId.<init>(ObjectId.java:193)
	at com.design_pattern.service.ApiServiceImpl.updateComponent(ApiServiceImpl.java:129)
	at com.design_pattern.controller.ApiController.updateComponent(ApiController.java:70)
	at java.base/jdk.internal.reflect.DirectMethodHandleAccessor.invoke(DirectMethodHandleAccessor.java:104)
	at java.base/java.lang.reflect.Method.invoke(Method.java:565)
	at org.springframework.web.method.support.InvocableHandlerMethod.doInvoke(InvocableHandlerMethod.java:252)
	at org.springframework.web.method.support.InvocableHandlerMethod.invokeForRequest(InvocableHandlerMethod.java:184)
	at org.springframework.web.servlet.mvc.method.annotation.ServletInvocableHandlerMethod.invokeAndHandle(ServletInvocableHandlerMethod.java:117)
	at org.springframework.web.servlet.mvc.method.annotation.RequestMappingHandlerAdapter.invokeHandlerMethod(RequestMappingHandlerAdapter.java:934)
	at org.springframework.web.servlet.mvc.method.annotation.RequestMappingHandlerAdapter.handleInternal(RequestMappingHandlerAdapter.java:853)
	at org.springframework.web.servlet.mvc.method.AbstractHandlerMethodAdapter.handle(AbstractHandlerMethodAdapter.java:86)
	at org.springframework.web.servlet.DispatcherServlet.doDispatch(DispatcherServlet.java:963)
	at org.springframework.web.servlet.DispatcherServlet.doService(DispatcherServlet.java:866)
	at org.springframework.web.servlet.FrameworkServlet.processRequest(FrameworkServlet.java:1000)
	at org.springframework.web.servlet.FrameworkServlet.doPut(FrameworkServlet.java:914)
	at jakarta.servlet.http.HttpServlet.service(HttpServlet.java:650)
	at org.springframework.web.servlet.FrameworkServlet.service(FrameworkServlet.java:874)
	at jakarta.servlet.http.HttpServlet.service(HttpServlet.java:710)
	at org.apache.catalina.core.ApplicationFilterChain.doFilter(ApplicationFilterChain.java:128)
	at org.apache.tomcat.websocket.server.WsFilter.doFilter(WsFilter.java:53)
	at org.apache.catalina.core.ApplicationFilterChain.doFilter(ApplicationFilterChain.java:107)
	at org.springframework.web.filter.RequestContextFilter.doFilterInternal(RequestContextFilter.java:100)
	at org.springframework.web.filter.OncePerRequestFilter.doFilter(OncePerRequestFilter.java:116)
	at org.apache.catalina.core.ApplicationFilterChain.doFilter(ApplicationFilterChain.java:107)
	at org.springframework.web.filter.FormContentFilter.doFilterInternal(FormContentFilter.java:93)
	at org.springframework.web.filter.OncePerRequestFilter.doFilter(OncePerRequestFilter.java:116)
	at org.apache.catalina.core.ApplicationFilterChain.doFilter(ApplicationFilterChain.java:107)
	at org.springframework.web.filter.CharacterEncodingFilter.doFilterInternal(CharacterEncodingFilter.java:199)
	at org.springframework.web.filter.OncePerRequestFilter.doFilter(OncePerRequestFilter.java:116)
	at org.apache.catalina.core.ApplicationFilterChain.doFilter(ApplicationFilterChain.java:107)
	at org.apache.catalina.core.StandardWrapperValve.invoke(StandardWrapperValve.java:165)
	at org.apache.catalina.core.StandardContextValve.invoke(StandardContextValve.java:77)
	at org.apache.catalina.authenticator.AuthenticatorBase.invoke(AuthenticatorBase.java:492)
	at org.apache.catalina.core.StandardHostValve.invoke(StandardHostValve.java:113)
	at org.apache.catalina.valves.ErrorReportValve.invoke(ErrorReportValve.java:83)
	at org.apache.catalina.core.StandardEngineValve.invoke(StandardEngineValve.java:72)
	at org.apache.catalina.connector.CoyoteAdapter.service(CoyoteAdapter.java:341)
	at org.apache.coyote.http11.Http11Processor.service(Http11Processor.java:397)
	at org.apache.coyote.AbstractProcessorLight.process(AbstractProcessorLight.java:63)
	at org.apache.coyote.AbstractProtocol$ConnectionHandler.process(AbstractProtocol.java:903)
	at org.apache.tomcat.util.net.NioEndpoint$SocketProcessor.doRun(NioEndpoint.java:1779)
	at org.apache.tomcat.util.net.SocketProcessorBase.run(SocketProcessorBase.java:52)
	at org.apache.tomcat.util.threads.ThreadPoolExecutor.runWorker(ThreadPoolExecutor.java:946)
	at org.apache.tomcat.util.threads.ThreadPoolExecutor$Worker.run(ThreadPoolExecutor.java:480)
	at org.apache.tomcat.util.threads.TaskThread$WrappingRunnable.run(TaskThread.java:57)
	at java.base/java.lang.Thread.run(Thread.java:1447)
2026-04-26 18:30:14 [SpringApplicationShutdownHook] INFO  o.s.boot.tomcat.GracefulShutdown - Commencing graceful shutdown. Waiting for active requests to complete
2026-04-26 18:30:14 [tomcat-shutdown] INFO  o.s.boot.tomcat.GracefulShutdown - Graceful shutdown complete
2026-04-26 18:30:20 [main] INFO  com.design_pattern.MainApplication - Starting MainApplication using Java 24 with PID 38212 (C:\work-space\leetcode_150_interview_questions\design_pattern\target\classes started by ankit in C:\work-space\leetcode_150_interview_questions\design_pattern)
2026-04-26 18:30:20 [main] INFO  com.design_pattern.MainApplication - No active profile set, falling back to 1 default profile: "default"
2026-04-26 18:30:20 [main] INFO  o.s.d.r.c.RepositoryConfigurationDelegate - Bootstrapping Spring Data MongoDB repositories in DEFAULT mode.
2026-04-26 18:30:20 [main] INFO  o.s.d.r.c.RepositoryConfigurationDelegate - Finished Spring Data repository scanning in 45 ms. Found 2 MongoDB repository interfaces.
2026-04-26 18:30:21 [main] INFO  o.s.boot.tomcat.TomcatWebServer - Tomcat initialized with port 9090 (http)
2026-04-26 18:30:21 [main] INFO  o.a.catalina.core.StandardService - Starting service [Tomcat]
2026-04-26 18:30:21 [main] INFO  o.a.catalina.core.StandardEngine - Starting Servlet engine: [Apache Tomcat/11.0.20]
2026-04-26 18:30:21 [main] INFO  o.s.b.w.c.s.WebApplicationContextInitializer - Root WebApplicationContext: initialization completed in 1123 ms
2026-04-26 18:30:21 [main] INFO  org.mongodb.driver.client - MongoClient with metadata {"driver": {"name": "mongo-java-driver|sync", "version": "5.6.4"}, "os": {"type": "Windows", "name": "Windows 11", "architecture": "amd64", "version": "10.0"}, "platform": "Java/Oracle Corporation/24+36-3646"} created with settings MongoClientSettings{readPreference=primary, writeConcern=WriteConcern{w=null, wTimeout=null ms, journal=null}, retryWrites=true, retryReads=true, readConcern=ReadConcern{level=null}, credential=null, transportSettings=null, commandListeners=[], codecRegistry=ProvidersCodecRegistry{codecProviders=[ValueCodecProvider{}, BsonValueCodecProvider{}, DBRefCodecProvider{}, DBObjectCodecProvider{}, DocumentCodecProvider{}, CollectionCodecProvider{}, IterableCodecProvider{}, MapCodecProvider{}, GeoJsonCodecProvider{}, GridFSFileCodecProvider{}, Jsr310CodecProvider{}, JsonObjectCodecProvider{}, BsonCodecProvider{}, com.mongodb.client.model.mql.ExpressionCodecProvider@261de205, com.mongodb.Jep395RecordCodecProvider@7f3fc42f, com.mongodb.KotlinCodecProvider@25a1a012, EnumCodecProvider{}]}, loggerSettings=LoggerSettings{maxDocumentLength=1000}, clusterSettings={hosts=[localhost:27017], srvServiceName=mongodb, mode=SINGLE, requiredClusterType=UNKNOWN, requiredReplicaSetName='null', serverSelector='null', clusterListeners='[]', serverSelectionTimeout='30000 ms', localThreshold='15 ms'}, socketSettings=SocketSettings{connectTimeoutMS=10000, readTimeoutMS=0, receiveBufferSize=0, proxySettings=ProxySettings{host=null, port=null, username=null, password=null}}, heartbeatSocketSettings=SocketSettings{connectTimeoutMS=10000, readTimeoutMS=10000, receiveBufferSize=0, proxySettings=ProxySettings{host=null, port=null, username=null, password=null}}, connectionPoolSettings=ConnectionPoolSettings{maxSize=100, minSize=0, maxWaitTimeMS=120000, maxConnectionLifeTimeMS=0, maxConnectionIdleTimeMS=0, maintenanceInitialDelayMS=0, maintenanceFrequencyMS=60000, connectionPoolListeners=[], maxConnecting=2}, serverSettings=ServerSettings{heartbeatFrequencyMS=10000, minHeartbeatFrequencyMS=500, serverMonitoringMode=AUTO, serverListeners='[]', serverMonitorListeners='[]'}, sslSettings=SslSettings{enabled=false, invalidHostNameAllowed=false, context=null}, applicationName='null', compressorList=[], uuidRepresentation=UNSPECIFIED, serverApi=null, autoEncryptionSettings=null, dnsClient=null, inetAddressResolver=null, contextProvider=null, timeoutMS=null}
2026-04-26 18:30:21 [cluster-ClusterId{value='69ee0c65e5d62f27d8339e19', description='null'}-localhost:27017] INFO  org.mongodb.driver.cluster - Monitor thread successfully connected to server with description ServerDescription{address=localhost:27017, type=STANDALONE, cryptd=false, state=CONNECTED, ok=true, minWireVersion=0, maxWireVersion=27, maxDocumentSize=16777216, logicalSessionTimeoutMinutes=30, roundTripTimeNanos=20699100, minRoundTripTimeNanos=0}
2026-04-26 18:30:22 [main] INFO  o.s.boot.tomcat.TomcatWebServer - Tomcat started on port 9090 (http) with context path '/'
2026-04-26 18:30:22 [main] INFO  com.design_pattern.MainApplication - Started MainApplication in 2.443 seconds (process running for 2.983)
2026-04-26 18:30:31 [http-nio-9090-exec-2] INFO  o.a.c.c.C.[Tomcat].[localhost].[/] - Initializing Spring DispatcherServlet 'dispatcherServlet'
2026-04-26 18:30:31 [http-nio-9090-exec-2] INFO  o.s.web.servlet.DispatcherServlet - Initializing Servlet 'dispatcherServlet'
2026-04-26 18:30:31 [http-nio-9090-exec-2] INFO  o.s.web.servlet.DispatcherServlet - Completed initialization in 0 ms
2026-04-26 18:30:31 [http-nio-9090-exec-2] ERROR c.d.e.GlobalExceptionHandler - Unexpected exception occurred
org.springframework.web.servlet.resource.NoResourceFoundException: No static resource api/v1/resource/69ecfc4d77c4f55eb718f706/90b04fe2-b931-48ef-af1f-2d5c553c92a8 for request '/api/v1/resource/69ecfc4d77c4f55eb718f706/90b04fe2-b931-48ef-af1f-2d5c553c92a8'.
	at org.springframework.web.servlet.resource.ResourceHttpRequestHandler.handleRequest(ResourceHttpRequestHandler.java:527)
	at org.springframework.web.servlet.mvc.HttpRequestHandlerAdapter.handle(HttpRequestHandlerAdapter.java:50)
	at org.springframework.web.servlet.DispatcherServlet.doDispatch(DispatcherServlet.java:963)
	at org.springframework.web.servlet.DispatcherServlet.doService(DispatcherServlet.java:866)
	at org.springframework.web.servlet.FrameworkServlet.processRequest(FrameworkServlet.java:1000)
	at org.springframework.web.servlet.FrameworkServlet.doDelete(FrameworkServlet.java:925)
	at jakarta.servlet.http.HttpServlet.service(HttpServlet.java:651)
	at org.springframework.web.servlet.FrameworkServlet.service(FrameworkServlet.java:874)
	at jakarta.servlet.http.HttpServlet.service(HttpServlet.java:710)
	at org.apache.catalina.core.ApplicationFilterChain.doFilter(ApplicationFilterChain.java:128)
	at org.apache.tomcat.websocket.server.WsFilter.doFilter(WsFilter.java:53)
	at org.apache.catalina.core.ApplicationFilterChain.doFilter(ApplicationFilterChain.java:107)
	at org.springframework.web.filter.RequestContextFilter.doFilterInternal(RequestContextFilter.java:100)
	at org.springframework.web.filter.OncePerRequestFilter.doFilter(OncePerRequestFilter.java:116)
	at org.apache.catalina.core.ApplicationFilterChain.doFilter(ApplicationFilterChain.java:107)
	at org.springframework.web.filter.FormContentFilter.doFilterInternal(FormContentFilter.java:93)
	at org.springframework.web.filter.OncePerRequestFilter.doFilter(OncePerRequestFilter.java:116)
	at org.apache.catalina.core.ApplicationFilterChain.doFilter(ApplicationFilterChain.java:107)
	at org.springframework.web.filter.CharacterEncodingFilter.doFilterInternal(CharacterEncodingFilter.java:199)
	at org.springframework.web.filter.OncePerRequestFilter.doFilter(OncePerRequestFilter.java:116)
	at org.apache.catalina.core.ApplicationFilterChain.doFilter(ApplicationFilterChain.java:107)
	at org.apache.catalina.core.StandardWrapperValve.invoke(StandardWrapperValve.java:165)
	at org.apache.catalina.core.StandardContextValve.invoke(StandardContextValve.java:77)
	at org.apache.catalina.authenticator.AuthenticatorBase.invoke(AuthenticatorBase.java:492)
	at org.apache.catalina.core.StandardHostValve.invoke(StandardHostValve.java:113)
	at org.apache.catalina.valves.ErrorReportValve.invoke(ErrorReportValve.java:83)
	at org.apache.catalina.core.StandardEngineValve.invoke(StandardEngineValve.java:72)
	at org.apache.catalina.connector.CoyoteAdapter.service(CoyoteAdapter.java:341)
	at org.apache.coyote.http11.Http11Processor.service(Http11Processor.java:397)
	at org.apache.coyote.AbstractProcessorLight.process(AbstractProcessorLight.java:63)
	at org.apache.coyote.AbstractProtocol$ConnectionHandler.process(AbstractProtocol.java:903)
	at org.apache.tomcat.util.net.NioEndpoint$SocketProcessor.doRun(NioEndpoint.java:1779)
	at org.apache.tomcat.util.net.SocketProcessorBase.run(SocketProcessorBase.java:52)
	at org.apache.tomcat.util.threads.ThreadPoolExecutor.runWorker(ThreadPoolExecutor.java:946)
	at org.apache.tomcat.util.threads.ThreadPoolExecutor$Worker.run(ThreadPoolExecutor.java:480)
	at org.apache.tomcat.util.threads.TaskThread$WrappingRunnable.run(TaskThread.java:57)
	at java.base/java.lang.Thread.run(Thread.java:1447)
2026-04-26 18:30:44 [http-nio-9090-exec-4] INFO   - Resource not found exception has occurred: Component not found with ID: bb3e4c93-49e9-4214-9bd1-531486bb7201
2026-04-26 18:31:04 [http-nio-9090-exec-5] INFO   - Fetch all resources method start 
2026-04-26 18:31:04 [http-nio-9090-exec-5] INFO   - Fetch all resource method end here 
2026-04-26 18:31:04 [http-nio-9090-exec-3] INFO   - Fetch all resources method start 
2026-04-26 18:31:04 [http-nio-9090-exec-3] INFO   - Fetch all resource method end here 
2026-04-26 18:31:20 [http-nio-9090-exec-7] ERROR c.d.e.GlobalExceptionHandler - Unexpected exception occurred
org.springframework.data.mongodb.UncategorizedMongoDbException: Command execution failed on MongoDB server with error 40228 (Location40228): 'Executor error during aggregate command on namespace: test.category :: caused by :: 'newRoot' expression  must evaluate to an object, but resulting value was: MISSING. Type of resulting value: 'missing'. Input document: {_id: 69ecfc4d77c4f55eb718f706}' on server localhost:27017. The full response is {"ok": 0.0, "errmsg": "Executor error during aggregate command on namespace: test.category :: caused by :: 'newRoot' expression  must evaluate to an object, but resulting value was: MISSING. Type of resulting value: 'missing'. Input document: {_id: 69ecfc4d77c4f55eb718f706}", "code": 40228, "codeName": "Location40228"}
	at org.springframework.data.mongodb.core.MongoExceptionTranslator.doTranslateException(MongoExceptionTranslator.java:150)
	at org.springframework.data.mongodb.core.MongoExceptionTranslator.translateExceptionIfPossible(MongoExceptionTranslator.java:72)
	at org.springframework.data.mongodb.core.MongoTemplate.potentiallyConvertRuntimeException(MongoTemplate.java:3170)
	at org.springframework.data.mongodb.core.MongoTemplate.execute(MongoTemplate.java:628)
	at org.springframework.data.mongodb.core.MongoTemplate.doAggregate(MongoTemplate.java:2305)
	at org.springframework.data.mongodb.core.MongoTemplate.doAggregate(MongoTemplate.java:2257)
	at org.springframework.data.mongodb.core.MongoTemplate.aggregate(MongoTemplate.java:2102)
	at com.design_pattern.service.ApiServiceImpl.updateComponent(ApiServiceImpl.java:167)
	at com.design_pattern.controller.ApiController.updateComponent(ApiController.java:70)
	at java.base/jdk.internal.reflect.DirectMethodHandleAccessor.invoke(DirectMethodHandleAccessor.java:104)
	at java.base/java.lang.reflect.Method.invoke(Method.java:565)
	at org.springframework.web.method.support.InvocableHandlerMethod.doInvoke(InvocableHandlerMethod.java:252)
	at org.springframework.web.method.support.InvocableHandlerMethod.invokeForRequest(InvocableHandlerMethod.java:184)
	at org.springframework.web.servlet.mvc.method.annotation.ServletInvocableHandlerMethod.invokeAndHandle(ServletInvocableHandlerMethod.java:117)
	at org.springframework.web.servlet.mvc.method.annotation.RequestMappingHandlerAdapter.invokeHandlerMethod(RequestMappingHandlerAdapter.java:934)
	at org.springframework.web.servlet.mvc.method.annotation.RequestMappingHandlerAdapter.handleInternal(RequestMappingHandlerAdapter.java:853)
	at org.springframework.web.servlet.mvc.method.AbstractHandlerMethodAdapter.handle(AbstractHandlerMethodAdapter.java:86)
	at org.springframework.web.servlet.DispatcherServlet.doDispatch(DispatcherServlet.java:963)
	at org.springframework.web.servlet.DispatcherServlet.doService(DispatcherServlet.java:866)
	at org.springframework.web.servlet.FrameworkServlet.processRequest(FrameworkServlet.java:1000)
	at org.springframework.web.servlet.FrameworkServlet.doPut(FrameworkServlet.java:914)
	at jakarta.servlet.http.HttpServlet.service(HttpServlet.java:650)
	at org.springframework.web.servlet.FrameworkServlet.service(FrameworkServlet.java:874)
	at jakarta.servlet.http.HttpServlet.service(HttpServlet.java:710)
	at org.apache.catalina.core.ApplicationFilterChain.doFilter(ApplicationFilterChain.java:128)
	at org.apache.tomcat.websocket.server.WsFilter.doFilter(WsFilter.java:53)
	at org.apache.catalina.core.ApplicationFilterChain.doFilter(ApplicationFilterChain.java:107)
	at org.springframework.web.filter.RequestContextFilter.doFilterInternal(RequestContextFilter.java:100)
	at org.springframework.web.filter.OncePerRequestFilter.doFilter(OncePerRequestFilter.java:116)
	at org.apache.catalina.core.ApplicationFilterChain.doFilter(ApplicationFilterChain.java:107)
	at org.springframework.web.filter.FormContentFilter.doFilterInternal(FormContentFilter.java:93)
	at org.springframework.web.filter.OncePerRequestFilter.doFilter(OncePerRequestFilter.java:116)
	at org.apache.catalina.core.ApplicationFilterChain.doFilter(ApplicationFilterChain.java:107)
	at org.springframework.web.filter.CharacterEncodingFilter.doFilterInternal(CharacterEncodingFilter.java:199)
	at org.springframework.web.filter.OncePerRequestFilter.doFilter(OncePerRequestFilter.java:116)
	at org.apache.catalina.core.ApplicationFilterChain.doFilter(ApplicationFilterChain.java:107)
	at org.apache.catalina.core.StandardWrapperValve.invoke(StandardWrapperValve.java:165)
	at org.apache.catalina.core.StandardContextValve.invoke(StandardContextValve.java:77)
	at org.apache.catalina.authenticator.AuthenticatorBase.invoke(AuthenticatorBase.java:492)
	at org.apache.catalina.core.StandardHostValve.invoke(StandardHostValve.java:113)
	at org.apache.catalina.valves.ErrorReportValve.invoke(ErrorReportValve.java:83)
	at org.apache.catalina.core.StandardEngineValve.invoke(StandardEngineValve.java:72)
	at org.apache.catalina.connector.CoyoteAdapter.service(CoyoteAdapter.java:341)
	at org.apache.coyote.http11.Http11Processor.service(Http11Processor.java:397)
	at org.apache.coyote.AbstractProcessorLight.process(AbstractProcessorLight.java:63)
	at org.apache.coyote.AbstractProtocol$ConnectionHandler.process(AbstractProtocol.java:903)
	at org.apache.tomcat.util.net.NioEndpoint$SocketProcessor.doRun(NioEndpoint.java:1779)
	at org.apache.tomcat.util.net.SocketProcessorBase.run(SocketProcessorBase.java:52)
	at org.apache.tomcat.util.threads.ThreadPoolExecutor.runWorker(ThreadPoolExecutor.java:946)
	at org.apache.tomcat.util.threads.ThreadPoolExecutor$Worker.run(ThreadPoolExecutor.java:480)
	at org.apache.tomcat.util.threads.TaskThread$WrappingRunnable.run(TaskThread.java:57)
	at java.base/java.lang.Thread.run(Thread.java:1447)
Caused by: com.mongodb.MongoCommandException: Command execution failed on MongoDB server with error 40228 (Location40228): 'Executor error during aggregate command on namespace: test.category :: caused by :: 'newRoot' expression  must evaluate to an object, but resulting value was: MISSING. Type of resulting value: 'missing'. Input document: {_id: 69ecfc4d77c4f55eb718f706}' on server localhost:27017. The full response is {"ok": 0.0, "errmsg": "Executor error during aggregate command on namespace: test.category :: caused by :: 'newRoot' expression  must evaluate to an object, but resulting value was: MISSING. Type of resulting value: 'missing'. Input document: {_id: 69ecfc4d77c4f55eb718f706}", "code": 40228, "codeName": "Location40228"}
	at com.mongodb.internal.connection.ProtocolHelper.getCommandFailureException(ProtocolHelper.java:210)
	at com.mongodb.internal.connection.InternalStreamConnection.receiveCommandMessageResponse(InternalStreamConnection.java:520)
	at com.mongodb.internal.connection.InternalStreamConnection.sendAndReceiveInternal(InternalStreamConnection.java:448)
	at com.mongodb.internal.connection.InternalStreamConnection.lambda$sendAndReceive$0(InternalStreamConnection.java:375)
	at com.mongodb.internal.connection.InternalStreamConnection.sendAndReceive(InternalStreamConnection.java:378)
	at com.mongodb.internal.connection.UsageTrackingInternalConnection.sendAndReceive(UsageTrackingInternalConnection.java:111)
	at com.mongodb.internal.connection.DefaultConnectionPool$PooledConnection.sendAndReceive(DefaultConnectionPool.java:757)
	at com.mongodb.internal.connection.CommandProtocolImpl.execute(CommandProtocolImpl.java:60)
	at com.mongodb.internal.connection.DefaultServer$DefaultServerProtocolExecutor.execute(DefaultServer.java:207)
	at com.mongodb.internal.connection.DefaultServerConnection.executeProtocol(DefaultServerConnection.java:112)
	at com.mongodb.internal.connection.DefaultServerConnection.command(DefaultServerConnection.java:82)
	at com.mongodb.internal.connection.DefaultServerConnection.command(DefaultServerConnection.java:74)
	at com.mongodb.internal.connection.DefaultServer$OperationCountTrackingConnection.command(DefaultServer.java:297)
	at com.mongodb.internal.operation.SyncOperationHelper.createReadCommandAndExecute(SyncOperationHelper.java:298)
	at com.mongodb.internal.operation.SyncOperationHelper.lambda$executeRetryableRead$3(SyncOperationHelper.java:197)
	at com.mongodb.internal.operation.SyncOperationHelper.lambda$withSourceAndConnection$0(SyncOperationHelper.java:131)
	at com.mongodb.internal.operation.SyncOperationHelper.withSuppliedResource(SyncOperationHelper.java:156)
	at com.mongodb.internal.operation.SyncOperationHelper.lambda$withSourceAndConnection$1(SyncOperationHelper.java:130)
	at com.mongodb.internal.operation.SyncOperationHelper.withSuppliedResource(SyncOperationHelper.java:156)
	at com.mongodb.internal.operation.SyncOperationHelper.withSourceAndConnection(SyncOperationHelper.java:129)
	at com.mongodb.internal.operation.SyncOperationHelper.lambda$executeRetryableRead$4(SyncOperationHelper.java:195)
	at com.mongodb.internal.operation.SyncOperationHelper.lambda$decorateReadWithRetries$13(SyncOperationHelper.java:317)
	at com.mongodb.internal.async.function.RetryingSyncSupplier.get(RetryingSyncSupplier.java:67)
	at com.mongodb.internal.operation.SyncOperationHelper.executeRetryableRead(SyncOperationHelper.java:201)
	at com.mongodb.internal.operation.SyncOperationHelper.executeRetryableRead(SyncOperationHelper.java:180)
	at com.mongodb.internal.operation.AggregateOperationImpl.execute(AggregateOperationImpl.java:196)
	at com.mongodb.internal.operation.AggregateOperation.execute(AggregateOperation.java:145)
	at com.mongodb.internal.operation.AggregateOperation.execute(AggregateOperation.java:44)
	at com.mongodb.client.internal.MongoClusterImpl$OperationExecutorImpl.execute(MongoClusterImpl.java:426)
	at com.mongodb.client.internal.MongoIterableImpl.execute(MongoIterableImpl.java:156)
	at com.mongodb.client.internal.MongoIterableImpl.iterator(MongoIterableImpl.java:116)
	at com.mongodb.client.internal.MongoIterableImpl.forEach(MongoIterableImpl.java:142)
	at com.mongodb.client.internal.MappingIterable.forEach(MappingIterable.java:62)
	at com.mongodb.client.internal.MappingIterable.into(MappingIterable.java:67)
	at org.springframework.data.mongodb.core.MongoTemplate.lambda$doAggregate$0(MongoTemplate.java:2354)
	at org.springframework.data.mongodb.core.MongoTemplate.execute(MongoTemplate.java:626)
	... 48 common frames omitted
2026-04-26 18:31:36 [SpringApplicationShutdownHook] INFO  o.s.boot.tomcat.GracefulShutdown - Commencing graceful shutdown. Waiting for active requests to complete
2026-04-26 18:31:36 [tomcat-shutdown] INFO  o.s.boot.tomcat.GracefulShutdown - Graceful shutdown complete
2026-04-26 18:31:39 [main] INFO  com.design_pattern.MainApplication - Starting MainApplication using Java 24 with PID 41112 (C:\work-space\leetcode_150_interview_questions\design_pattern\target\classes started by ankit in C:\work-space\leetcode_150_interview_questions\design_pattern)
2026-04-26 18:31:39 [main] INFO  com.design_pattern.MainApplication - No active profile set, falling back to 1 default profile: "default"
2026-04-26 18:31:40 [main] INFO  o.s.d.r.c.RepositoryConfigurationDelegate - Bootstrapping Spring Data MongoDB repositories in DEFAULT mode.
2026-04-26 18:31:40 [main] INFO  o.s.d.r.c.RepositoryConfigurationDelegate - Finished Spring Data repository scanning in 41 ms. Found 2 MongoDB repository interfaces.
2026-04-26 18:31:40 [main] INFO  o.s.boot.tomcat.TomcatWebServer - Tomcat initialized with port 9090 (http)
2026-04-26 18:31:40 [main] INFO  o.a.catalina.core.StandardService - Starting service [Tomcat]
2026-04-26 18:31:40 [main] INFO  o.a.catalina.core.StandardEngine - Starting Servlet engine: [Apache Tomcat/11.0.20]
2026-04-26 18:31:40 [main] INFO  o.s.b.w.c.s.WebApplicationContextInitializer - Root WebApplicationContext: initialization completed in 1025 ms
2026-04-26 18:31:41 [main] INFO  org.mongodb.driver.client - MongoClient with metadata {"driver": {"name": "mongo-java-driver|sync", "version": "5.6.4"}, "os": {"type": "Windows", "name": "Windows 11", "architecture": "amd64", "version": "10.0"}, "platform": "Java/Oracle Corporation/24+36-3646"} created with settings MongoClientSettings{readPreference=primary, writeConcern=WriteConcern{w=null, wTimeout=null ms, journal=null}, retryWrites=true, retryReads=true, readConcern=ReadConcern{level=null}, credential=null, transportSettings=null, commandListeners=[], codecRegistry=ProvidersCodecRegistry{codecProviders=[ValueCodecProvider{}, BsonValueCodecProvider{}, DBRefCodecProvider{}, DBObjectCodecProvider{}, DocumentCodecProvider{}, CollectionCodecProvider{}, IterableCodecProvider{}, MapCodecProvider{}, GeoJsonCodecProvider{}, GridFSFileCodecProvider{}, Jsr310CodecProvider{}, JsonObjectCodecProvider{}, BsonCodecProvider{}, com.mongodb.client.model.mql.ExpressionCodecProvider@3b9ac754, com.mongodb.Jep395RecordCodecProvider@5e002356, com.mongodb.KotlinCodecProvider@4f820f42, EnumCodecProvider{}]}, loggerSettings=LoggerSettings{maxDocumentLength=1000}, clusterSettings={hosts=[localhost:27017], srvServiceName=mongodb, mode=SINGLE, requiredClusterType=UNKNOWN, requiredReplicaSetName='null', serverSelector='null', clusterListeners='[]', serverSelectionTimeout='30000 ms', localThreshold='15 ms'}, socketSettings=SocketSettings{connectTimeoutMS=10000, readTimeoutMS=0, receiveBufferSize=0, proxySettings=ProxySettings{host=null, port=null, username=null, password=null}}, heartbeatSocketSettings=SocketSettings{connectTimeoutMS=10000, readTimeoutMS=10000, receiveBufferSize=0, proxySettings=ProxySettings{host=null, port=null, username=null, password=null}}, connectionPoolSettings=ConnectionPoolSettings{maxSize=100, minSize=0, maxWaitTimeMS=120000, maxConnectionLifeTimeMS=0, maxConnectionIdleTimeMS=0, maintenanceInitialDelayMS=0, maintenanceFrequencyMS=60000, connectionPoolListeners=[], maxConnecting=2}, serverSettings=ServerSettings{heartbeatFrequencyMS=10000, minHeartbeatFrequencyMS=500, serverMonitoringMode=AUTO, serverListeners='[]', serverMonitorListeners='[]'}, sslSettings=SslSettings{enabled=false, invalidHostNameAllowed=false, context=null}, applicationName='null', compressorList=[], uuidRepresentation=UNSPECIFIED, serverApi=null, autoEncryptionSettings=null, dnsClient=null, inetAddressResolver=null, contextProvider=null, timeoutMS=null}
2026-04-26 18:31:41 [cluster-ClusterId{value='69ee0cb4baa8546b02391006', description='null'}-localhost:27017] INFO  org.mongodb.driver.cluster - Monitor thread successfully connected to server with description ServerDescription{address=localhost:27017, type=STANDALONE, cryptd=false, state=CONNECTED, ok=true, minWireVersion=0, maxWireVersion=27, maxDocumentSize=16777216, logicalSessionTimeoutMinutes=30, roundTripTimeNanos=17132500, minRoundTripTimeNanos=0}
2026-04-26 18:31:41 [main] INFO  o.s.boot.tomcat.TomcatWebServer - Tomcat started on port 9090 (http) with context path '/'
2026-04-26 18:31:41 [main] INFO  com.design_pattern.MainApplication - Started MainApplication in 2.403 seconds (process running for 2.829)
2026-04-26 18:31:43 [http-nio-9090-exec-1] INFO  o.a.c.c.C.[Tomcat].[localhost].[/] - Initializing Spring DispatcherServlet 'dispatcherServlet'
2026-04-26 18:31:43 [http-nio-9090-exec-1] INFO  o.s.web.servlet.DispatcherServlet - Initializing Servlet 'dispatcherServlet'
2026-04-26 18:31:43 [http-nio-9090-exec-1] INFO  o.s.web.servlet.DispatcherServlet - Completed initialization in 3 ms
2026-04-26 18:31:44 [http-nio-9090-exec-1] INFO   - Resource not found exception has occurred: Component not found with ID: e51247bb-8552-4904-b74c-5152ccf3e232
2026-04-26 18:31:45 [http-nio-9090-exec-2] INFO   - Resource not found exception has occurred: Component not found with ID: e51247bb-8552-4904-b74c-5152ccf3e232
2026-04-26 18:31:57 [http-nio-9090-exec-6] INFO   - Resource not found exception has occurred: Component not found with ID: e51247bb-8552-4904-b74c-5152ccf3e232
2026-04-26 18:32:07 [http-nio-9090-exec-4] INFO   - Fetch all resources method start 
2026-04-26 18:32:07 [http-nio-9090-exec-4] INFO   - Fetch all resource method end here 
2026-04-26 18:32:07 [http-nio-9090-exec-5] INFO   - Fetch all resources method start 
2026-04-26 18:32:07 [http-nio-9090-exec-5] INFO   - Fetch all resource method end here 
2026-04-26 18:35:10 [SpringApplicationShutdownHook] INFO  o.s.boot.tomcat.GracefulShutdown - Commencing graceful shutdown. Waiting for active requests to complete
2026-04-26 18:35:10 [tomcat-shutdown] INFO  o.s.boot.tomcat.GracefulShutdown - Graceful shutdown complete
2026-04-26 18:35:13 [main] INFO  com.design_pattern.MainApplication - Starting MainApplication using Java 24 with PID 6848 (C:\work-space\leetcode_150_interview_questions\design_pattern\target\classes started by ankit in C:\work-space\leetcode_150_interview_questions\design_pattern)
2026-04-26 18:35:13 [main] INFO  com.design_pattern.MainApplication - No active profile set, falling back to 1 default profile: "default"
2026-04-26 18:35:13 [main] INFO  o.s.d.r.c.RepositoryConfigurationDelegate - Bootstrapping Spring Data MongoDB repositories in DEFAULT mode.
2026-04-26 18:35:13 [main] INFO  o.s.d.r.c.RepositoryConfigurationDelegate - Finished Spring Data repository scanning in 38 ms. Found 2 MongoDB repository interfaces.
2026-04-26 18:35:13 [main] INFO  o.s.boot.tomcat.TomcatWebServer - Tomcat initialized with port 9090 (http)
2026-04-26 18:35:13 [main] INFO  o.a.catalina.core.StandardService - Starting service [Tomcat]
2026-04-26 18:35:13 [main] INFO  o.a.catalina.core.StandardEngine - Starting Servlet engine: [Apache Tomcat/11.0.20]
2026-04-26 18:35:13 [main] INFO  o.s.b.w.c.s.WebApplicationContextInitializer - Root WebApplicationContext: initialization completed in 861 ms
2026-04-26 18:35:14 [main] INFO  org.mongodb.driver.client - MongoClient with metadata {"driver": {"name": "mongo-java-driver|sync", "version": "5.6.4"}, "os": {"type": "Windows", "name": "Windows 11", "architecture": "amd64", "version": "10.0"}, "platform": "Java/Oracle Corporation/24+36-3646"} created with settings MongoClientSettings{readPreference=primary, writeConcern=WriteConcern{w=null, wTimeout=null ms, journal=null}, retryWrites=true, retryReads=true, readConcern=ReadConcern{level=null}, credential=null, transportSettings=null, commandListeners=[], codecRegistry=ProvidersCodecRegistry{codecProviders=[ValueCodecProvider{}, BsonValueCodecProvider{}, DBRefCodecProvider{}, DBObjectCodecProvider{}, DocumentCodecProvider{}, CollectionCodecProvider{}, IterableCodecProvider{}, MapCodecProvider{}, GeoJsonCodecProvider{}, GridFSFileCodecProvider{}, Jsr310CodecProvider{}, JsonObjectCodecProvider{}, BsonCodecProvider{}, com.mongodb.client.model.mql.ExpressionCodecProvider@678a9516, com.mongodb.Jep395RecordCodecProvider@5bf9ea6b, com.mongodb.KotlinCodecProvider@b950f82, EnumCodecProvider{}]}, loggerSettings=LoggerSettings{maxDocumentLength=1000}, clusterSettings={hosts=[localhost:27017], srvServiceName=mongodb, mode=SINGLE, requiredClusterType=UNKNOWN, requiredReplicaSetName='null', serverSelector='null', clusterListeners='[]', serverSelectionTimeout='30000 ms', localThreshold='15 ms'}, socketSettings=SocketSettings{connectTimeoutMS=10000, readTimeoutMS=0, receiveBufferSize=0, proxySettings=ProxySettings{host=null, port=null, username=null, password=null}}, heartbeatSocketSettings=SocketSettings{connectTimeoutMS=10000, readTimeoutMS=10000, receiveBufferSize=0, proxySettings=ProxySettings{host=null, port=null, username=null, password=null}}, connectionPoolSettings=ConnectionPoolSettings{maxSize=100, minSize=0, maxWaitTimeMS=120000, maxConnectionLifeTimeMS=0, maxConnectionIdleTimeMS=0, maintenanceInitialDelayMS=0, maintenanceFrequencyMS=60000, connectionPoolListeners=[], maxConnecting=2}, serverSettings=ServerSettings{heartbeatFrequencyMS=10000, minHeartbeatFrequencyMS=500, serverMonitoringMode=AUTO, serverListeners='[]', serverMonitorListeners='[]'}, sslSettings=SslSettings{enabled=false, invalidHostNameAllowed=false, context=null}, applicationName='null', compressorList=[], uuidRepresentation=UNSPECIFIED, serverApi=null, autoEncryptionSettings=null, dnsClient=null, inetAddressResolver=null, contextProvider=null, timeoutMS=null}
2026-04-26 18:35:14 [cluster-ClusterId{value='69ee0d8a51bbc89ac3f49911', description='null'}-localhost:27017] INFO  org.mongodb.driver.cluster - Monitor thread successfully connected to server with description ServerDescription{address=localhost:27017, type=STANDALONE, cryptd=false, state=CONNECTED, ok=true, minWireVersion=0, maxWireVersion=27, maxDocumentSize=16777216, logicalSessionTimeoutMinutes=30, roundTripTimeNanos=15479000, minRoundTripTimeNanos=0}
2026-04-26 18:35:14 [main] INFO  o.s.boot.tomcat.TomcatWebServer - Tomcat started on port 9090 (http) with context path '/'
2026-04-26 18:35:14 [main] INFO  com.design_pattern.MainApplication - Started MainApplication in 1.988 seconds (process running for 2.391)
2026-04-26 18:35:20 [http-nio-9090-exec-2] INFO  o.a.c.c.C.[Tomcat].[localhost].[/] - Initializing Spring DispatcherServlet 'dispatcherServlet'
2026-04-26 18:35:20 [http-nio-9090-exec-2] INFO  o.s.web.servlet.DispatcherServlet - Initializing Servlet 'dispatcherServlet'
2026-04-26 18:35:20 [http-nio-9090-exec-2] INFO  o.s.web.servlet.DispatcherServlet - Completed initialization in 3 ms
2026-04-26 18:35:20 [http-nio-9090-exec-2] ERROR c.d.e.GlobalExceptionHandler - Unexpected exception occurred
org.springframework.web.servlet.resource.NoResourceFoundException: No static resource api/v1/resource/69ecfc4d77c4f55eb718f706/90b04fe2-b931-48ef-af1f-2d5c553c92a8 for request '/api/v1/resource/69ecfc4d77c4f55eb718f706/90b04fe2-b931-48ef-af1f-2d5c553c92a8'.
	at org.springframework.web.servlet.resource.ResourceHttpRequestHandler.handleRequest(ResourceHttpRequestHandler.java:527)
	at org.springframework.web.servlet.mvc.HttpRequestHandlerAdapter.handle(HttpRequestHandlerAdapter.java:50)
	at org.springframework.web.servlet.DispatcherServlet.doDispatch(DispatcherServlet.java:963)
	at org.springframework.web.servlet.DispatcherServlet.doService(DispatcherServlet.java:866)
	at org.springframework.web.servlet.FrameworkServlet.processRequest(FrameworkServlet.java:1000)
	at org.springframework.web.servlet.FrameworkServlet.doDelete(FrameworkServlet.java:925)
	at jakarta.servlet.http.HttpServlet.service(HttpServlet.java:651)
	at org.springframework.web.servlet.FrameworkServlet.service(FrameworkServlet.java:874)
	at jakarta.servlet.http.HttpServlet.service(HttpServlet.java:710)
	at org.apache.catalina.core.ApplicationFilterChain.doFilter(ApplicationFilterChain.java:128)
	at org.apache.tomcat.websocket.server.WsFilter.doFilter(WsFilter.java:53)
	at org.apache.catalina.core.ApplicationFilterChain.doFilter(ApplicationFilterChain.java:107)
	at org.springframework.web.filter.RequestContextFilter.doFilterInternal(RequestContextFilter.java:100)
	at org.springframework.web.filter.OncePerRequestFilter.doFilter(OncePerRequestFilter.java:116)
	at org.apache.catalina.core.ApplicationFilterChain.doFilter(ApplicationFilterChain.java:107)
	at org.springframework.web.filter.FormContentFilter.doFilterInternal(FormContentFilter.java:93)
	at org.springframework.web.filter.OncePerRequestFilter.doFilter(OncePerRequestFilter.java:116)
	at org.apache.catalina.core.ApplicationFilterChain.doFilter(ApplicationFilterChain.java:107)
	at org.springframework.web.filter.CharacterEncodingFilter.doFilterInternal(CharacterEncodingFilter.java:199)
	at org.springframework.web.filter.OncePerRequestFilter.doFilter(OncePerRequestFilter.java:116)
	at org.apache.catalina.core.ApplicationFilterChain.doFilter(ApplicationFilterChain.java:107)
	at org.apache.catalina.core.StandardWrapperValve.invoke(StandardWrapperValve.java:165)
	at org.apache.catalina.core.StandardContextValve.invoke(StandardContextValve.java:77)
	at org.apache.catalina.authenticator.AuthenticatorBase.invoke(AuthenticatorBase.java:492)
	at org.apache.catalina.core.StandardHostValve.invoke(StandardHostValve.java:113)
	at org.apache.catalina.valves.ErrorReportValve.invoke(ErrorReportValve.java:83)
	at org.apache.catalina.core.StandardEngineValve.invoke(StandardEngineValve.java:72)
	at org.apache.catalina.connector.CoyoteAdapter.service(CoyoteAdapter.java:341)
	at org.apache.coyote.http11.Http11Processor.service(Http11Processor.java:397)
	at org.apache.coyote.AbstractProcessorLight.process(AbstractProcessorLight.java:63)
	at org.apache.coyote.AbstractProtocol$ConnectionHandler.process(AbstractProtocol.java:903)
	at org.apache.tomcat.util.net.NioEndpoint$SocketProcessor.doRun(NioEndpoint.java:1779)
	at org.apache.tomcat.util.net.SocketProcessorBase.run(SocketProcessorBase.java:52)
	at org.apache.tomcat.util.threads.ThreadPoolExecutor.runWorker(ThreadPoolExecutor.java:946)
	at org.apache.tomcat.util.threads.ThreadPoolExecutor$Worker.run(ThreadPoolExecutor.java:480)
	at org.apache.tomcat.util.threads.TaskThread$WrappingRunnable.run(TaskThread.java:57)
	at java.base/java.lang.Thread.run(Thread.java:1447)
2026-04-26 18:37:00 [SpringApplicationShutdownHook] INFO  o.s.boot.tomcat.GracefulShutdown - Commencing graceful shutdown. Waiting for active requests to complete
2026-04-26 18:37:00 [tomcat-shutdown] INFO  o.s.boot.tomcat.GracefulShutdown - Graceful shutdown complete
2026-04-26 18:38:44 [main] INFO  com.design_pattern.MainApplication - Starting MainApplication using Java 24 with PID 9832 (C:\work-space\leetcode_150_interview_questions\design_pattern\target\classes started by ankit in C:\work-space\leetcode_150_interview_questions\design_pattern)
2026-04-26 18:38:44 [main] INFO  com.design_pattern.MainApplication - No active profile set, falling back to 1 default profile: "default"
2026-04-26 18:38:45 [main] INFO  o.s.d.r.c.RepositoryConfigurationDelegate - Bootstrapping Spring Data MongoDB repositories in DEFAULT mode.
2026-04-26 18:38:45 [main] INFO  o.s.d.r.c.RepositoryConfigurationDelegate - Finished Spring Data repository scanning in 49 ms. Found 2 MongoDB repository interfaces.
2026-04-26 18:38:45 [main] INFO  o.s.boot.tomcat.TomcatWebServer - Tomcat initialized with port 9090 (http)
2026-04-26 18:38:45 [main] INFO  o.a.catalina.core.StandardService - Starting service [Tomcat]
2026-04-26 18:38:45 [main] INFO  o.a.catalina.core.StandardEngine - Starting Servlet engine: [Apache Tomcat/11.0.20]
2026-04-26 18:38:45 [main] INFO  o.s.b.w.c.s.WebApplicationContextInitializer - Root WebApplicationContext: initialization completed in 933 ms
2026-04-26 18:38:46 [main] INFO  org.mongodb.driver.client - MongoClient with metadata {"driver": {"name": "mongo-java-driver|sync", "version": "5.6.4"}, "os": {"type": "Windows", "name": "Windows 11", "architecture": "amd64", "version": "10.0"}, "platform": "Java/Oracle Corporation/24+36-3646"} created with settings MongoClientSettings{readPreference=primary, writeConcern=WriteConcern{w=null, wTimeout=null ms, journal=null}, retryWrites=true, retryReads=true, readConcern=ReadConcern{level=null}, credential=null, transportSettings=null, commandListeners=[], codecRegistry=ProvidersCodecRegistry{codecProviders=[ValueCodecProvider{}, BsonValueCodecProvider{}, DBRefCodecProvider{}, DBObjectCodecProvider{}, DocumentCodecProvider{}, CollectionCodecProvider{}, IterableCodecProvider{}, MapCodecProvider{}, GeoJsonCodecProvider{}, GridFSFileCodecProvider{}, Jsr310CodecProvider{}, JsonObjectCodecProvider{}, BsonCodecProvider{}, com.mongodb.client.model.mql.ExpressionCodecProvider@b950f82, com.mongodb.Jep395RecordCodecProvider@5d352de0, com.mongodb.KotlinCodecProvider@6e243175, EnumCodecProvider{}]}, loggerSettings=LoggerSettings{maxDocumentLength=1000}, clusterSettings={hosts=[localhost:27017], srvServiceName=mongodb, mode=SINGLE, requiredClusterType=UNKNOWN, requiredReplicaSetName='null', serverSelector='null', clusterListeners='[]', serverSelectionTimeout='30000 ms', localThreshold='15 ms'}, socketSettings=SocketSettings{connectTimeoutMS=10000, readTimeoutMS=0, receiveBufferSize=0, proxySettings=ProxySettings{host=null, port=null, username=null, password=null}}, heartbeatSocketSettings=SocketSettings{connectTimeoutMS=10000, readTimeoutMS=10000, receiveBufferSize=0, proxySettings=ProxySettings{host=null, port=null, username=null, password=null}}, connectionPoolSettings=ConnectionPoolSettings{maxSize=100, minSize=0, maxWaitTimeMS=120000, maxConnectionLifeTimeMS=0, maxConnectionIdleTimeMS=0, maintenanceInitialDelayMS=0, maintenanceFrequencyMS=60000, connectionPoolListeners=[], maxConnecting=2}, serverSettings=ServerSettings{heartbeatFrequencyMS=10000, minHeartbeatFrequencyMS=500, serverMonitoringMode=AUTO, serverListeners='[]', serverMonitorListeners='[]'}, sslSettings=SslSettings{enabled=false, invalidHostNameAllowed=false, context=null}, applicationName='null', compressorList=[], uuidRepresentation=UNSPECIFIED, serverApi=null, autoEncryptionSettings=null, dnsClient=null, inetAddressResolver=null, contextProvider=null, timeoutMS=null}
2026-04-26 18:38:46 [cluster-ClusterId{value='69ee0e5d9769bde01adeb8d5', description='null'}-localhost:27017] INFO  org.mongodb.driver.cluster - Monitor thread successfully connected to server with description ServerDescription{address=localhost:27017, type=STANDALONE, cryptd=false, state=CONNECTED, ok=true, minWireVersion=0, maxWireVersion=27, maxDocumentSize=16777216, logicalSessionTimeoutMinutes=30, roundTripTimeNanos=15880900, minRoundTripTimeNanos=0}
2026-04-26 18:38:46 [main] INFO  o.s.boot.tomcat.TomcatWebServer - Tomcat started on port 9090 (http) with context path '/'
2026-04-26 18:38:46 [main] INFO  com.design_pattern.MainApplication - Started MainApplication in 2.128 seconds (process running for 2.522)
2026-04-26 18:38:57 [http-nio-9090-exec-1] INFO  o.a.c.c.C.[Tomcat].[localhost].[/] - Initializing Spring DispatcherServlet 'dispatcherServlet'
2026-04-26 18:38:57 [http-nio-9090-exec-1] INFO  o.s.web.servlet.DispatcherServlet - Initializing Servlet 'dispatcherServlet'
2026-04-26 18:38:57 [http-nio-9090-exec-1] INFO  o.s.web.servlet.DispatcherServlet - Completed initialization in 6 ms
2026-04-26 18:38:58 [http-nio-9090-exec-6] ERROR c.d.e.GlobalExceptionHandler - Unexpected exception occurred
java.lang.IllegalArgumentException: state should be: hexString has 24 characters
	at org.bson.assertions.Assertions.isTrueArgument(Assertions.java:64)
	at org.bson.types.ObjectId.parseHexString(ObjectId.java:384)
	at org.bson.types.ObjectId.<init>(ObjectId.java:193)
	at com.design_pattern.service.ApiServiceImpl.updateComponent(ApiServiceImpl.java:159)
	at com.design_pattern.controller.ApiController.updateComponent(ApiController.java:70)
	at java.base/jdk.internal.reflect.DirectMethodHandleAccessor.invoke(DirectMethodHandleAccessor.java:104)
	at java.base/java.lang.reflect.Method.invoke(Method.java:565)
	at org.springframework.web.method.support.InvocableHandlerMethod.doInvoke(InvocableHandlerMethod.java:252)
	at org.springframework.web.method.support.InvocableHandlerMethod.invokeForRequest(InvocableHandlerMethod.java:184)
	at org.springframework.web.servlet.mvc.method.annotation.ServletInvocableHandlerMethod.invokeAndHandle(ServletInvocableHandlerMethod.java:117)
	at org.springframework.web.servlet.mvc.method.annotation.RequestMappingHandlerAdapter.invokeHandlerMethod(RequestMappingHandlerAdapter.java:934)
	at org.springframework.web.servlet.mvc.method.annotation.RequestMappingHandlerAdapter.handleInternal(RequestMappingHandlerAdapter.java:853)
	at org.springframework.web.servlet.mvc.method.AbstractHandlerMethodAdapter.handle(AbstractHandlerMethodAdapter.java:86)
	at org.springframework.web.servlet.DispatcherServlet.doDispatch(DispatcherServlet.java:963)
	at org.springframework.web.servlet.DispatcherServlet.doService(DispatcherServlet.java:866)
	at org.springframework.web.servlet.FrameworkServlet.processRequest(FrameworkServlet.java:1000)
	at org.springframework.web.servlet.FrameworkServlet.doPut(FrameworkServlet.java:914)
	at jakarta.servlet.http.HttpServlet.service(HttpServlet.java:650)
	at org.springframework.web.servlet.FrameworkServlet.service(FrameworkServlet.java:874)
	at jakarta.servlet.http.HttpServlet.service(HttpServlet.java:710)
	at org.apache.catalina.core.ApplicationFilterChain.doFilter(ApplicationFilterChain.java:128)
	at org.apache.tomcat.websocket.server.WsFilter.doFilter(WsFilter.java:53)
	at org.apache.catalina.core.ApplicationFilterChain.doFilter(ApplicationFilterChain.java:107)
	at org.springframework.web.filter.RequestContextFilter.doFilterInternal(RequestContextFilter.java:100)
	at org.springframework.web.filter.OncePerRequestFilter.doFilter(OncePerRequestFilter.java:116)
	at org.apache.catalina.core.ApplicationFilterChain.doFilter(ApplicationFilterChain.java:107)
	at org.springframework.web.filter.FormContentFilter.doFilterInternal(FormContentFilter.java:93)
	at org.springframework.web.filter.OncePerRequestFilter.doFilter(OncePerRequestFilter.java:116)
	at org.apache.catalina.core.ApplicationFilterChain.doFilter(ApplicationFilterChain.java:107)
	at org.springframework.web.filter.CharacterEncodingFilter.doFilterInternal(CharacterEncodingFilter.java:199)
	at org.springframework.web.filter.OncePerRequestFilter.doFilter(OncePerRequestFilter.java:116)
	at org.apache.catalina.core.ApplicationFilterChain.doFilter(ApplicationFilterChain.java:107)
	at org.apache.catalina.core.StandardWrapperValve.invoke(StandardWrapperValve.java:165)
	at org.apache.catalina.core.StandardContextValve.invoke(StandardContextValve.java:77)
	at org.apache.catalina.authenticator.AuthenticatorBase.invoke(AuthenticatorBase.java:492)
	at org.apache.catalina.core.StandardHostValve.invoke(StandardHostValve.java:113)
	at org.apache.catalina.valves.ErrorReportValve.invoke(ErrorReportValve.java:83)
	at org.apache.catalina.core.StandardEngineValve.invoke(StandardEngineValve.java:72)
	at org.apache.catalina.connector.CoyoteAdapter.service(CoyoteAdapter.java:341)
	at org.apache.coyote.http11.Http11Processor.service(Http11Processor.java:397)
	at org.apache.coyote.AbstractProcessorLight.process(AbstractProcessorLight.java:63)
	at org.apache.coyote.AbstractProtocol$ConnectionHandler.process(AbstractProtocol.java:903)
	at org.apache.tomcat.util.net.NioEndpoint$SocketProcessor.doRun(NioEndpoint.java:1779)
	at org.apache.tomcat.util.net.SocketProcessorBase.run(SocketProcessorBase.java:52)
	at org.apache.tomcat.util.threads.ThreadPoolExecutor.runWorker(ThreadPoolExecutor.java:946)
	at org.apache.tomcat.util.threads.ThreadPoolExecutor$Worker.run(ThreadPoolExecutor.java:480)
	at org.apache.tomcat.util.threads.TaskThread$WrappingRunnable.run(TaskThread.java:57)
	at java.base/java.lang.Thread.run(Thread.java:1447)
2026-04-26 18:43:15 [SpringApplicationShutdownHook] INFO  o.s.boot.tomcat.GracefulShutdown - Commencing graceful shutdown. Waiting for active requests to complete
2026-04-26 18:43:15 [tomcat-shutdown] INFO  o.s.boot.tomcat.GracefulShutdown - Graceful shutdown complete
2026-04-26 18:43:19 [main] INFO  com.design_pattern.MainApplication - Starting MainApplication using Java 24 with PID 38076 (C:\work-space\leetcode_150_interview_questions\design_pattern\target\classes started by ankit in C:\work-space\leetcode_150_interview_questions\design_pattern)
2026-04-26 18:43:19 [main] INFO  com.design_pattern.MainApplication - No active profile set, falling back to 1 default profile: "default"
2026-04-26 18:43:19 [main] INFO  o.s.d.r.c.RepositoryConfigurationDelegate - Bootstrapping Spring Data MongoDB repositories in DEFAULT mode.
2026-04-26 18:43:19 [main] INFO  o.s.d.r.c.RepositoryConfigurationDelegate - Finished Spring Data repository scanning in 57 ms. Found 2 MongoDB repository interfaces.
2026-04-26 18:43:20 [main] INFO  o.s.boot.tomcat.TomcatWebServer - Tomcat initialized with port 9090 (http)
2026-04-26 18:43:20 [main] INFO  o.a.catalina.core.StandardService - Starting service [Tomcat]
2026-04-26 18:43:20 [main] INFO  o.a.catalina.core.StandardEngine - Starting Servlet engine: [Apache Tomcat/11.0.20]
2026-04-26 18:43:20 [main] INFO  o.s.b.w.c.s.WebApplicationContextInitializer - Root WebApplicationContext: initialization completed in 1110 ms
2026-04-26 18:43:20 [main] INFO  org.mongodb.driver.client - MongoClient with metadata {"driver": {"name": "mongo-java-driver|sync", "version": "5.6.4"}, "os": {"type": "Windows", "name": "Windows 11", "architecture": "amd64", "version": "10.0"}, "platform": "Java/Oracle Corporation/24+36-3646"} created with settings MongoClientSettings{readPreference=primary, writeConcern=WriteConcern{w=null, wTimeout=null ms, journal=null}, retryWrites=true, retryReads=true, readConcern=ReadConcern{level=null}, credential=null, transportSettings=null, commandListeners=[], codecRegistry=ProvidersCodecRegistry{codecProviders=[ValueCodecProvider{}, BsonValueCodecProvider{}, DBRefCodecProvider{}, DBObjectCodecProvider{}, DocumentCodecProvider{}, CollectionCodecProvider{}, IterableCodecProvider{}, MapCodecProvider{}, GeoJsonCodecProvider{}, GridFSFileCodecProvider{}, Jsr310CodecProvider{}, JsonObjectCodecProvider{}, BsonCodecProvider{}, com.mongodb.client.model.mql.ExpressionCodecProvider@25a1a012, com.mongodb.Jep395RecordCodecProvider@ce12fbb, com.mongodb.KotlinCodecProvider@4525e9e8, EnumCodecProvider{}]}, loggerSettings=LoggerSettings{maxDocumentLength=1000}, clusterSettings={hosts=[localhost:27017], srvServiceName=mongodb, mode=SINGLE, requiredClusterType=UNKNOWN, requiredReplicaSetName='null', serverSelector='null', clusterListeners='[]', serverSelectionTimeout='30000 ms', localThreshold='15 ms'}, socketSettings=SocketSettings{connectTimeoutMS=10000, readTimeoutMS=0, receiveBufferSize=0, proxySettings=ProxySettings{host=null, port=null, username=null, password=null}}, heartbeatSocketSettings=SocketSettings{connectTimeoutMS=10000, readTimeoutMS=10000, receiveBufferSize=0, proxySettings=ProxySettings{host=null, port=null, username=null, password=null}}, connectionPoolSettings=ConnectionPoolSettings{maxSize=100, minSize=0, maxWaitTimeMS=120000, maxConnectionLifeTimeMS=0, maxConnectionIdleTimeMS=0, maintenanceInitialDelayMS=0, maintenanceFrequencyMS=60000, connectionPoolListeners=[], maxConnecting=2}, serverSettings=ServerSettings{heartbeatFrequencyMS=10000, minHeartbeatFrequencyMS=500, serverMonitoringMode=AUTO, serverListeners='[]', serverMonitorListeners='[]'}, sslSettings=SslSettings{enabled=false, invalidHostNameAllowed=false, context=null}, applicationName='null', compressorList=[], uuidRepresentation=UNSPECIFIED, serverApi=null, autoEncryptionSettings=null, dnsClient=null, inetAddressResolver=null, contextProvider=null, timeoutMS=null}
2026-04-26 18:43:20 [cluster-ClusterId{value='69ee0f702b3d21ef5c95e3da', description='null'}-localhost:27017] INFO  org.mongodb.driver.cluster - Monitor thread successfully connected to server with description ServerDescription{address=localhost:27017, type=STANDALONE, cryptd=false, state=CONNECTED, ok=true, minWireVersion=0, maxWireVersion=27, maxDocumentSize=16777216, logicalSessionTimeoutMinutes=30, roundTripTimeNanos=18023000, minRoundTripTimeNanos=0}
2026-04-26 18:43:21 [main] INFO  o.s.boot.tomcat.TomcatWebServer - Tomcat started on port 9090 (http) with context path '/'
2026-04-26 18:43:21 [main] INFO  com.design_pattern.MainApplication - Started MainApplication in 2.423 seconds (process running for 2.84)
2026-04-26 18:43:31 [http-nio-9090-exec-3] INFO  o.a.c.c.C.[Tomcat].[localhost].[/] - Initializing Spring DispatcherServlet 'dispatcherServlet'
2026-04-26 18:43:31 [http-nio-9090-exec-3] INFO  o.s.web.servlet.DispatcherServlet - Initializing Servlet 'dispatcherServlet'
2026-04-26 18:43:31 [http-nio-9090-exec-3] INFO  o.s.web.servlet.DispatcherServlet - Completed initialization in 0 ms
2026-04-26 18:43:31 [http-nio-9090-exec-3] INFO   - Fetch all resources method start 
2026-04-26 18:43:31 [http-nio-9090-exec-3] INFO   - Fetch all resource method end here 
2026-04-26 18:43:31 [http-nio-9090-exec-1] INFO   - Fetch all resources method start 
2026-04-26 18:43:31 [http-nio-9090-exec-1] INFO   - Fetch all resource method end here 
2026-04-26 18:44:45 [SpringApplicationShutdownHook] INFO  o.s.boot.tomcat.GracefulShutdown - Commencing graceful shutdown. Waiting for active requests to complete
2026-04-26 18:44:45 [tomcat-shutdown] INFO  o.s.boot.tomcat.GracefulShutdown - Graceful shutdown complete
2026-04-26 18:44:49 [main] INFO  com.design_pattern.MainApplication - Starting MainApplication using Java 24 with PID 4924 (C:\work-space\leetcode_150_interview_questions\design_pattern\target\classes started by ankit in C:\work-space\leetcode_150_interview_questions\design_pattern)
2026-04-26 18:44:49 [main] INFO  com.design_pattern.MainApplication - No active profile set, falling back to 1 default profile: "default"
2026-04-26 18:44:49 [main] INFO  o.s.d.r.c.RepositoryConfigurationDelegate - Bootstrapping Spring Data MongoDB repositories in DEFAULT mode.
2026-04-26 18:44:49 [main] INFO  o.s.d.r.c.RepositoryConfigurationDelegate - Finished Spring Data repository scanning in 55 ms. Found 2 MongoDB repository interfaces.
2026-04-26 18:44:50 [main] INFO  o.s.boot.tomcat.TomcatWebServer - Tomcat initialized with port 9090 (http)
2026-04-26 18:44:50 [main] INFO  o.a.catalina.core.StandardService - Starting service [Tomcat]
2026-04-26 18:44:50 [main] INFO  o.a.catalina.core.StandardEngine - Starting Servlet engine: [Apache Tomcat/11.0.20]
2026-04-26 18:44:50 [main] INFO  o.s.b.w.c.s.WebApplicationContextInitializer - Root WebApplicationContext: initialization completed in 1109 ms
2026-04-26 18:44:50 [main] INFO  org.mongodb.driver.client - MongoClient with metadata {"driver": {"name": "mongo-java-driver|sync", "version": "5.6.4"}, "os": {"type": "Windows", "name": "Windows 11", "architecture": "amd64", "version": "10.0"}, "platform": "Java/Oracle Corporation/24+36-3646"} created with settings MongoClientSettings{readPreference=primary, writeConcern=WriteConcern{w=null, wTimeout=null ms, journal=null}, retryWrites=true, retryReads=true, readConcern=ReadConcern{level=null}, credential=null, transportSettings=null, commandListeners=[], codecRegistry=ProvidersCodecRegistry{codecProviders=[ValueCodecProvider{}, BsonValueCodecProvider{}, DBRefCodecProvider{}, DBObjectCodecProvider{}, DocumentCodecProvider{}, CollectionCodecProvider{}, IterableCodecProvider{}, MapCodecProvider{}, GeoJsonCodecProvider{}, GridFSFileCodecProvider{}, Jsr310CodecProvider{}, JsonObjectCodecProvider{}, BsonCodecProvider{}, com.mongodb.client.model.mql.ExpressionCodecProvider@7f3fc42f, com.mongodb.Jep395RecordCodecProvider@25a1a012, com.mongodb.KotlinCodecProvider@ce12fbb, EnumCodecProvider{}]}, loggerSettings=LoggerSettings{maxDocumentLength=1000}, clusterSettings={hosts=[localhost:27017], srvServiceName=mongodb, mode=SINGLE, requiredClusterType=UNKNOWN, requiredReplicaSetName='null', serverSelector='null', clusterListeners='[]', serverSelectionTimeout='30000 ms', localThreshold='15 ms'}, socketSettings=SocketSettings{connectTimeoutMS=10000, readTimeoutMS=0, receiveBufferSize=0, proxySettings=ProxySettings{host=null, port=null, username=null, password=null}}, heartbeatSocketSettings=SocketSettings{connectTimeoutMS=10000, readTimeoutMS=10000, receiveBufferSize=0, proxySettings=ProxySettings{host=null, port=null, username=null, password=null}}, connectionPoolSettings=ConnectionPoolSettings{maxSize=100, minSize=0, maxWaitTimeMS=120000, maxConnectionLifeTimeMS=0, maxConnectionIdleTimeMS=0, maintenanceInitialDelayMS=0, maintenanceFrequencyMS=60000, connectionPoolListeners=[], maxConnecting=2}, serverSettings=ServerSettings{heartbeatFrequencyMS=10000, minHeartbeatFrequencyMS=500, serverMonitoringMode=AUTO, serverListeners='[]', serverMonitorListeners='[]'}, sslSettings=SslSettings{enabled=false, invalidHostNameAllowed=false, context=null}, applicationName='null', compressorList=[], uuidRepresentation=UNSPECIFIED, serverApi=null, autoEncryptionSettings=null, dnsClient=null, inetAddressResolver=null, contextProvider=null, timeoutMS=null}
2026-04-26 18:44:50 [cluster-ClusterId{value='69ee0fca272b386d03fe74c4', description='null'}-localhost:27017] INFO  org.mongodb.driver.cluster - Monitor thread successfully connected to server with description ServerDescription{address=localhost:27017, type=STANDALONE, cryptd=false, state=CONNECTED, ok=true, minWireVersion=0, maxWireVersion=27, maxDocumentSize=16777216, logicalSessionTimeoutMinutes=30, roundTripTimeNanos=20171100, minRoundTripTimeNanos=0}
2026-04-26 18:44:51 [main] INFO  o.s.boot.tomcat.TomcatWebServer - Tomcat started on port 9090 (http) with context path '/'
2026-04-26 18:44:51 [main] INFO  com.design_pattern.MainApplication - Started MainApplication in 2.561 seconds (process running for 2.976)
2026-04-26 18:45:00 [http-nio-9090-exec-1] INFO  o.a.c.c.C.[Tomcat].[localhost].[/] - Initializing Spring DispatcherServlet 'dispatcherServlet'
2026-04-26 18:45:00 [http-nio-9090-exec-1] INFO  o.s.web.servlet.DispatcherServlet - Initializing Servlet 'dispatcherServlet'
2026-04-26 18:45:00 [http-nio-9090-exec-1] INFO  o.s.web.servlet.DispatcherServlet - Completed initialization in 9 ms
2026-04-26 18:49:13 [http-nio-9090-exec-5] INFO   - Fetch all resources method start 
2026-04-26 18:49:13 [http-nio-9090-exec-5] INFO   - Fetch all resource method end here 
2026-04-26 18:49:13 [http-nio-9090-exec-6] INFO   - Fetch all resources method start 
2026-04-26 18:49:13 [http-nio-9090-exec-6] INFO   - Fetch all resource method end here 
2026-04-26 18:49:37 [http-nio-9090-exec-8] INFO   - Fetch all resources method start 
2026-04-26 18:49:37 [http-nio-9090-exec-8] INFO   - Fetch all resource method end here 
2026-04-26 18:49:37 [http-nio-9090-exec-10] INFO   - Fetch all resources method start 
2026-04-26 18:49:37 [http-nio-9090-exec-10] INFO   - Fetch all resource method end here 
2026-04-26 18:49:44 [http-nio-9090-exec-3] INFO   - Fetch all resources method start 
2026-04-26 18:49:44 [http-nio-9090-exec-3] INFO   - Fetch all resource method end here 
2026-04-26 18:49:44 [http-nio-9090-exec-4] INFO   - Fetch all resources method start 
2026-04-26 18:49:44 [http-nio-9090-exec-4] INFO   - Fetch all resource method end here 
2026-04-26 18:51:50 [http-nio-9090-exec-2] INFO   - Fetch all resources method start 
2026-04-26 18:51:50 [http-nio-9090-exec-2] INFO   - Fetch all resource method end here 
2026-04-26 18:51:50 [http-nio-9090-exec-9] INFO   - Fetch all resources method start 
2026-04-26 18:51:50 [http-nio-9090-exec-9] INFO   - Fetch all resource method end here 
2026-04-26 18:58:07 [http-nio-9090-exec-1] INFO   - Fetch all resources method start 
2026-04-26 18:58:07 [http-nio-9090-exec-1] INFO   - Fetch all resource method end here 
2026-04-26 18:58:07 [http-nio-9090-exec-7] INFO   - Fetch all resources method start 
2026-04-26 18:58:07 [http-nio-9090-exec-7] INFO   - Fetch all resource method end here 
2026-04-26 18:58:16 [http-nio-9090-exec-3] INFO   - Fetch all resources method start 
2026-04-26 18:58:16 [http-nio-9090-exec-3] INFO   - Fetch all resource method end here 
2026-04-26 18:58:16 [http-nio-9090-exec-4] INFO   - Fetch all resources method start 
2026-04-26 18:58:16 [http-nio-9090-exec-4] INFO   - Fetch all resource method end here 
2026-04-26 18:59:18 [http-nio-9090-exec-2] INFO   - Fetch all resources method start 
2026-04-26 18:59:18 [http-nio-9090-exec-2] INFO   - Fetch all resource method end here 
2026-04-26 18:59:18 [http-nio-9090-exec-9] INFO   - Fetch all resources method start 
2026-04-26 18:59:18 [http-nio-9090-exec-9] INFO   - Fetch all resource method end here 
2026-04-26 18:59:26 [http-nio-9090-exec-8] INFO   - Fetch all resources method start 
2026-04-26 18:59:26 [http-nio-9090-exec-8] INFO   - Fetch all resource method end here 
2026-04-26 18:59:26 [http-nio-9090-exec-10] INFO   - Fetch all resources method start 
2026-04-26 18:59:26 [http-nio-9090-exec-10] INFO   - Fetch all resource method end here 
2026-04-26 18:59:36 [http-nio-9090-exec-1] INFO   - Fetch all resources method start 
2026-04-26 18:59:36 [http-nio-9090-exec-1] INFO   - Fetch all resource method end here 
2026-04-26 18:59:36 [http-nio-9090-exec-7] INFO   - Fetch all resources method start 
2026-04-26 18:59:36 [http-nio-9090-exec-7] INFO   - Fetch all resource method end here 
2026-04-26 18:59:55 [http-nio-9090-exec-5] INFO   - Fetch all resources method start 
2026-04-26 18:59:55 [http-nio-9090-exec-5] INFO   - Fetch all resource method end here 
2026-04-26 18:59:55 [http-nio-9090-exec-6] INFO   - Fetch all resources method start 
2026-04-26 18:59:55 [http-nio-9090-exec-6] INFO   - Fetch all resource method end here 
2026-04-26 19:00:50 [http-nio-9090-exec-2] INFO   - Fetch all resources method start 
2026-04-26 19:00:50 [http-nio-9090-exec-2] INFO   - Fetch all resource method end here 
2026-04-26 19:00:50 [http-nio-9090-exec-9] INFO   - Fetch all resources method start 
2026-04-26 19:00:50 [http-nio-9090-exec-9] INFO   - Fetch all resource method end here 
2026-04-26 19:01:10 [http-nio-9090-exec-8] INFO   - Fetch all resources method start 
2026-04-26 19:01:10 [http-nio-9090-exec-10] INFO   - Fetch all resources method start 
2026-04-26 19:01:11 [http-nio-9090-exec-8] INFO   - Fetch all resource method end here 
2026-04-26 19:01:11 [http-nio-9090-exec-10] INFO   - Fetch all resource method end here 
2026-04-26 19:01:32 [http-nio-9090-exec-1] INFO   - Fetch all resources method start 
2026-04-26 19:01:32 [http-nio-9090-exec-1] INFO   - Fetch all resource method end here 
2026-04-26 19:01:32 [http-nio-9090-exec-7] INFO   - Fetch all resources method start 
2026-04-26 19:01:32 [http-nio-9090-exec-7] INFO   - Fetch all resource method end here 
2026-04-26 19:01:51 [http-nio-9090-exec-3] INFO   - Fetch all resources method start 
2026-04-26 19:01:51 [http-nio-9090-exec-3] INFO   - Fetch all resource method end here 
2026-04-26 19:01:51 [http-nio-9090-exec-4] INFO   - Fetch all resources method start 
2026-04-26 19:01:51 [http-nio-9090-exec-4] INFO   - Fetch all resource method end here 
2026-04-26 19:02:03 [http-nio-9090-exec-5] INFO   - Fetch all resources method start 
2026-04-26 19:02:03 [http-nio-9090-exec-5] INFO   - Fetch all resource method end here 
2026-04-26 19:02:03 [http-nio-9090-exec-6] INFO   - Fetch all resources method start 
2026-04-26 19:02:03 [http-nio-9090-exec-6] INFO   - Fetch all resource method end here 
2026-04-26 19:02:16 [http-nio-9090-exec-2] INFO   - Fetch all resources method start 
2026-04-26 19:02:16 [http-nio-9090-exec-2] INFO   - Fetch all resource method end here 
2026-04-26 19:02:16 [http-nio-9090-exec-9] INFO   - Fetch all resources method start 
2026-04-26 19:02:16 [http-nio-9090-exec-9] INFO   - Fetch all resource method end here 
2026-04-26 19:02:48 [http-nio-9090-exec-5] INFO   - Fetch all resources method start 
2026-04-26 19:02:48 [http-nio-9090-exec-5] INFO   - Fetch all resource method end here 
2026-04-26 19:02:48 [http-nio-9090-exec-6] INFO   - Fetch all resources method start 
2026-04-26 19:02:48 [http-nio-9090-exec-6] INFO   - Fetch all resource method end here 
